ISO-10303-21;
HEADER;
FILE_DESCRIPTION(('Open CASCADE Model'),'2;1');
FILE_NAME('Open CASCADE Shape Model','2026-09-15T23:57:52',('Author'),(
    'Open CASCADE'),'Open CASCADE STEP processor 7.9','Open CASCADE 7.9'
  ,'Unknown');
FILE_SCHEMA(('AUTOMOTIVE_DESIGN { 1 0 10303 214 1 1 1 1 }'));
ENDSEC;
DATA;
#1 = APPLICATION_PROTOCOL_DEFINITION('international standard',
  'automotive_design',2000,#2);
#2 = APPLICATION_CONTEXT(
  'core data for automotive mechanical design processes');
#3 = SHAPE_DEFINITION_REPRESENTATION(#4,#10);
#4 = PRODUCT_DEFINITION_SHAPE('','',#5);
#5 = PRODUCT_DEFINITION('design','',#6,#9);
#6 = PRODUCT_DEFINITION_FORMATION('','',#7);
#7 = PRODUCT('Open CASCADE STEP translator 7.9 1',
  'Open CASCADE STEP translator 7.9 1','',(#8));
#8 = PRODUCT_CONTEXT('',#2,'mechanical');
#9 = PRODUCT_DEFINITION_CONTEXT('part definition',#2,'design');
#10 = ADVANCED_BREP_SHAPE_REPRESENTATION('',(#11,#15),#5939);
#11 = AXIS2_PLACEMENT_3D('',#12,#13,#14);
#12 = CARTESIAN_POINT('',(0.,0.,0.));
#13 = DIRECTION('',(0.,0.,1.));
#14 = DIRECTION('',(1.,0.,-0.));
#15 = MANIFOLD_SOLID_BREP('',#16);
#16 = CLOSED_SHELL('',(#17,#105,#140,#234,#289,#1629,#1633,#3360,#3579,
    #3743,#4089,#4459,#4832,#5745,#5749,#5755,#5790,#5845,#5880,#5935));
#17 = ADVANCED_FACE('',(#18),#31,.T.);
#18 = FACE_BOUND('',#19,.F.);
#19 = EDGE_LOOP('',(#20,#54,#77,#104));
#20 = ORIENTED_EDGE('',*,*,#21,.F.);
#21 = EDGE_CURVE('',#22,#22,#24,.T.);
#22 = VERTEX_POINT('',#23);
#23 = CARTESIAN_POINT('',(0.975,0.,0.));
#24 = SURFACE_CURVE('',#25,(#30,#42),.PCURVE_S1.);
#25 = CIRCLE('',#26,0.975);
#26 = AXIS2_PLACEMENT_3D('',#27,#28,#29);
#27 = CARTESIAN_POINT('',(0.,0.,0.));
#28 = DIRECTION('',(0.,0.,1.));
#29 = DIRECTION('',(1.,0.,0.));
#30 = PCURVE('',#31,#36);
#31 = CYLINDRICAL_SURFACE('',#32,0.975);
#32 = AXIS2_PLACEMENT_3D('',#33,#34,#35);
#33 = CARTESIAN_POINT('',(0.,0.,0.));
#34 = DIRECTION('',(-0.,-0.,-1.));
#35 = DIRECTION('',(1.,0.,0.));
#36 = DEFINITIONAL_REPRESENTATION('',(#37),#41);
#37 = LINE('',#38,#39);
#38 = CARTESIAN_POINT('',(-0.,0.));
#39 = VECTOR('',#40,1.);
#40 = DIRECTION('',(-1.,0.));
#41 = ( GEOMETRIC_REPRESENTATION_CONTEXT(2) 
PARAMETRIC_REPRESENTATION_CONTEXT() REPRESENTATION_CONTEXT('2D SPACE',''
  ) );
#42 = PCURVE('',#43,#48);
#43 = PLANE('',#44);
#44 = AXIS2_PLACEMENT_3D('',#45,#46,#47);
#45 = CARTESIAN_POINT('',(-6.57423140644E-17,4.785539778024E-17,0.));
#46 = DIRECTION('',(0.,0.,1.));
#47 = DIRECTION('',(1.,0.,-0.));
#48 = DEFINITIONAL_REPRESENTATION('',(#49),#53);
#49 = CIRCLE('',#50,0.975);
#50 = AXIS2_PLACEMENT_2D('',#51,#52);
#51 = CARTESIAN_POINT('',(6.57423140644E-17,-4.785539778024E-17));
#52 = DIRECTION('',(1.,0.));
#53 = ( GEOMETRIC_REPRESENTATION_CONTEXT(2) 
PARAMETRIC_REPRESENTATION_CONTEXT() REPRESENTATION_CONTEXT('2D SPACE',''
  ) );
#54 = ORIENTED_EDGE('',*,*,#55,.T.);
#55 = EDGE_CURVE('',#22,#56,#58,.T.);
#56 = VERTEX_POINT('',#57);
#57 = CARTESIAN_POINT('',(0.975,0.,0.55));
#58 = SEAM_CURVE('',#59,(#63,#70),.PCURVE_S1.);
#59 = LINE('',#60,#61);
#60 = CARTESIAN_POINT('',(0.975,0.,0.));
#61 = VECTOR('',#62,1.);
#62 = DIRECTION('',(0.,0.,1.));
#63 = PCURVE('',#31,#64);
#64 = DEFINITIONAL_REPRESENTATION('',(#65),#69);
#65 = LINE('',#66,#67);
#66 = CARTESIAN_POINT('',(-6.28318530718,0.));
#67 = VECTOR('',#68,1.);
#68 = DIRECTION('',(-0.,-1.));
#69 = ( GEOMETRIC_REPRESENTATION_CONTEXT(2) 
PARAMETRIC_REPRESENTATION_CONTEXT() REPRESENTATION_CONTEXT('2D SPACE',''
  ) );
#70 = PCURVE('',#31,#71);
#71 = DEFINITIONAL_REPRESENTATION('',(#72),#76);
#72 = LINE('',#73,#74);
#73 = CARTESIAN_POINT('',(-0.,0.));
#74 = VECTOR('',#75,1.);
#75 = DIRECTION('',(-0.,-1.));
#76 = ( GEOMETRIC_REPRESENTATION_CONTEXT(2) 
PARAMETRIC_REPRESENTATION_CONTEXT() REPRESENTATION_CONTEXT('2D SPACE',''
  ) );
#77 = ORIENTED_EDGE('',*,*,#78,.F.);
#78 = EDGE_CURVE('',#56,#56,#79,.T.);
#79 = SURFACE_CURVE('',#80,(#85,#92),.PCURVE_S1.);
#80 = CIRCLE('',#81,0.975);
#81 = AXIS2_PLACEMENT_3D('',#82,#83,#84);
#82 = CARTESIAN_POINT('',(0.,0.,0.55));
#83 = DIRECTION('',(0.,0.,-1.));
#84 = DIRECTION('',(1.,0.,0.));
#85 = PCURVE('',#31,#86);
#86 = DEFINITIONAL_REPRESENTATION('',(#87),#91);
#87 = LINE('',#88,#89);
#88 = CARTESIAN_POINT('',(-6.28318530718,-0.55));
#89 = VECTOR('',#90,1.);
#90 = DIRECTION('',(1.,-0.));
#91 = ( GEOMETRIC_REPRESENTATION_CONTEXT(2) 
PARAMETRIC_REPRESENTATION_CONTEXT() REPRESENTATION_CONTEXT('2D SPACE',''
  ) );
#92 = PCURVE('',#93,#98);
#93 = PLANE('',#94);
#94 = AXIS2_PLACEMENT_3D('',#95,#96,#97);
#95 = CARTESIAN_POINT('',(1.55,-6.979794086085E-16,0.55));
#96 = DIRECTION('',(-0.,0.,-1.));
#97 = DIRECTION('',(-0.99523994753,-9.745484513528E-02,0.));
#98 = DEFINITIONAL_REPRESENTATION('',(#99),#103);
#99 = CIRCLE('',#100,0.975);
#100 = AXIS2_PLACEMENT_2D('',#101,#102);
#101 = CARTESIAN_POINT('',(1.542621918672,0.15105500996));
#102 = DIRECTION('',(-0.99523994753,-9.745484513528E-02));
#103 = ( GEOMETRIC_REPRESENTATION_CONTEXT(2) 
PARAMETRIC_REPRESENTATION_CONTEXT() REPRESENTATION_CONTEXT('2D SPACE',''
  ) );
#104 = ORIENTED_EDGE('',*,*,#55,.F.);
#105 = ADVANCED_FACE('',(#106,#109),#43,.F.);
#106 = FACE_BOUND('',#107,.F.);
#107 = EDGE_LOOP('',(#108));
#108 = ORIENTED_EDGE('',*,*,#21,.T.);
#109 = FACE_BOUND('',#110,.F.);
#110 = EDGE_LOOP('',(#111));
#111 = ORIENTED_EDGE('',*,*,#112,.F.);
#112 = EDGE_CURVE('',#113,#113,#115,.T.);
#113 = VERTEX_POINT('',#114);
#114 = CARTESIAN_POINT('',(0.875,2.846725704167E-17,0.));
#115 = SURFACE_CURVE('',#116,(#121,#128),.PCURVE_S1.);
#116 = CIRCLE('',#117,0.875);
#117 = AXIS2_PLACEMENT_3D('',#118,#119,#120);
#118 = CARTESIAN_POINT('',(4.640162897792E-15,2.846725704167E-17,0.));
#119 = DIRECTION('',(0.,0.,1.));
#120 = DIRECTION('',(1.,0.,0.));
#121 = PCURVE('',#43,#122);
#122 = DEFINITIONAL_REPRESENTATION('',(#123),#127);
#123 = CIRCLE('',#124,0.875);
#124 = AXIS2_PLACEMENT_2D('',#125,#126);
#125 = CARTESIAN_POINT('',(4.705905211857E-15,-1.938814073857E-17));
#126 = DIRECTION('',(1.,0.));
#127 = ( GEOMETRIC_REPRESENTATION_CONTEXT(2) 
PARAMETRIC_REPRESENTATION_CONTEXT() REPRESENTATION_CONTEXT('2D SPACE',''
  ) );
#128 = PCURVE('',#129,#134);
#129 = CYLINDRICAL_SURFACE('',#130,0.875);
#130 = AXIS2_PLACEMENT_3D('',#131,#132,#133);
#131 = CARTESIAN_POINT('',(4.640162897792E-15,2.846725704167E-17,0.));
#132 = DIRECTION('',(-0.,-0.,-1.));
#133 = DIRECTION('',(1.,0.,0.));
#134 = DEFINITIONAL_REPRESENTATION('',(#135),#139);
#135 = LINE('',#136,#137);
#136 = CARTESIAN_POINT('',(-0.,0.));
#137 = VECTOR('',#138,1.);
#138 = DIRECTION('',(-1.,0.));
#139 = ( GEOMETRIC_REPRESENTATION_CONTEXT(2) 
PARAMETRIC_REPRESENTATION_CONTEXT() REPRESENTATION_CONTEXT('2D SPACE',''
  ) );
#140 = ADVANCED_FACE('',(#141,#231),#93,.T.);
#141 = FACE_BOUND('',#142,.T.);
#142 = EDGE_LOOP('',(#143));
#143 = ORIENTED_EDGE('',*,*,#144,.F.);
#144 = EDGE_CURVE('',#145,#145,#147,.T.);
#145 = VERTEX_POINT('',#146);
#146 = CARTESIAN_POINT('',(1.55,0.,0.55));
#147 = SURFACE_CURVE('',#148,(#163,#181),.PCURVE_S1.);
#148 = B_SPLINE_CURVE_WITH_KNOTS('',13,(#149,#150,#151,#152,#153,#154,
    #155,#156,#157,#158,#159,#160,#161,#162),.UNSPECIFIED.,.T.,.F.,(14,
    14),(0.,1.),.PIECEWISE_BEZIER_KNOTS.);
#149 = CARTESIAN_POINT('',(1.55,-6.979794086085E-16,0.55));
#150 = CARTESIAN_POINT('',(1.55,0.604152433383,0.55));
#151 = CARTESIAN_POINT('',(1.157744339342,1.208305108358,0.55));
#152 = CARTESIAN_POINT('',(0.373256370855,1.63176574908,0.55));
#153 = CARTESIAN_POINT('',(-0.662812828974,1.693864493077,0.55));
#154 = CARTESIAN_POINT('',(-1.668452925985,1.293085844676,0.55));
#155 = CARTESIAN_POINT('',(-2.29973496841,0.486809590539,0.55));
#156 = CARTESIAN_POINT('',(-2.299734968407,-0.48680959054,0.55));
#157 = CARTESIAN_POINT('',(-1.668452925988,-1.293085844675,0.55));
#158 = CARTESIAN_POINT('',(-0.662812828973,-1.693864493078,0.55));
#159 = CARTESIAN_POINT('',(0.373256370854,-1.63176574908,0.55));
#160 = CARTESIAN_POINT('',(1.157744339343,-1.208305108358,0.55));
#161 = CARTESIAN_POINT('',(1.55,-0.604152433382,0.55));
#162 = CARTESIAN_POINT('',(1.55,2.226216014881E-16,0.55));
#163 = PCURVE('',#93,#164);
#164 = DEFINITIONAL_REPRESENTATION('',(#165),#180);
#165 = B_SPLINE_CURVE_WITH_KNOTS('',13,(#166,#167,#168,#169,#170,#171,
    #172,#173,#174,#175,#176,#177,#178,#179),.UNSPECIFIED.,.F.,.F.,(14,
    14),(0.,1.),.PIECEWISE_BEZIER_KNOTS.);
#166 = CARTESIAN_POINT('',(0.,0.));
#167 = CARTESIAN_POINT('',(-5.887758183351E-02,0.6012766361));
#168 = CARTESIAN_POINT('',(0.27263331592,1.240780727305));
#169 = CARTESIAN_POINT('',(1.012118789353,1.738677826638));
#170 = CARTESIAN_POINT('',(2.037204421949,1.901450940774));
#171 = CARTESIAN_POINT('',(3.077115440446,1.600584519684));
#172 = CARTESIAN_POINT('',(3.783968074709,0.859667676504));
#173 = CARTESIAN_POINT('',(3.878851981218,-0.109317026188));
#174 = CARTESIAN_POINT('',(3.329150401928,-0.973276856729));
#175 = CARTESIAN_POINT('',(2.367355025654,-1.470152277653));
#176 = CARTESIAN_POINT('',(1.330165746101,-1.509319090353));
#177 = CARTESIAN_POINT('',(0.508143690342,-1.16432629798));
#178 = CARTESIAN_POINT('',(5.887758183334E-02,-0.6012766361));
#179 = CARTESIAN_POINT('',(-8.881784197001E-16,8.326672684689E-16));
#180 = ( GEOMETRIC_REPRESENTATION_CONTEXT(2) 
PARAMETRIC_REPRESENTATION_CONTEXT() REPRESENTATION_CONTEXT('2D SPACE',''
  ) );
#181 = PCURVE('',#182,#225);
#182 = B_SPLINE_SURFACE_WITH_KNOTS('',13,2,(
    (#183,#184,#185)
    ,(#186,#187,#188)
    ,(#189,#190,#191)
    ,(#192,#193,#194)
    ,(#195,#196,#197)
    ,(#198,#199,#200)
    ,(#201,#202,#203)
    ,(#204,#205,#206)
    ,(#207,#208,#209)
    ,(#210,#211,#212)
    ,(#213,#214,#215)
    ,(#216,#217,#218)
    ,(#219,#220,#221)
    ,(#222,#223,#224
    )),.UNSPECIFIED.,.T.,.F.,.F.,(14,14),(3,3),(0.,1.),(0.,1.),
  .PIECEWISE_BEZIER_KNOTS.);
#183 = CARTESIAN_POINT('',(1.55,-6.979794086085E-16,0.55));
#184 = CARTESIAN_POINT('',(2.25,3.187899935071E-15,2.1));
#185 = CARTESIAN_POINT('',(1.35,-1.157922361533E-15,3.05));
#186 = CARTESIAN_POINT('',(1.55,0.604152433383,0.55));
#187 = CARTESIAN_POINT('',(2.25,0.833730358068,2.1));
#188 = CARTESIAN_POINT('',(1.35,0.531654141377,3.05));
#189 = CARTESIAN_POINT('',(1.157744339342,1.208305108358,0.55));
#190 = CARTESIAN_POINT('',(1.680596621627,1.667461049534,2.1));
#191 = CARTESIAN_POINT('',(1.008357972976,1.063308495355,3.05));
#192 = CARTESIAN_POINT('',(0.373256370855,1.63176574908,0.55));
#193 = CARTESIAN_POINT('',(0.541823764143,2.251836733732,2.1));
#194 = CARTESIAN_POINT('',(0.325094258486,1.43595385919,3.05));
#195 = CARTESIAN_POINT('',(-0.662812828974,1.693864493077,0.55));
#196 = CARTESIAN_POINT('',(-0.962147654961,2.337533000445,2.1));
#197 = CARTESIAN_POINT('',(-0.577288592976,1.490600753909,3.05));
#198 = CARTESIAN_POINT('',(-1.668452925985,1.293085844676,0.55));
#199 = CARTESIAN_POINT('',(-2.421947795788,1.784458465655,2.1));
#200 = CARTESIAN_POINT('',(-1.453168677473,1.137915543313,3.05));
#201 = CARTESIAN_POINT('',(-2.29973496841,0.486809590539,0.55));
#202 = CARTESIAN_POINT('',(-3.33832495414,0.671797234941,2.1));
#203 = CARTESIAN_POINT('',(-2.002994972484,0.428392439677,3.05));
#204 = CARTESIAN_POINT('',(-2.299734968407,-0.48680959054,0.55));
#205 = CARTESIAN_POINT('',(-3.338324954142,-0.671797234941,2.1));
#206 = CARTESIAN_POINT('',(-2.002994972486,-0.428392439677,3.05));
#207 = CARTESIAN_POINT('',(-1.668452925988,-1.293085844675,0.55));
#208 = CARTESIAN_POINT('',(-2.421947795787,-1.784458465655,2.1));
#209 = CARTESIAN_POINT('',(-1.453168677471,-1.137915543313,3.05));
#210 = CARTESIAN_POINT('',(-0.662812828973,-1.693864493078,0.55));
#211 = CARTESIAN_POINT('',(-0.962147654962,-2.337533000445,2.1));
#212 = CARTESIAN_POINT('',(-0.577288592977,-1.49060075391,3.05));
#213 = CARTESIAN_POINT('',(0.373256370854,-1.63176574908,0.55));
#214 = CARTESIAN_POINT('',(0.541823764144,-2.251836733731,2.1));
#215 = CARTESIAN_POINT('',(0.325094258486,-1.43595385919,3.05));
#216 = CARTESIAN_POINT('',(1.157744339343,-1.208305108358,0.55));
#217 = CARTESIAN_POINT('',(1.680596621626,-1.667461049534,2.1));
#218 = CARTESIAN_POINT('',(1.008357972976,-1.063308495355,3.05));
#219 = CARTESIAN_POINT('',(1.55,-0.604152433382,0.55));
#220 = CARTESIAN_POINT('',(2.25,-0.833730358068,2.1));
#221 = CARTESIAN_POINT('',(1.35,-0.531654141377,3.05));
#222 = CARTESIAN_POINT('',(1.55,2.226216014881E-16,0.55));
#223 = CARTESIAN_POINT('',(2.25,-5.65802287138E-15,2.1));
#224 = CARTESIAN_POINT('',(1.35,4.160399682938E-16,3.05));
#225 = DEFINITIONAL_REPRESENTATION('',(#226),#230);
#226 = LINE('',#227,#228);
#227 = CARTESIAN_POINT('',(0.,0.));
#228 = VECTOR('',#229,1.);
#229 = DIRECTION('',(1.,0.));
#230 = ( GEOMETRIC_REPRESENTATION_CONTEXT(2) 
PARAMETRIC_REPRESENTATION_CONTEXT() REPRESENTATION_CONTEXT('2D SPACE',''
  ) );
#231 = FACE_BOUND('',#232,.T.);
#232 = EDGE_LOOP('',(#233));
#233 = ORIENTED_EDGE('',*,*,#78,.F.);
#234 = ADVANCED_FACE('',(#235),#129,.F.);
#235 = FACE_BOUND('',#236,.T.);
#236 = EDGE_LOOP('',(#237,#238,#261,#288));
#237 = ORIENTED_EDGE('',*,*,#112,.F.);
#238 = ORIENTED_EDGE('',*,*,#239,.T.);
#239 = EDGE_CURVE('',#113,#240,#242,.T.);
#240 = VERTEX_POINT('',#241);
#241 = CARTESIAN_POINT('',(0.875,2.846725704167E-17,0.55));
#242 = SEAM_CURVE('',#243,(#247,#254),.PCURVE_S1.);
#243 = LINE('',#244,#245);
#244 = CARTESIAN_POINT('',(0.875,2.846725704167E-17,0.));
#245 = VECTOR('',#246,1.);
#246 = DIRECTION('',(0.,0.,1.));
#247 = PCURVE('',#129,#248);
#248 = DEFINITIONAL_REPRESENTATION('',(#249),#253);
#249 = LINE('',#250,#251);
#250 = CARTESIAN_POINT('',(-6.28318530718,0.));
#251 = VECTOR('',#252,1.);
#252 = DIRECTION('',(-0.,-1.));
#253 = ( GEOMETRIC_REPRESENTATION_CONTEXT(2) 
PARAMETRIC_REPRESENTATION_CONTEXT() REPRESENTATION_CONTEXT('2D SPACE',''
  ) );
#254 = PCURVE('',#129,#255);
#255 = DEFINITIONAL_REPRESENTATION('',(#256),#260);
#256 = LINE('',#257,#258);
#257 = CARTESIAN_POINT('',(-0.,0.));
#258 = VECTOR('',#259,1.);
#259 = DIRECTION('',(-0.,-1.));
#260 = ( GEOMETRIC_REPRESENTATION_CONTEXT(2) 
PARAMETRIC_REPRESENTATION_CONTEXT() REPRESENTATION_CONTEXT('2D SPACE',''
  ) );
#261 = ORIENTED_EDGE('',*,*,#262,.F.);
#262 = EDGE_CURVE('',#240,#240,#263,.T.);
#263 = SURFACE_CURVE('',#264,(#269,#276),.PCURVE_S1.);
#264 = CIRCLE('',#265,0.875);
#265 = AXIS2_PLACEMENT_3D('',#266,#267,#268);
#266 = CARTESIAN_POINT('',(4.640162897792E-15,2.846725704167E-17,0.55));
#267 = DIRECTION('',(0.,0.,-1.));
#268 = DIRECTION('',(1.,0.,0.));
#269 = PCURVE('',#129,#270);
#270 = DEFINITIONAL_REPRESENTATION('',(#271),#275);
#271 = LINE('',#272,#273);
#272 = CARTESIAN_POINT('',(-6.28318530718,-0.55));
#273 = VECTOR('',#274,1.);
#274 = DIRECTION('',(1.,-0.));
#275 = ( GEOMETRIC_REPRESENTATION_CONTEXT(2) 
PARAMETRIC_REPRESENTATION_CONTEXT() REPRESENTATION_CONTEXT('2D SPACE',''
  ) );
#276 = PCURVE('',#277,#282);
#277 = PLANE('',#278);
#278 = AXIS2_PLACEMENT_3D('',#279,#280,#281);
#279 = CARTESIAN_POINT('',(1.55,-6.979794086085E-16,0.55));
#280 = DIRECTION('',(-0.,0.,-1.));
#281 = DIRECTION('',(-0.99523994753,-9.745484513528E-02,0.));
#282 = DEFINITIONAL_REPRESENTATION('',(#283),#287);
#283 = CIRCLE('',#284,0.875);
#284 = AXIS2_PLACEMENT_2D('',#285,#286);
#285 = CARTESIAN_POINT('',(1.542621918672,0.15105500996));
#286 = DIRECTION('',(-0.99523994753,-9.745484513528E-02));
#287 = ( GEOMETRIC_REPRESENTATION_CONTEXT(2) 
PARAMETRIC_REPRESENTATION_CONTEXT() REPRESENTATION_CONTEXT('2D SPACE',''
  ) );
#288 = ORIENTED_EDGE('',*,*,#239,.F.);
#289 = ADVANCED_FACE('',(#290,#502,#647,#974,#1301),#182,.T.);
#290 = FACE_BOUND('',#291,.T.);
#291 = EDGE_LOOP('',(#292,#293,#316,#366,#458,#501));
#292 = ORIENTED_EDGE('',*,*,#144,.T.);
#293 = ORIENTED_EDGE('',*,*,#294,.T.);
#294 = EDGE_CURVE('',#145,#295,#297,.T.);
#295 = VERTEX_POINT('',#296);
#296 = CARTESIAN_POINT('',(1.35,0.,3.05));
#297 = SEAM_CURVE('',#298,(#302,#309),.PCURVE_S1.);
#298 = B_SPLINE_CURVE_WITH_KNOTS('',2,(#299,#300,#301),.UNSPECIFIED.,.F.
  ,.F.,(3,3),(0.,1.),.PIECEWISE_BEZIER_KNOTS.);
#299 = CARTESIAN_POINT('',(1.55,-6.979794086085E-16,0.55));
#300 = CARTESIAN_POINT('',(2.25,3.187899935071E-15,2.1));
#301 = CARTESIAN_POINT('',(1.35,-1.157922361533E-15,3.05));
#302 = PCURVE('',#182,#303);
#303 = DEFINITIONAL_REPRESENTATION('',(#304),#308);
#304 = LINE('',#305,#306);
#305 = CARTESIAN_POINT('',(1.,0.));
#306 = VECTOR('',#307,1.);
#307 = DIRECTION('',(0.,1.));
#308 = ( GEOMETRIC_REPRESENTATION_CONTEXT(2) 
PARAMETRIC_REPRESENTATION_CONTEXT() REPRESENTATION_CONTEXT('2D SPACE',''
  ) );
#309 = PCURVE('',#182,#310);
#310 = DEFINITIONAL_REPRESENTATION('',(#311),#315);
#311 = LINE('',#312,#313);
#312 = CARTESIAN_POINT('',(0.,0.));
#313 = VECTOR('',#314,1.);
#314 = DIRECTION('',(0.,1.));
#315 = ( GEOMETRIC_REPRESENTATION_CONTEXT(2) 
PARAMETRIC_REPRESENTATION_CONTEXT() REPRESENTATION_CONTEXT('2D SPACE',''
  ) );
#316 = ORIENTED_EDGE('',*,*,#317,.F.);
#317 = EDGE_CURVE('',#318,#295,#320,.T.);
#318 = VERTEX_POINT('',#319);
#319 = CARTESIAN_POINT('',(-1.207130350517,-0.492498998105,3.05));
#320 = SURFACE_CURVE('',#321,(#336,#343),.PCURVE_S1.);
#321 = B_SPLINE_CURVE_WITH_KNOTS('',13,(#322,#323,#324,#325,#326,#327,
    #328,#329,#330,#331,#332,#333,#334,#335),.UNSPECIFIED.,.T.,.F.,(14,
    14),(0.,1.),.PIECEWISE_BEZIER_KNOTS.);
#322 = CARTESIAN_POINT('',(1.35,-1.157922361533E-15,3.05));
#323 = CARTESIAN_POINT('',(1.35,0.531654141377,3.05));
#324 = CARTESIAN_POINT('',(1.008357972976,1.063308495355,3.05));
#325 = CARTESIAN_POINT('',(0.325094258486,1.43595385919,3.05));
#326 = CARTESIAN_POINT('',(-0.577288592976,1.490600753909,3.05));
#327 = CARTESIAN_POINT('',(-1.453168677473,1.137915543313,3.05));
#328 = CARTESIAN_POINT('',(-2.002994972484,0.428392439677,3.05));
#329 = CARTESIAN_POINT('',(-2.002994972486,-0.428392439677,3.05));
#330 = CARTESIAN_POINT('',(-1.453168677471,-1.137915543313,3.05));
#331 = CARTESIAN_POINT('',(-0.577288592977,-1.49060075391,3.05));
#332 = CARTESIAN_POINT('',(0.325094258486,-1.43595385919,3.05));
#333 = CARTESIAN_POINT('',(1.008357972976,-1.063308495355,3.05));
#334 = CARTESIAN_POINT('',(1.35,-0.531654141377,3.05));
#335 = CARTESIAN_POINT('',(1.35,4.160399682938E-16,3.05));
#336 = PCURVE('',#182,#337);
#337 = DEFINITIONAL_REPRESENTATION('',(#338),#342);
#338 = LINE('',#339,#340);
#339 = CARTESIAN_POINT('',(0.,1.));
#340 = VECTOR('',#341,1.);
#341 = DIRECTION('',(1.,0.));
#342 = ( GEOMETRIC_REPRESENTATION_CONTEXT(2) 
PARAMETRIC_REPRESENTATION_CONTEXT() REPRESENTATION_CONTEXT('2D SPACE',''
  ) );
#343 = PCURVE('',#344,#349);
#344 = PLANE('',#345);
#345 = AXIS2_PLACEMENT_3D('',#346,#347,#348);
#346 = CARTESIAN_POINT('',(1.35,-1.157922361533E-15,3.05));
#347 = DIRECTION('',(-0.,0.,-1.));
#348 = DIRECTION('',(-0.995141430677,-9.845574106797E-02,0.));
#349 = DEFINITIONAL_REPRESENTATION('',(#350),#365);
#350 = B_SPLINE_CURVE_WITH_KNOTS('',13,(#351,#352,#353,#354,#355,#356,
    #357,#358,#359,#360,#361,#362,#363,#364),.UNSPECIFIED.,.F.,.F.,(14,
    14),(0.,1.),.PIECEWISE_BEZIER_KNOTS.);
#351 = CARTESIAN_POINT('',(0.,0.));
#352 = CARTESIAN_POINT('',(-5.234440248114E-02,0.529071062875));
#353 = CARTESIAN_POINT('',(0.235293309658,1.09177895627));
#354 = CARTESIAN_POINT('',(0.878548264574,1.529885032127));
#355 = CARTESIAN_POINT('',(1.77116652588,1.673111193487));
#356 = CARTESIAN_POINT('',(2.677514970041,1.408374951242));
#357 = CARTESIAN_POINT('',(3.294526518855,0.756432670124));
#358 = CARTESIAN_POINT('',(3.37888190909,-9.618946049804E-02));
#359 = CARTESIAN_POINT('',(2.901583606219,-0.856398852283));
#360 = CARTESIAN_POINT('',(2.064682929607,-1.293605940141));
#361 = CARTESIAN_POINT('',(1.161304067265,-1.328069323515));
#362 = CARTESIAN_POINT('',(0.444670961447,-1.024505718369));
#363 = CARTESIAN_POINT('',(5.2344402481E-02,-0.529071062875));
#364 = CARTESIAN_POINT('',(-1.33226762955E-15,1.471045507628E-15));
#365 = ( GEOMETRIC_REPRESENTATION_CONTEXT(2) 
PARAMETRIC_REPRESENTATION_CONTEXT() REPRESENTATION_CONTEXT('2D SPACE',''
  ) );
#366 = ORIENTED_EDGE('',*,*,#367,.T.);
#367 = EDGE_CURVE('',#318,#368,#370,.T.);
#368 = VERTEX_POINT('',#369);
#369 = CARTESIAN_POINT('',(-1.320659059523,-0.228089384561,3.05));
#370 = SURFACE_CURVE('',#371,(#389,#410),.PCURVE_S1.);
#371 = B_SPLINE_CURVE_WITH_KNOTS('',6,(#372,#373,#374,#375,#376,#377,
    #378,#379,#380,#381,#382,#383,#384,#385,#386,#387,#388),
  .UNSPECIFIED.,.F.,.F.,(7,5,5,7),(0.,0.240719772741,0.581547775732,1.),
  .UNSPECIFIED.);
#372 = CARTESIAN_POINT('',(-1.207130350517,-0.492498998105,3.05));
#373 = CARTESIAN_POINT('',(-1.221494315055,-0.485045846256,
    3.040483682217));
#374 = CARTESIAN_POINT('',(-1.235415000743,-0.476977161156,
    3.031451836866));
#375 = CARTESIAN_POINT('',(-1.248798860386,-0.468307900118,
    3.022991576888));
#376 = CARTESIAN_POINT('',(-1.261540883144,-0.459062806852,
    3.015204047061));
#377 = CARTESIAN_POINT('',(-1.273529811291,-0.449280276296,
    3.008196819139));
#378 = CARTESIAN_POINT('',(-1.300402862831,-0.424483722984,
    2.993410288137));
#379 = CARTESIAN_POINT('',(-1.314420326588,-0.408983353108,2.98652034712
    ));
#380 = CARTESIAN_POINT('',(-1.326381423235,-0.39268014466,2.981708265648
    ));
#381 = CARTESIAN_POINT('',(-1.335965975032,-0.37580955154,2.9792645433)
  );
#382 = CARTESIAN_POINT('',(-1.342937236649,-0.358689468437,
    2.979349219157));
#383 = CARTESIAN_POINT('',(-1.352499710991,-0.320734941767,
    2.985052992612));
#384 = CARTESIAN_POINT('',(-1.353738284318,-0.299919752638,
    2.991930022184));
#385 = CARTESIAN_POINT('',(-1.350796605218,-0.279832721453,
    3.002473129879));
#386 = CARTESIAN_POINT('',(-1.343968577703,-0.261000010404,
    3.016122500818));
#387 = CARTESIAN_POINT('',(-1.333757111388,-0.243700874789,
    3.032167849989));
#388 = CARTESIAN_POINT('',(-1.320659059523,-0.228089384561,3.05));
#389 = PCURVE('',#182,#390);
#390 = DEFINITIONAL_REPRESENTATION('',(#391),#409);
#391 = B_SPLINE_CURVE_WITH_KNOTS('',6,(#392,#393,#394,#395,#396,#397,
    #398,#399,#400,#401,#402,#403,#404,#405,#406,#407,#408),
  .UNSPECIFIED.,.F.,.F.,(7,5,5,7),(0.,0.240719772741,0.581547775732,1.),
  .UNSPECIFIED.);
#392 = CARTESIAN_POINT('',(0.573883064089,1.));
#393 = CARTESIAN_POINT('',(0.572223497077,0.994991415839));
#394 = CARTESIAN_POINT('',(0.570526993019,0.990256808103));
#395 = CARTESIAN_POINT('',(0.568797816857,0.985838196773));
#396 = CARTESIAN_POINT('',(0.567040991569,0.981784093035));
#397 = CARTESIAN_POINT('',(0.565262563172,0.978145974478));
#398 = CARTESIAN_POINT('',(0.560931652224,0.970484683331));
#399 = CARTESIAN_POINT('',(0.558364397133,0.966929819028));
#400 = CARTESIAN_POINT('',(0.555790120102,0.964455028353));
#401 = CARTESIAN_POINT('',(0.553235837313,0.963199253629));
#402 = CARTESIAN_POINT('',(0.550733557499,0.963241513076));
#403 = CARTESIAN_POINT('',(0.545345135354,0.966177755204));
#404 = CARTESIAN_POINT('',(0.542498137899,0.969720111757));
#405 = CARTESIAN_POINT('',(0.539834014638,0.975159609761));
#406 = CARTESIAN_POINT('',(0.537392397512,0.982236367893));
#407 = CARTESIAN_POINT('',(0.535191772449,0.990614684217));
#408 = CARTESIAN_POINT('',(0.533242594547,1.));
#409 = ( GEOMETRIC_REPRESENTATION_CONTEXT(2) 
PARAMETRIC_REPRESENTATION_CONTEXT() REPRESENTATION_CONTEXT('2D SPACE',''
  ) );
#410 = PCURVE('',#411,#438);
#411 = B_SPLINE_SURFACE_WITH_KNOTS('',12,1,(
    (#412,#413)
    ,(#414,#415)
    ,(#416,#417)
    ,(#418,#419)
    ,(#420,#421)
    ,(#422,#423)
    ,(#424,#425)
    ,(#426,#427)
    ,(#428,#429)
    ,(#430,#431)
    ,(#432,#433)
    ,(#434,#435)
    ,(#436,#437
    )),.UNSPECIFIED.,.T.,.F.,.F.,(13,13),(2,2),(0.,6.28318530718),(0.,1.
    ),.PIECEWISE_BEZIER_KNOTS.);
#412 = CARTESIAN_POINT('',(-0.45,-0.3,2.9));
#413 = CARTESIAN_POINT('',(-1.13,-0.45,4.25));
#414 = CARTESIAN_POINT('',(-0.45,-0.1691003061,2.9));
#415 = CARTESIAN_POINT('',(-1.13,-0.408112097952,4.25));
#416 = CARTESIAN_POINT('',(-0.58458625307,-3.820330899825E-02,
    2.899999999999));
#417 = CARTESIAN_POINT('',(-1.165889667485,-0.366225058879,4.25));
#418 = CARTESIAN_POINT('',(-0.853749945402,4.573941984613E-02,
    2.900000000002));
#419 = CARTESIAN_POINT('',(-1.237666652108,-0.33936338565,4.250000000001
    ));
#420 = CARTESIAN_POINT('',(-1.198509346809,3.560792958576E-02,
    2.899999999996));
#421 = CARTESIAN_POINT('',(-1.32960249248,-0.342605462532,4.249999999999
    ));
#422 = CARTESIAN_POINT('',(-1.500564691876,-8.934453332796E-02,
    2.900000000005));
#423 = CARTESIAN_POINT('',(-1.410150584503,-0.382590250666,
    4.250000000001));
#424 = CARTESIAN_POINT('',(-1.625179532787,-0.299999999999,
    2.899999999995));
#425 = CARTESIAN_POINT('',(-1.44338120874,-0.449999999999,4.25));
#426 = CARTESIAN_POINT('',(-1.500564691876,-0.510655466673,
    2.900000000004));
#427 = CARTESIAN_POINT('',(-1.410150584503,-0.517409749336,4.25));
#428 = CARTESIAN_POINT('',(-1.19850934681,-0.635607929585,2.899999999997
    ));
#429 = CARTESIAN_POINT('',(-1.329602492481,-0.557394537467,4.25));
#430 = CARTESIAN_POINT('',(-0.853749945402,-0.645739419847,
    2.900000000002));
#431 = CARTESIAN_POINT('',(-1.237666652108,-0.560636614351,4.25));
#432 = CARTESIAN_POINT('',(-0.58458625307,-0.561796691002,2.899999999999
    ));
#433 = CARTESIAN_POINT('',(-1.165889667485,-0.53377494112,4.25));
#434 = CARTESIAN_POINT('',(-0.45,-0.4308996939,2.9));
#435 = CARTESIAN_POINT('',(-1.13,-0.491887902048,4.25));
#436 = CARTESIAN_POINT('',(-0.45,-0.3,2.9));
#437 = CARTESIAN_POINT('',(-1.13,-0.45,4.25));
#438 = DEFINITIONAL_REPRESENTATION('',(#439),#457);
#439 = B_SPLINE_CURVE_WITH_KNOTS('',6,(#440,#441,#442,#443,#444,#445,
    #446,#447,#448,#449,#450,#451,#452,#453,#454,#455,#456),
  .UNSPECIFIED.,.F.,.F.,(7,5,5,7),(0.,0.240719772741,0.581547775732,1.),
  .UNSPECIFIED.);
#440 = CARTESIAN_POINT('',(4.00615747302,0.111111111082));
#441 = CARTESIAN_POINT('',(3.957435833349,0.10406198688));
#442 = CARTESIAN_POINT('',(3.908506252754,9.73717309773E-02));
#443 = CARTESIAN_POINT('',(3.859330673665,9.110487175421E-02));
#444 = CARTESIAN_POINT('',(3.809880429582,8.533633118856E-02));
#445 = CARTESIAN_POINT('',(3.760139066899,8.014579194068E-02));
#446 = CARTESIAN_POINT('',(3.639264113587,6.919280602716E-02));
#447 = CARTESIAN_POINT('',(3.567824938496,6.408914601449E-02));
#448 = CARTESIAN_POINT('',(3.495820121082,6.052464122068E-02));
#449 = CARTESIAN_POINT('',(3.42334619517,5.871447651826E-02));
#450 = CARTESIAN_POINT('',(3.350581567332,5.877719937592E-02));
#451 = CARTESIAN_POINT('',(3.18849103821,6.300221678123E-02));
#452 = CARTESIAN_POINT('',(3.099072189932,6.80963126012E-02));
#453 = CARTESIAN_POINT('',(3.010145840327,7.590602237337E-02));
#454 = CARTESIAN_POINT('',(2.921991517831,8.601666701434E-02));
#455 = CARTESIAN_POINT('',(2.834710021707,9.790211126551E-02));
#456 = CARTESIAN_POINT('',(2.748261611493,0.111111111055));
#457 = ( GEOMETRIC_REPRESENTATION_CONTEXT(2) 
PARAMETRIC_REPRESENTATION_CONTEXT() REPRESENTATION_CONTEXT('2D SPACE',''
  ) );
#458 = ORIENTED_EDGE('',*,*,#459,.F.);
#459 = EDGE_CURVE('',#295,#368,#460,.T.);
#460 = SURFACE_CURVE('',#461,(#476,#483),.PCURVE_S1.);
#461 = B_SPLINE_CURVE_WITH_KNOTS('',13,(#462,#463,#464,#465,#466,#467,
    #468,#469,#470,#471,#472,#473,#474,#475),.UNSPECIFIED.,.T.,.F.,(14,
    14),(0.,1.),.PIECEWISE_BEZIER_KNOTS.);
#462 = CARTESIAN_POINT('',(1.35,-1.157922361533E-15,3.05));
#463 = CARTESIAN_POINT('',(1.35,0.531654141377,3.05));
#464 = CARTESIAN_POINT('',(1.008357972976,1.063308495355,3.05));
#465 = CARTESIAN_POINT('',(0.325094258486,1.43595385919,3.05));
#466 = CARTESIAN_POINT('',(-0.577288592976,1.490600753909,3.05));
#467 = CARTESIAN_POINT('',(-1.453168677473,1.137915543313,3.05));
#468 = CARTESIAN_POINT('',(-2.002994972484,0.428392439677,3.05));
#469 = CARTESIAN_POINT('',(-2.002994972486,-0.428392439677,3.05));
#470 = CARTESIAN_POINT('',(-1.453168677471,-1.137915543313,3.05));
#471 = CARTESIAN_POINT('',(-0.577288592977,-1.49060075391,3.05));
#472 = CARTESIAN_POINT('',(0.325094258486,-1.43595385919,3.05));
#473 = CARTESIAN_POINT('',(1.008357972976,-1.063308495355,3.05));
#474 = CARTESIAN_POINT('',(1.35,-0.531654141377,3.05));
#475 = CARTESIAN_POINT('',(1.35,4.160399682938E-16,3.05));
#476 = PCURVE('',#182,#477);
#477 = DEFINITIONAL_REPRESENTATION('',(#478),#482);
#478 = LINE('',#479,#480);
#479 = CARTESIAN_POINT('',(0.,1.));
#480 = VECTOR('',#481,1.);
#481 = DIRECTION('',(1.,0.));
#482 = ( GEOMETRIC_REPRESENTATION_CONTEXT(2) 
PARAMETRIC_REPRESENTATION_CONTEXT() REPRESENTATION_CONTEXT('2D SPACE',''
  ) );
#483 = PCURVE('',#344,#484);
#484 = DEFINITIONAL_REPRESENTATION('',(#485),#500);
#485 = B_SPLINE_CURVE_WITH_KNOTS('',13,(#486,#487,#488,#489,#490,#491,
    #492,#493,#494,#495,#496,#497,#498,#499),.UNSPECIFIED.,.F.,.F.,(14,
    14),(0.,1.),.PIECEWISE_BEZIER_KNOTS.);
#486 = CARTESIAN_POINT('',(0.,0.));
#487 = CARTESIAN_POINT('',(-5.234440248114E-02,0.529071062875));
#488 = CARTESIAN_POINT('',(0.235293309658,1.09177895627));
#489 = CARTESIAN_POINT('',(0.878548264574,1.529885032127));
#490 = CARTESIAN_POINT('',(1.77116652588,1.673111193487));
#491 = CARTESIAN_POINT('',(2.677514970041,1.408374951242));
#492 = CARTESIAN_POINT('',(3.294526518855,0.756432670124));
#493 = CARTESIAN_POINT('',(3.37888190909,-9.618946049804E-02));
#494 = CARTESIAN_POINT('',(2.901583606219,-0.856398852283));
#495 = CARTESIAN_POINT('',(2.064682929607,-1.293605940141));
#496 = CARTESIAN_POINT('',(1.161304067265,-1.328069323515));
#497 = CARTESIAN_POINT('',(0.444670961447,-1.024505718369));
#498 = CARTESIAN_POINT('',(5.2344402481E-02,-0.529071062875));
#499 = CARTESIAN_POINT('',(-1.33226762955E-15,1.471045507628E-15));
#500 = ( GEOMETRIC_REPRESENTATION_CONTEXT(2) 
PARAMETRIC_REPRESENTATION_CONTEXT() REPRESENTATION_CONTEXT('2D SPACE',''
  ) );
#501 = ORIENTED_EDGE('',*,*,#294,.F.);
#502 = FACE_BOUND('',#503,.T.);
#503 = EDGE_LOOP('',(#504));
#504 = ORIENTED_EDGE('',*,*,#505,.T.);
#505 = EDGE_CURVE('',#506,#506,#508,.T.);
#506 = VERTEX_POINT('',#507);
#507 = CARTESIAN_POINT('',(1.796767549877,0.28,2.1));
#508 = SURFACE_CURVE('',#509,(#540,#591),.PCURVE_S1.);
#509 = B_SPLINE_CURVE_WITH_KNOTS('',7,(#510,#511,#512,#513,#514,#515,
    #516,#517,#518,#519,#520,#521,#522,#523,#524,#525,#526,#527,#528,
    #529,#530,#531,#532,#533,#534,#535,#536,#537,#538,#539),
  .UNSPECIFIED.,.T.,.F.,(8,6,6,4,6,8),(0.,0.133039617514,0.576391709592,
    1.,1.578649577803,1.950401360551),.UNSPECIFIED.);
#510 = CARTESIAN_POINT('',(1.796767549877,0.28,2.1));
#511 = CARTESIAN_POINT('',(1.797577249084,0.28,2.095103146872));
#512 = CARTESIAN_POINT('',(1.798459130345,0.279650310444,2.090206436222)
  );
#513 = CARTESIAN_POINT('',(1.799408178599,0.278950942527,2.085339819556)
  );
#514 = CARTESIAN_POINT('',(1.800418419322,0.277905166105,2.080533220141)
  );
#515 = CARTESIAN_POINT('',(1.801483055027,0.276519411012,2.075816095525)
  );
#516 = CARTESIAN_POINT('',(1.80259460177,0.274803168371,2.071217000057)
  );
#517 = CARTESIAN_POINT('',(1.807578792169,0.265989702809,2.051920764918)
  );
#518 = CARTESIAN_POINT('',(1.81184449276,0.255678148767,2.03869060169));
#519 = CARTESIAN_POINT('',(1.81624557902,0.242294201836,2.028081472112)
  );
#520 = CARTESIAN_POINT('',(1.820419474005,0.226656857035,2.020937748415)
  );
#521 = CARTESIAN_POINT('',(1.824020909432,0.20986657468,2.017767766462)
  );
#522 = CARTESIAN_POINT('',(1.826832878288,0.193104418008,2.01864250776)
  );
#523 = CARTESIAN_POINT('',(1.83058611582,0.162472208602,2.027646423686)
  );
#524 = CARTESIAN_POINT('',(1.83160548115,0.148504626556,2.035451386186)
  );
#525 = CARTESIAN_POINT('',(1.831720360998,0.136469625398,2.04638863922)
  );
#526 = CARTESIAN_POINT('',(1.830939867563,0.127204807345,2.059864176544)
  );
#527 = CARTESIAN_POINT('',(1.827216723883,0.113238867578,2.095700637807)
  );
#528 = CARTESIAN_POINT('',(1.819819817069,0.119492171627,2.135340718185)
  );
#529 = CARTESIAN_POINT('',(1.810859770259,0.144936571038,2.166032653263)
  );
#530 = CARTESIAN_POINT('',(1.805643276163,0.164685211736,2.178396778593)
  );
#531 = CARTESIAN_POINT('',(1.800855302561,0.187058568748,2.183866356868)
  );
#532 = CARTESIAN_POINT('',(1.797037861874,0.209320058466,2.1822632123));
#533 = CARTESIAN_POINT('',(1.7929460248,0.241911531046,2.169504301207));
#534 = CARTESIAN_POINT('',(1.791892953763,0.253663670302,2.161968474223)
  );
#535 = CARTESIAN_POINT('',(1.791481559135,0.263808888988,2.152125459944)
  );
#536 = CARTESIAN_POINT('',(1.791780964373,0.271807254487,2.140400916038)
  );
#537 = CARTESIAN_POINT('',(1.792805864447,0.277269640452,2.127367923388)
  );
#538 = CARTESIAN_POINT('',(1.794505015399,0.28,2.113683228229));
#539 = CARTESIAN_POINT('',(1.796767549877,0.28,2.1));
#540 = PCURVE('',#182,#541);
#541 = DEFINITIONAL_REPRESENTATION('',(#542),#590);
#542 = B_SPLINE_CURVE_WITH_KNOTS('',3,(#543,#544,#545,#546,#547,#548,
    #549,#550,#551,#552,#553,#554,#555,#556,#557,#558,#559,#560,#561,
    #562,#563,#564,#565,#566,#567,#568,#569,#570,#571,#572,#573,#574,
    #575,#576,#577,#578,#579,#580,#581,#582,#583,#584,#585,#586,#587,
    #588,#589),.UNSPECIFIED.,.T.,.F.,(4,1,1,1,1,1,1,1,1,1,1,1,1,1,1,1,1,
    1,1,1,1,1,1,1,1,1,1,1,1,1,1,1,1,1,1,1,1,1,1,1,1,1,1,1,4),(0.,
    4.432730364889E-02,8.865460729777E-02,0.132981910947,0.177309214596,
    0.221636518244,0.265963821893,0.310291125542,0.354618429191,
    0.39894573284,0.443273036489,0.487600340138,0.531927643787,
    0.576254947436,0.620582251084,0.664909554733,0.709236858382,
    0.753564162031,0.79789146568,0.842218769329,0.886546072978,
    0.930873376627,0.975200680276,1.019527983924,1.063855287573,
    1.108182591222,1.152509894871,1.19683719852,1.241164502169,
    1.285491805818,1.329819109467,1.374146413116,1.418473716764,
    1.462801020413,1.507128324062,1.551455627711,1.59578293136,
    1.640110235009,1.684437538658,1.728764842307,1.773092145955,
    1.817419449604,1.861746753253,1.906074056902,1.950401360551),
  .QUASI_UNIFORM_KNOTS.);
#543 = CARTESIAN_POINT('',(3.121572564399E-02,0.560889816748));
#544 = CARTESIAN_POINT('',(3.120622080694E-02,0.559320900601));
#545 = CARTESIAN_POINT('',(3.112509194622E-02,0.556187766314));
#546 = CARTESIAN_POINT('',(3.082398191858E-02,0.55159374719));
#547 = CARTESIAN_POINT('',(3.034903329693E-02,0.547198678726));
#548 = CARTESIAN_POINT('',(2.97105936062E-02,0.543089949028));
#549 = CARTESIAN_POINT('',(2.892187269396E-02,0.539349168059));
#550 = CARTESIAN_POINT('',(2.799912647909E-02,0.536050241856));
#551 = CARTESIAN_POINT('',(2.696117478381E-02,0.533258039445));
#552 = CARTESIAN_POINT('',(2.582905857627E-02,0.531027280423));
#553 = CARTESIAN_POINT('',(2.462561559646E-02,0.529401598311));
#554 = CARTESIAN_POINT('',(2.33750405157E-02,0.528412790518));
#555 = CARTESIAN_POINT('',(2.210242240592E-02,0.528080250857));
#556 = CARTESIAN_POINT('',(2.083325842593E-02,0.528410603456));
#557 = CARTESIAN_POINT('',(1.959299174882E-02,0.529397504159));
#558 = CARTESIAN_POINT('',(1.840641885559E-02,0.53102179269));
#559 = CARTESIAN_POINT('',(1.729727051113E-02,0.533251863747));
#560 = CARTESIAN_POINT('',(1.628780985774E-02,0.536044036918));
#561 = CARTESIAN_POINT('',(1.539830857734E-02,0.53934346732));
#562 = CARTESIAN_POINT('',(1.464669337406E-02,0.543085108255));
#563 = CARTESIAN_POINT('',(1.404820076841E-02,0.547194891169));
#564 = CARTESIAN_POINT('',(1.361508640521E-02,0.551591067099));
#565 = CARTESIAN_POINT('',(1.335637986053E-02,0.556185713333));
#566 = CARTESIAN_POINT('',(1.327769177681E-02,0.56088638943));
#567 = CARTESIAN_POINT('',(1.338107688923E-02,0.565597932548));
#568 = CARTESIAN_POINT('',(1.366495992108E-02,0.570224352675));
#569 = CARTESIAN_POINT('',(1.412412409529E-02,0.574670679557));
#570 = CARTESIAN_POINT('',(1.474976571919E-02,0.578844992351));
#571 = CARTESIAN_POINT('',(1.552962531887E-02,0.582660423081));
#572 = CARTESIAN_POINT('',(1.644819354053E-02,0.586037069043));
#573 = CARTESIAN_POINT('',(1.748699057061E-02,0.588903786399));
#574 = CARTESIAN_POINT('',(1.862491651988E-02,0.59119982315));
#575 = CARTESIAN_POINT('',(1.983866871852E-02,0.592876250027));
#576 = CARTESIAN_POINT('',(2.110321925284E-02,0.593897148427));
#577 = CARTESIAN_POINT('',(2.239234548924E-02,0.594240513564));
#578 = CARTESIAN_POINT('',(2.367919792303E-02,0.593898850537));
#579 = CARTESIAN_POINT('',(2.493691185479E-02,0.592879393212));
#580 = CARTESIAN_POINT('',(2.613918041967E-02,0.591204086985));
#581 = CARTESIAN_POINT('',(2.726109562517E-02,0.58890862892));
#582 = CARTESIAN_POINT('',(2.827937925773E-02,0.586041902275));
#583 = CARTESIAN_POINT('',(2.917302895184E-02,0.582664802925));
#584 = CARTESIAN_POINT('',(2.992378369427E-02,0.578848653144));
#585 = CARTESIAN_POINT('',(3.051645296261E-02,0.574673527114));
#586 = CARTESIAN_POINT('',(3.093932758925E-02,0.570226488818));
#587 = CARTESIAN_POINT('',(3.11839063917E-02,0.565599500764));
#588 = CARTESIAN_POINT('',(3.122584315058E-02,0.562458583984));
#589 = CARTESIAN_POINT('',(3.121572564399E-02,0.560889816748));
#590 = ( GEOMETRIC_REPRESENTATION_CONTEXT(2) 
PARAMETRIC_REPRESENTATION_CONTEXT() REPRESENTATION_CONTEXT('2D SPACE',''
  ) );
#591 = PCURVE('',#592,#597);
#592 = CYLINDRICAL_SURFACE('',#593,8.E-02);
#593 = AXIS2_PLACEMENT_3D('',#594,#595,#596);
#594 = CARTESIAN_POINT('',(1.55,0.2,2.1));
#595 = DIRECTION('',(-1.,-0.,-0.));
#596 = DIRECTION('',(0.,1.,0.));
#597 = DEFINITIONAL_REPRESENTATION('',(#598),#646);
#598 = B_SPLINE_CURVE_WITH_KNOTS('',3,(#599,#600,#601,#602,#603,#604,
    #605,#606,#607,#608,#609,#610,#611,#612,#613,#614,#615,#616,#617,
    #618,#619,#620,#621,#622,#623,#624,#625,#626,#627,#628,#629,#630,
    #631,#632,#633,#634,#635,#636,#637,#638,#639,#640,#641,#642,#643,
    #644,#645),.UNSPECIFIED.,.F.,.F.,(4,1,1,1,1,1,1,1,1,1,1,1,1,1,1,1,1,
    1,1,1,1,1,1,1,1,1,1,1,1,1,1,1,1,1,1,1,1,1,1,1,1,1,1,1,4),(0.,
    4.432730364889E-02,8.865460729777E-02,0.132981910947,0.177309214596,
    0.221636518244,0.265963821893,0.310291125542,0.354618429191,
    0.39894573284,0.443273036489,0.487600340138,0.531927643787,
    0.576254947436,0.620582251084,0.664909554733,0.709236858382,
    0.753564162031,0.79789146568,0.842218769329,0.886546072978,
    0.930873376627,0.975200680276,1.019527983924,1.063855287573,
    1.108182591222,1.152509894871,1.19683719852,1.241164502169,
    1.285491805818,1.329819109467,1.374146413116,1.418473716764,
    1.462801020413,1.507128324062,1.551455627711,1.59578293136,
    1.640110235009,1.684437538658,1.728764842307,1.773092145955,
    1.817419449604,1.861746753253,1.906074056902,1.950401360551),
  .QUASI_UNIFORM_KNOTS.);
#599 = CARTESIAN_POINT('',(-6.28318530718,-0.246767549877));
#600 = CARTESIAN_POINT('',(-6.235597610545,-0.247396356285));
#601 = CARTESIAN_POINT('',(-6.140425254425,-0.248768799452));
#602 = CARTESIAN_POINT('',(-5.997672288578,-0.251119143129));
#603 = CARTESIAN_POINT('',(-5.854922509998,-0.253711247029));
#604 = CARTESIAN_POINT('',(-5.71216947044,-0.256485065471));
#605 = CARTESIAN_POINT('',(-5.569409690634,-0.259375990178));
#606 = CARTESIAN_POINT('',(-5.426642349677,-0.262315738587));
#607 = CARTESIAN_POINT('',(-5.283865116412,-0.265234930709));
#608 = CARTESIAN_POINT('',(-5.14107595181,-0.268065194769));
#609 = CARTESIAN_POINT('',(-4.998273316241,-0.270741303048));
#610 = CARTESIAN_POINT('',(-4.855456673892,-0.273203106945));
#611 = CARTESIAN_POINT('',(-4.712627203283,-0.275397231751));
#612 = CARTESIAN_POINT('',(-4.569787544566,-0.27727845816));
#613 = CARTESIAN_POINT('',(-4.42694542327,-0.278810659911));
#614 = CARTESIAN_POINT('',(-4.284102150014,-0.279967430993));
#615 = CARTESIAN_POINT('',(-4.141258548495,-0.280732153822));
#616 = CARTESIAN_POINT('',(-3.998422292132,-0.28109773008));
#617 = CARTESIAN_POINT('',(-3.85559623997,-0.281066092759));
#618 = CARTESIAN_POINT('',(-3.71278215913,-0.280647327895));
#619 = CARTESIAN_POINT('',(-3.56998040489,-0.27985870167));
#620 = CARTESIAN_POINT('',(-3.427190510043,-0.27872360072));
#621 = CARTESIAN_POINT('',(-3.284411271858,-0.277270470646));
#622 = CARTESIAN_POINT('',(-3.141640750151,-0.27553181692));
#623 = CARTESIAN_POINT('',(-2.998875894704,-0.273543338368));
#624 = CARTESIAN_POINT('',(-2.856112220643,-0.271343258324));
#625 = CARTESIAN_POINT('',(-2.713347427432,-0.268971678109));
#626 = CARTESIAN_POINT('',(-2.570580018777,-0.266470164543));
#627 = CARTESIAN_POINT('',(-2.427808246177,-0.263881473191));
#628 = CARTESIAN_POINT('',(-2.285030009735,-0.261249326771));
#629 = CARTESIAN_POINT('',(-2.142243032163,-0.258618221099));
#630 = CARTESIAN_POINT('',(-1.999445164269,-0.25603321801));
#631 = CARTESIAN_POINT('',(-1.85663475279,-0.253539688192));
#632 = CARTESIAN_POINT('',(-1.713811180097,-0.25118296576));
#633 = CARTESIAN_POINT('',(-1.570975435223,-0.249007877375));
#634 = CARTESIAN_POINT('',(-1.428131272218,-0.247058105857));
#635 = CARTESIAN_POINT('',(-1.285284224688,-0.245375358787));
#636 = CARTESIAN_POINT('',(-1.14244707709,-0.243998273152));
#637 = CARTESIAN_POINT('',(-0.999609952772,-0.242961169552));
#638 = CARTESIAN_POINT('',(-0.856777198117,-0.242293178104));
#639 = CARTESIAN_POINT('',(-0.71395325971,-0.242016987156));
#640 = CARTESIAN_POINT('',(-0.571140167435,-0.242147477287));
#641 = CARTESIAN_POINT('',(-0.428338134809,-0.242690791437));
#642 = CARTESIAN_POINT('',(-0.28554679146,-0.243643200774));
#643 = CARTESIAN_POINT('',(-0.142766540712,-0.244991900821));
#644 = CARTESIAN_POINT('',(-4.758749055719E-02,-0.246137193703));
#645 = CARTESIAN_POINT('',(0.,-0.246767549877));
#646 = ( GEOMETRIC_REPRESENTATION_CONTEXT(2) 
PARAMETRIC_REPRESENTATION_CONTEXT() REPRESENTATION_CONTEXT('2D SPACE',''
  ) );
#647 = FACE_BOUND('',#648,.T.);
#648 = EDGE_LOOP('',(#649));
#649 = ORIENTED_EDGE('',*,*,#650,.T.);
#650 = EDGE_CURVE('',#651,#651,#653,.T.);
#651 = VERTEX_POINT('',#652);
#652 = CARTESIAN_POINT('',(0.85,1.247121341054,2.25));
#653 = SURFACE_CURVE('',#654,(#735,#852),.PCURVE_S1.);
#654 = B_SPLINE_CURVE_WITH_KNOTS('',7,(#655,#656,#657,#658,#659,#660,
    #661,#662,#663,#664,#665,#666,#667,#668,#669,#670,#671,#672,#673,
    #674,#675,#676,#677,#678,#679,#680,#681,#682,#683,#684,#685,#686,
    #687,#688,#689,#690,#691,#692,#693,#694,#695,#696,#697,#698,#699,
    #700,#701,#702,#703,#704,#705,#706,#707,#708,#709,#710,#711,#712,
    #713,#714,#715,#716,#717,#718,#719,#720,#721,#722,#723,#724,#725,
    #726,#727,#728,#729,#730,#731,#732,#733,#734),.UNSPECIFIED.,.T.,.F.,
  (8,6,6,6,6,6,6,6,6,6,6,6,6,8),(0.,0.154919163992,0.196929088941,
    0.288547149603,0.389754605474,0.437729052721,0.485463062898,
    0.59345452882,0.719147106369,0.782635637016,0.840787948537,1.,
    1.10403647177,1.279780695661),.UNSPECIFIED.);
#655 = CARTESIAN_POINT('',(0.85,1.247121341054,2.25));
#656 = CARTESIAN_POINT('',(0.85,1.231564728504,2.324602610186));
#657 = CARTESIAN_POINT('',(0.840724414698,1.216527320634,2.399190299781)
  );
#658 = CARTESIAN_POINT('',(0.822178243036,1.202230383623,2.472487053815)
  );
#659 = CARTESIAN_POINT('',(0.794548882599,1.188936438083,2.54321832183)
  );
#660 = CARTESIAN_POINT('',(0.75819728792,1.177026355464,2.610117809727)
  );
#661 = CARTESIAN_POINT('',(0.71368345807,1.166941359859,2.671947219601)
  );
#662 = CARTESIAN_POINT('',(0.647763969609,1.15683372197,2.742601209678)
  );
#663 = CARTESIAN_POINT('',(0.633162830369,1.154834498019,2.757213019488)
  );
#664 = CARTESIAN_POINT('',(0.618039715732,1.152998716197,2.771340391219)
  );
#665 = CARTESIAN_POINT('',(0.602413142757,1.151331839971,2.784960064398)
  );
#666 = CARTESIAN_POINT('',(0.586303265653,1.149838343427,2.798049493836)
  );
#667 = CARTESIAN_POINT('',(0.569731875779,1.148521711278,2.810586849623)
  );
#668 = CARTESIAN_POINT('',(0.515627000129,1.14490419893,2.848643275706)
  );
#669 = CARTESIAN_POINT('',(0.476444025064,1.143276266917,2.872012674661)
  );
#670 = CARTESIAN_POINT('',(0.435423032943,1.142525817513,2.892436796639)
  );
#671 = CARTESIAN_POINT('',(0.39284535425,1.142647856538,2.909725384518)
  );
#672 = CARTESIAN_POINT('',(0.34902127051,1.143608276366,2.923724449132)
  );
#673 = CARTESIAN_POINT('',(0.304286246261,1.145353677225,2.934322956155)
  );
#674 = CARTESIAN_POINT('',(0.208965810302,1.150565416291,2.949348460723)
  );
#675 = CARTESIAN_POINT('',(0.15824528343,1.154193418743,2.953015396757)
  );
#676 = CARTESIAN_POINT('',(0.107313797595,1.158640074486,2.952379957296)
  );
#677 = CARTESIAN_POINT('',(5.664935984221E-02,1.163829639353,
    2.947441467039));
#678 = CARTESIAN_POINT('',(6.717683441513E-03,1.169705668561,
    2.938272341367));
#679 = CARTESIAN_POINT('',(-4.203819181558E-02,1.176227942287,
    2.925011445064));
#680 = CARTESIAN_POINT('',(-0.111566767058,1.186718870589,2.899729837401
    ));
#681 = CARTESIAN_POINT('',(-0.133571182284,1.190226545588,2.890724884453
    ));
#682 = CARTESIAN_POINT('',(-0.155178002683,1.193863094704,2.880865935257
    ));
#683 = CARTESIAN_POINT('',(-0.17634685,1.19762315661,2.870176336863));
#684 = CARTESIAN_POINT('',(-0.197039733784,1.201500909699,2.858681617706
    ));
#685 = CARTESIAN_POINT('',(-0.217221054027,1.205489882295,2.846409129292
    ));
#686 = CARTESIAN_POINT('',(-0.256395739647,1.213655130856,2.820431506995
    ));
#687 = CARTESIAN_POINT('',(-0.275394537239,1.217830449963,2.806733700424
    ));
#688 = CARTESIAN_POINT('',(-0.293821559087,1.222101471335,2.792322888936
    ));
#689 = CARTESIAN_POINT('',(-0.311646614032,1.226460380729,2.777228625669
    ));
#690 = CARTESIAN_POINT('',(-0.328841757257,1.23089879851,2.761481396134)
  );
#691 = CARTESIAN_POINT('',(-0.345381290284,1.235407779653,2.745112618218
    ));
#692 = CARTESIAN_POINT('',(-0.397123839045,1.250316871346,2.689789613039
    ));
#693 = CARTESIAN_POINT('',(-0.429528293675,1.260968235224,2.64841003977)
  );
#694 = CARTESIAN_POINT('',(-0.458185360104,1.27182532051,2.604384868809)
  );
#695 = CARTESIAN_POINT('',(-0.482874366772,1.282771314604,2.558099304673
    ));
#696 = CARTESIAN_POINT('',(-0.503416282925,1.293696774569,2.509950943934
    ));
#697 = CARTESIAN_POINT('',(-0.519670694884,1.304508867057,2.46034794085)
  );
#698 = CARTESIAN_POINT('',(-0.545348793041,1.327496935993,2.350770165182
    ));
#699 = CARTESIAN_POINT('',(-0.553215986264,1.339605999316,2.290428454192
    ));
#700 = CARTESIAN_POINT('',(-0.554979422303,1.351338026969,2.229349534107
    ));
#701 = CARTESIAN_POINT('',(-0.550553935353,1.362604443541,2.168224749566
    ));
#702 = CARTESIAN_POINT('',(-0.53993825282,1.373339263832,2.107768363429)
  );
#703 = CARTESIAN_POINT('',(-0.523227073776,1.383481858879,2.048707197015
    ));
#704 = CARTESIAN_POINT('',(-0.489209280558,1.397736567474,1.962999749309
    ));
#705 = CARTESIAN_POINT('',(-0.476290175711,1.402349047952,1.934776702768
    ));
#706 = CARTESIAN_POINT('',(-0.46189470403,1.406780172164,1.907186783932)
  );
#707 = CARTESIAN_POINT('',(-0.446056418898,1.411018792142,1.880322445215
    ));
#708 = CARTESIAN_POINT('',(-0.428816263795,1.415052480653,1.854274798052
    ));
#709 = CARTESIAN_POINT('',(-0.410222892356,1.418867394437,1.829132868438
    ));
#710 = CARTESIAN_POINT('',(-0.372114833503,1.425727918544,1.782862648429
    ));
#711 = CARTESIAN_POINT('',(-0.352808793096,1.428811272367,1.761574448651
    ));
#712 = CARTESIAN_POINT('',(-0.33245848859,1.43168650869,1.741184536751)
  );
#713 = CARTESIAN_POINT('',(-0.311112981674,1.434340925621,1.721756863915
    ));
#714 = CARTESIAN_POINT('',(-0.28882682098,1.436761225949,1.703352389544)
  );
#715 = CARTESIAN_POINT('',(-0.265660088701,1.438933933501,1.686028421918
    ));
#716 = CARTESIAN_POINT('',(-0.176020415037,1.446080230801,1.625510970417
    ));
#717 = CARTESIAN_POINT('',(-0.104201676365,1.44936373369,1.589645063452)
  );
#718 = CARTESIAN_POINT('',(-2.763433752642E-02,1.450414521075,
    1.563407028515));
#719 = CARTESIAN_POINT('',(5.20096782602E-02,1.448990998951,
    1.547584540999));
#720 = CARTESIAN_POINT('',(0.132925064549,1.444975922027,1.542571651764)
  );
#721 = CARTESIAN_POINT('',(0.213230804031,1.438481336647,1.548342459895)
  );
#722 = CARTESIAN_POINT('',(0.341993476579,1.424112113249,1.574842458319)
  );
#723 = CARTESIAN_POINT('',(0.39187223473,1.417492595493,1.589700730653)
  );
#724 = CARTESIAN_POINT('',(0.440258458796,1.410006543933,1.608811618962)
  );
#725 = CARTESIAN_POINT('',(0.486710209991,1.401754768464,1.631971926254)
  );
#726 = CARTESIAN_POINT('',(0.530830753398,1.392851875918,1.658926056234)
  );
#727 = CARTESIAN_POINT('',(0.572270291104,1.383415212627,1.689378070438)
  );
#728 = CARTESIAN_POINT('',(0.675688203607,1.356900006732,1.77979011532)
  );
#729 = CARTESIAN_POINT('',(0.732143826597,1.339035802505,1.845628543832)
  );
#730 = CARTESIAN_POINT('',(0.778647092789,1.320491811622,1.91893817956)
  );
#731 = CARTESIAN_POINT('',(0.814175328918,1.301744501726,1.997927722282)
  );
#732 = CARTESIAN_POINT('',(0.838062844254,1.283086683631,2.080713188413)
  );
#733 = CARTESIAN_POINT('',(0.85,1.26476897854,2.165369762155));
#734 = CARTESIAN_POINT('',(0.85,1.247121341054,2.25));
#735 = PCURVE('',#182,#736);
#736 = DEFINITIONAL_REPRESENTATION('',(#737),#851);
#737 = B_SPLINE_CURVE_WITH_KNOTS('',3,(#738,#739,#740,#741,#742,#743,
    #744,#745,#746,#747,#748,#749,#750,#751,#752,#753,#754,#755,#756,
    #757,#758,#759,#760,#761,#762,#763,#764,#765,#766,#767,#768,#769,
    #770,#771,#772,#773,#774,#775,#776,#777,#778,#779,#780,#781,#782,
    #783,#784,#785,#786,#787,#788,#789,#790,#791,#792,#793,#794,#795,
    #796,#797,#798,#799,#800,#801,#802,#803,#804,#805,#806,#807,#808,
    #809,#810,#811,#812,#813,#814,#815,#816,#817,#818,#819,#820,#821,
    #822,#823,#824,#825,#826,#827,#828,#829,#830,#831,#832,#833,#834,
    #835,#836,#837,#838,#839,#840,#841,#842,#843,#844,#845,#846,#847,
    #848,#849,#850),.UNSPECIFIED.,.F.,.F.,(4,1,1,1,1,1,1,1,1,1,1,1,1,1,1
    ,1,1,1,1,1,1,1,1,1,1,1,1,1,1,1,1,1,1,1,1,1,1,1,1,1,1,1,1,1,1,1,1,1,1
    ,1,1,1,1,1,1,1,1,1,1,1,1,1,1,1,1,1,1,1,1,1,1,1,1,1,1,1,1,1,1,1,1,1,1
    ,1,1,1,1,1,1,1,1,1,1,1,1,1,1,1,1,1,1,1,1,1,1,1,1,1,1,1,4),(0.,
    1.163436996055E-02,2.32687399211E-02,3.490310988165E-02,
    4.65374798422E-02,5.817184980276E-02,6.980621976331E-02,
    8.144058972386E-02,9.307495968441E-02,0.104709329645,0.116343699606,
    0.127978069566,0.139612439527,0.151246809487,0.162881179448,
    0.174515549408,0.186149919369,0.197784289329,0.20941865929,
    0.22105302925,0.232687399211,0.244321769172,0.255956139132,
    0.267590509093,0.279224879053,0.290859249014,0.302493618974,
    0.314127988935,0.325762358895,0.337396728856,0.349031098817,
    0.360665468777,0.372299838738,0.383934208698,0.395568578659,
    0.407202948619,0.41883731858,0.43047168854,0.442106058501,
    0.453740428461,0.465374798422,0.477009168383,0.488643538343,
    0.500277908304,0.511912278264,0.523546648225,0.535181018185,
    0.546815388146,0.558449758106,0.570084128067,0.581718498028,
    0.593352867988,0.604987237949,0.616621607909,0.62825597787,
    0.63989034783,0.651524717791,0.663159087751,0.674793457712,
    0.686427827673,0.698062197633,0.709696567594,0.721330937554,
    0.732965307515,0.744599677475,0.756234047436,0.767868417396,
    0.779502787357,0.791137157317,0.802771527278,0.814405897239,
    0.826040267199,0.83767463716,0.84930900712,0.860943377081,
    0.872577747041,0.884212117002,0.895846486962,0.907480856923,
    0.919115226884,0.930749596844,0.942383966805,0.954018336765,
    0.965652706726,0.977287076686,0.988921446647,1.000555816607,
    1.012190186568,1.023824556528,1.035458926489,1.04709329645,
    1.05872766641,1.070362036371,1.081996406331,1.093630776292,
    1.105265146252,1.116899516213,1.128533886173,1.140168256134,
    1.151802626095,1.163436996055,1.175071366016,1.186705735976,
    1.198340105937,1.209974475897,1.221608845858,1.233243215818,
    1.244877585779,1.25651195574,1.2681463257,1.279780695661),
  .QUASI_UNIFORM_KNOTS.);
#738 = CARTESIAN_POINT('',(0.171763617462,0.623670663949));
#739 = CARTESIAN_POINT('',(0.171606934854,0.629229653189));
#740 = CARTESIAN_POINT('',(0.171349535577,0.640394931274));
#741 = CARTESIAN_POINT('',(0.171134916231,0.65723761293));
#742 = CARTESIAN_POINT('',(0.171095197982,0.674128550398));
#743 = CARTESIAN_POINT('',(0.171234363158,0.691019045488));
#744 = CARTESIAN_POINT('',(0.171556784537,0.707858899479));
#745 = CARTESIAN_POINT('',(0.172067267362,0.724596184901));
#746 = CARTESIAN_POINT('',(0.172771003787,0.741177287072));
#747 = CARTESIAN_POINT('',(0.173673515468,0.757546899414));
#748 = CARTESIAN_POINT('',(0.174780558967,0.773648059673));
#749 = CARTESIAN_POINT('',(0.176097995495,0.789422206749));
#750 = CARTESIAN_POINT('',(0.177631619266,0.804809269657));
#751 = CARTESIAN_POINT('',(0.179386941398,0.819747789138));
#752 = CARTESIAN_POINT('',(0.181368925596,0.83417509707));
#753 = CARTESIAN_POINT('',(0.183581677903,0.848027506668));
#754 = CARTESIAN_POINT('',(0.186027581357,0.861238145957));
#755 = CARTESIAN_POINT('',(0.188707606126,0.873742358391));
#756 = CARTESIAN_POINT('',(0.191620480929,0.885475542643));
#757 = CARTESIAN_POINT('',(0.194762678208,0.896375060582));
#758 = CARTESIAN_POINT('',(0.198127502542,0.906379525322));
#759 = CARTESIAN_POINT('',(0.201705023224,0.915430637825));
#760 = CARTESIAN_POINT('',(0.205482018973,0.923474486893));
#761 = CARTESIAN_POINT('',(0.209441822318,0.930462047369));
#762 = CARTESIAN_POINT('',(0.213564308392,0.9363499245));
#763 = CARTESIAN_POINT('',(0.217826100681,0.941101104055));
#764 = CARTESIAN_POINT('',(0.222200564378,0.944685464866));
#765 = CARTESIAN_POINT('',(0.2266593803,0.947081129389));
#766 = CARTESIAN_POINT('',(0.23117197566,0.948273718774));
#767 = CARTESIAN_POINT('',(0.235706651298,0.948257206474));
#768 = CARTESIAN_POINT('',(0.240231583337,0.947033937446));
#769 = CARTESIAN_POINT('',(0.244715466589,0.944614388355));
#770 = CARTESIAN_POINT('',(0.249128225414,0.941016878483));
#771 = CARTESIAN_POINT('',(0.253441616038,0.936267224243));
#772 = CARTESIAN_POINT('',(0.257629781636,0.93039823546));
#773 = CARTESIAN_POINT('',(0.26166951903,0.923449602415));
#774 = CARTESIAN_POINT('',(0.265541414114,0.915465520772));
#775 = CARTESIAN_POINT('',(0.269228988727,0.906495288177));
#776 = CARTESIAN_POINT('',(0.272719081664,0.896592017429));
#777 = CARTESIAN_POINT('',(0.276001646047,0.885811885283));
#778 = CARTESIAN_POINT('',(0.279069560849,0.874213240748));
#779 = CARTESIAN_POINT('',(0.281918349953,0.861856006518));
#780 = CARTESIAN_POINT('',(0.284545753611,0.848800717279));
#781 = CARTESIAN_POINT('',(0.286951445963,0.835108285653));
#782 = CARTESIAN_POINT('',(0.289136580233,0.820839918177));
#783 = CARTESIAN_POINT('',(0.291103592218,0.806055550653));
#784 = CARTESIAN_POINT('',(0.29285576511,0.790814436521));
#785 = CARTESIAN_POINT('',(0.294396952484,0.775174914868));
#786 = CARTESIAN_POINT('',(0.295731350733,0.759194277382));
#787 = CARTESIAN_POINT('',(0.296863306777,0.742928661243));
#788 = CARTESIAN_POINT('',(0.297797163248,0.726432977002));
#789 = CARTESIAN_POINT('',(0.298537137019,0.709760867693));
#790 = CARTESIAN_POINT('',(0.299087230351,0.692964676481));
#791 = CARTESIAN_POINT('',(0.299451163833,0.676095498375));
#792 = CARTESIAN_POINT('',(0.299632343289,0.659203626369));
#793 = CARTESIAN_POINT('',(0.299633862248,0.642338214017));
#794 = CARTESIAN_POINT('',(0.29945850881,0.62554734724));
#795 = CARTESIAN_POINT('',(0.299108791449,0.608878045503));
#796 = CARTESIAN_POINT('',(0.298586974885,0.59237627767));
#797 = CARTESIAN_POINT('',(0.297895126489,0.576086971466));
#798 = CARTESIAN_POINT('',(0.297035171389,0.560054023265));
#799 = CARTESIAN_POINT('',(0.29600895537,0.54432030646));
#800 = CARTESIAN_POINT('',(0.294818314293,0.528927679055));
#801 = CARTESIAN_POINT('',(0.293465149713,0.513916986242));
#802 = CARTESIAN_POINT('',(0.291951506947,0.499328067505));
#803 = CARTESIAN_POINT('',(0.290279650653,0.485199692943));
#804 = CARTESIAN_POINT('',(0.288452134631,0.471569470492));
#805 = CARTESIAN_POINT('',(0.286471876544,0.458473821548));
#806 = CARTESIAN_POINT('',(0.284342234844,0.445947959672));
#807 = CARTESIAN_POINT('',(0.282067080007,0.434025849027));
#808 = CARTESIAN_POINT('',(0.279650848789,0.422740070754));
#809 = CARTESIAN_POINT('',(0.277098632708,0.412121882879));
#810 = CARTESIAN_POINT('',(0.274416172224,0.402200885121));
#811 = CARTESIAN_POINT('',(0.271609993262,0.393005268248));
#812 = CARTESIAN_POINT('',(0.268687142121,0.384560692378));
#813 = CARTESIAN_POINT('',(0.265654898863,0.376890105524));
#814 = CARTESIAN_POINT('',(0.26252264555,0.370018027584));
#815 = CARTESIAN_POINT('',(0.259300067629,0.36396502367));
#816 = CARTESIAN_POINT('',(0.255997524746,0.358749107519));
#817 = CARTESIAN_POINT('',(0.252625892614,0.354385448371));
#818 = CARTESIAN_POINT('',(0.24919653808,0.350886504614));
#819 = CARTESIAN_POINT('',(0.245721250352,0.348262013998));
#820 = CARTESIAN_POINT('',(0.242212175383,0.346518992872));
#821 = CARTESIAN_POINT('',(0.238681744771,0.345661699446));
#822 = CARTESIAN_POINT('',(0.235142590356,0.345691582142));
#823 = CARTESIAN_POINT('',(0.231607492861,0.346607166181));
#824 = CARTESIAN_POINT('',(0.228089185204,0.348404035591));
#825 = CARTESIAN_POINT('',(0.224600684931,0.351074318057));
#826 = CARTESIAN_POINT('',(0.221153633443,0.354607882019));
#827 = CARTESIAN_POINT('',(0.217758910207,0.358992997599));
#828 = CARTESIAN_POINT('',(0.214427676565,0.364214862884));
#829 = CARTESIAN_POINT('',(0.21117020546,0.370256794265));
#830 = CARTESIAN_POINT('',(0.207996163909,0.377100111705));
#831 = CARTESIAN_POINT('',(0.204914516193,0.384724340879));
#832 = CARTESIAN_POINT('',(0.201933543805,0.393107280018));
#833 = CARTESIAN_POINT('',(0.199060831441,0.402225121558));
#834 = CARTESIAN_POINT('',(0.196303325415,0.412052322947));
#835 = CARTESIAN_POINT('',(0.193667183482,0.42256227825));
#836 = CARTESIAN_POINT('',(0.191157890903,0.433727221205));
#837 = CARTESIAN_POINT('',(0.188780374657,0.445517967224));
#838 = CARTESIAN_POINT('',(0.186538974691,0.457904257739));
#839 = CARTESIAN_POINT('',(0.184437526965,0.470854682009));
#840 = CARTESIAN_POINT('',(0.182479421266,0.4843367007));
#841 = CARTESIAN_POINT('',(0.180667669904,0.49831663192));
#842 = CARTESIAN_POINT('',(0.179004976872,0.512759638531));
#843 = CARTESIAN_POINT('',(0.177493809557,0.527629707631));
#844 = CARTESIAN_POINT('',(0.176136471368,0.542889627772));
#845 = CARTESIAN_POINT('',(0.17493517572,0.558500959604));
#846 = CARTESIAN_POINT('',(0.173892117026,0.574424021276));
#847 = CARTESIAN_POINT('',(0.173009551162,0.590617817444));
#848 = CARTESIAN_POINT('',(0.172289835122,0.607040184863));
#849 = CARTESIAN_POINT('',(0.171920351182,0.618111489966));
#850 = CARTESIAN_POINT('',(0.171763617462,0.623670663949));
#851 = ( GEOMETRIC_REPRESENTATION_CONTEXT(2) 
PARAMETRIC_REPRESENTATION_CONTEXT() REPRESENTATION_CONTEXT('2D SPACE',''
  ) );
#852 = PCURVE('',#853,#858);
#853 = CYLINDRICAL_SURFACE('',#854,0.7);
#854 = AXIS2_PLACEMENT_3D('',#855,#856,#857);
#855 = CARTESIAN_POINT('',(0.15,-1.1,2.25));
#856 = DIRECTION('',(0.,-1.,0.));
#857 = DIRECTION('',(1.,0.,0.));
#858 = DEFINITIONAL_REPRESENTATION('',(#859),#973);
#859 = B_SPLINE_CURVE_WITH_KNOTS('',3,(#860,#861,#862,#863,#864,#865,
    #866,#867,#868,#869,#870,#871,#872,#873,#874,#875,#876,#877,#878,
    #879,#880,#881,#882,#883,#884,#885,#886,#887,#888,#889,#890,#891,
    #892,#893,#894,#895,#896,#897,#898,#899,#900,#901,#902,#903,#904,
    #905,#906,#907,#908,#909,#910,#911,#912,#913,#914,#915,#916,#917,
    #918,#919,#920,#921,#922,#923,#924,#925,#926,#927,#928,#929,#930,
    #931,#932,#933,#934,#935,#936,#937,#938,#939,#940,#941,#942,#943,
    #944,#945,#946,#947,#948,#949,#950,#951,#952,#953,#954,#955,#956,
    #957,#958,#959,#960,#961,#962,#963,#964,#965,#966,#967,#968,#969,
    #970,#971,#972),.UNSPECIFIED.,.F.,.F.,(4,1,1,1,1,1,1,1,1,1,1,1,1,1,1
    ,1,1,1,1,1,1,1,1,1,1,1,1,1,1,1,1,1,1,1,1,1,1,1,1,1,1,1,1,1,1,1,1,1,1
    ,1,1,1,1,1,1,1,1,1,1,1,1,1,1,1,1,1,1,1,1,1,1,1,1,1,1,1,1,1,1,1,1,1,1
    ,1,1,1,1,1,1,1,1,1,1,1,1,1,1,1,1,1,1,1,1,1,1,1,1,1,1,1,4),(0.,
    1.163436996055E-02,2.32687399211E-02,3.490310988165E-02,
    4.65374798422E-02,5.817184980276E-02,6.980621976331E-02,
    8.144058972386E-02,9.307495968441E-02,0.104709329645,0.116343699606,
    0.127978069566,0.139612439527,0.151246809487,0.162881179448,
    0.174515549408,0.186149919369,0.197784289329,0.20941865929,
    0.22105302925,0.232687399211,0.244321769172,0.255956139132,
    0.267590509093,0.279224879053,0.290859249014,0.302493618974,
    0.314127988935,0.325762358895,0.337396728856,0.349031098817,
    0.360665468777,0.372299838738,0.383934208698,0.395568578659,
    0.407202948619,0.41883731858,0.43047168854,0.442106058501,
    0.453740428461,0.465374798422,0.477009168383,0.488643538343,
    0.500277908304,0.511912278264,0.523546648225,0.535181018185,
    0.546815388146,0.558449758106,0.570084128067,0.581718498028,
    0.593352867988,0.604987237949,0.616621607909,0.62825597787,
    0.63989034783,0.651524717791,0.663159087751,0.674793457712,
    0.686427827673,0.698062197633,0.709696567594,0.721330937554,
    0.732965307515,0.744599677475,0.756234047436,0.767868417396,
    0.779502787357,0.791137157317,0.802771527278,0.814405897239,
    0.826040267199,0.83767463716,0.84930900712,0.860943377081,
    0.872577747041,0.884212117002,0.895846486962,0.907480856923,
    0.919115226884,0.930749596844,0.942383966805,0.954018336765,
    0.965652706726,0.977287076686,0.988921446647,1.000555816607,
    1.012190186568,1.023824556528,1.035458926489,1.04709329645,
    1.05872766641,1.070362036371,1.081996406331,1.093630776292,
    1.105265146252,1.116899516213,1.128533886173,1.140168256134,
    1.151802626095,1.163436996055,1.175071366016,1.186705735976,
    1.198340105937,1.209974475897,1.221608845858,1.233243215818,
    1.244877585779,1.25651195574,1.2681463257,1.279780695661),
  .QUASI_UNIFORM_KNOTS.);
#860 = CARTESIAN_POINT('',(0.,-2.347121341054));
#861 = CARTESIAN_POINT('',(1.867541677508E-02,-2.344395447652));
#862 = CARTESIAN_POINT('',(5.602459619985E-02,-2.3389841736));
#863 = CARTESIAN_POINT('',(0.112056991563,-2.331010793137));
#864 = CARTESIAN_POINT('',(0.16811165545,-2.323202258192));
#865 = CARTESIAN_POINT('',(0.224202042224,-2.315582254774));
#866 = CARTESIAN_POINT('',(0.2803414231,-2.308176257138));
#867 = CARTESIAN_POINT('',(0.336542839189,-2.301011763079));
#868 = CARTESIAN_POINT('',(0.392819066969,-2.294118155133));
#869 = CARTESIAN_POINT('',(0.449182563172,-2.28752650709));
#870 = CARTESIAN_POINT('',(0.505645383104,-2.281269250463));
#871 = CARTESIAN_POINT('',(0.562219059555,-2.275379722895));
#872 = CARTESIAN_POINT('',(0.618914437572,-2.269891595981));
#873 = CARTESIAN_POINT('',(0.675741446123,-2.264838170573));
#874 = CARTESIAN_POINT('',(0.732708851377,-2.260251589839));
#875 = CARTESIAN_POINT('',(0.789823814297,-2.256161780927));
#876 = CARTESIAN_POINT('',(0.847080494539,-2.252596638398));
#877 = CARTESIAN_POINT('',(0.90447927949,-2.249579143499));
#878 = CARTESIAN_POINT('',(0.962015262974,-2.24712748486));
#879 = CARTESIAN_POINT('',(1.019685108808,-2.245254545527));
#880 = CARTESIAN_POINT('',(1.077477971978,-2.243967213083));
#881 = CARTESIAN_POINT('',(1.135380379004,-2.243266203329));
#882 = CARTESIAN_POINT('',(1.193378959565,-2.243146163795));
#883 = CARTESIAN_POINT('',(1.251459243688,-2.243596314452));
#884 = CARTESIAN_POINT('',(1.309605189821,-2.244601169014));
#885 = CARTESIAN_POINT('',(1.367799656632,-2.246141508298));
#886 = CARTESIAN_POINT('',(1.426020159345,-2.248195376366));
#887 = CARTESIAN_POINT('',(1.484253412135,-2.250739886039));
#888 = CARTESIAN_POINT('',(1.542479665986,-2.253751553477));
#889 = CARTESIAN_POINT('',(1.600678709997,-2.257207615695));
#890 = CARTESIAN_POINT('',(1.658833006414,-2.261086733016));
#891 = CARTESIAN_POINT('',(1.716926184599,-2.265369267519));
#892 = CARTESIAN_POINT('',(1.774942916405,-2.270037324957));
#893 = CARTESIAN_POINT('',(1.832868317901,-2.275074475894));
#894 = CARTESIAN_POINT('',(1.890688160722,-2.280465305516));
#895 = CARTESIAN_POINT('',(1.948386490684,-2.286194278604));
#896 = CARTESIAN_POINT('',(2.005958194945,-2.292246502817));
#897 = CARTESIAN_POINT('',(2.06339569477,-2.29860577494));
#898 = CARTESIAN_POINT('',(2.120694369328,-2.305254492978));
#899 = CARTESIAN_POINT('',(2.17785167879,-2.31217323828));
#900 = CARTESIAN_POINT('',(2.234867863197,-2.319340608604));
#901 = CARTESIAN_POINT('',(2.291745774061,-2.326733057347));
#902 = CARTESIAN_POINT('',(2.348490544826,-2.334325415509));
#903 = CARTESIAN_POINT('',(2.405109644127,-2.342090791235));
#904 = CARTESIAN_POINT('',(2.461610664497,-2.350000750375));
#905 = CARTESIAN_POINT('',(2.518005471513,-2.358026634538));
#906 = CARTESIAN_POINT('',(2.57430675313,-2.366139315242));
#907 = CARTESIAN_POINT('',(2.630527801396,-2.374309820722));
#908 = CARTESIAN_POINT('',(2.686682346876,-2.382509770059));
#909 = CARTESIAN_POINT('',(2.742784427628,-2.390711775506));
#910 = CARTESIAN_POINT('',(2.798848291917,-2.398889769569));
#911 = CARTESIAN_POINT('',(2.854888303057,-2.407019269692));
#912 = CARTESIAN_POINT('',(2.910918910853,-2.415077572612));
#913 = CARTESIAN_POINT('',(2.966954394818,-2.423043897265));
#914 = CARTESIAN_POINT('',(3.023007454352,-2.430899006522));
#915 = CARTESIAN_POINT('',(3.079090284804,-2.438625500429));
#916 = CARTESIAN_POINT('',(3.135214380307,-2.44620761134));
#917 = CARTESIAN_POINT('',(3.191390570149,-2.453630972292));
#918 = CARTESIAN_POINT('',(3.247628989417,-2.460882364528));
#919 = CARTESIAN_POINT('',(3.303939062105,-2.467949442347));
#920 = CARTESIAN_POINT('',(3.360329471868,-2.474820436622));
#921 = CARTESIAN_POINT('',(3.416808123399,-2.481483833449));
#922 = CARTESIAN_POINT('',(3.473382083735,-2.487928040767));
#923 = CARTESIAN_POINT('',(3.530057515331,-2.494140995074));
#924 = CARTESIAN_POINT('',(3.586839534373,-2.500109893261));
#925 = CARTESIAN_POINT('',(3.643732274772,-2.505821081145));
#926 = CARTESIAN_POINT('',(3.700739122587,-2.511259694971));
#927 = CARTESIAN_POINT('',(3.757862597102,-2.516409642709));
#928 = CARTESIAN_POINT('',(3.815104176503,-2.521253526644));
#929 = CARTESIAN_POINT('',(3.872464176944,-2.525772544415));
#930 = CARTESIAN_POINT('',(3.929941944481,-2.529946729919));
#931 = CARTESIAN_POINT('',(3.987535058436,-2.533754984037));
#932 = CARTESIAN_POINT('',(4.045240521199,-2.537175447432));
#933 = CARTESIAN_POINT('',(4.103052597333,-2.540185750174));
#934 = CARTESIAN_POINT('',(4.16096885306,-2.54276366609));
#935 = CARTESIAN_POINT('',(4.218994517793,-2.54488750962));
#936 = CARTESIAN_POINT('',(4.277107431543,-2.546535436805));
#937 = CARTESIAN_POINT('',(4.335293635136,-2.547687676285));
#938 = CARTESIAN_POINT('',(4.393538562444,-2.548326563347));
#939 = CARTESIAN_POINT('',(4.45182892383,-2.548437091024));
#940 = CARTESIAN_POINT('',(4.510151737273,-2.548007296895));
#941 = CARTESIAN_POINT('',(4.568494124731,-2.547028655404));
#942 = CARTESIAN_POINT('',(4.62684291229,-2.545496416058));
#943 = CARTESIAN_POINT('',(4.685184231413,-2.543409894473));
#944 = CARTESIAN_POINT('',(4.743503262558,-2.540772686372));
#945 = CARTESIAN_POINT('',(4.801783324472,-2.537592855357));
#946 = CARTESIAN_POINT('',(4.860007313463,-2.533882859372));
#947 = CARTESIAN_POINT('',(4.918150221203,-2.529660043633));
#948 = CARTESIAN_POINT('',(4.976204903844,-2.524944550826));
#949 = CARTESIAN_POINT('',(5.034171050672,-2.519759145721));
#950 = CARTESIAN_POINT('',(5.092036149379,-2.514130629842));
#951 = CARTESIAN_POINT('',(5.149794030709,-2.508087876682));
#952 = CARTESIAN_POINT('',(5.207439336276,-2.501661694751));
#953 = CARTESIAN_POINT('',(5.264968548908,-2.494884219906));
#954 = CARTESIAN_POINT('',(5.322379246828,-2.487788464706));
#955 = CARTESIAN_POINT('',(5.379670170812,-2.480407812391));
#956 = CARTESIAN_POINT('',(5.436839961247,-2.472775677312));
#957 = CARTESIAN_POINT('',(5.493890522078,-2.464924646972));
#958 = CARTESIAN_POINT('',(5.550825398371,-2.456886236823));
#959 = CARTESIAN_POINT('',(5.607648056493,-2.448690894956));
#960 = CARTESIAN_POINT('',(5.664363435335,-2.440367535206));
#961 = CARTESIAN_POINT('',(5.720977248119,-2.431943449148));
#962 = CARTESIAN_POINT('',(5.777495949951,-2.423444233075));
#963 = CARTESIAN_POINT('',(5.833926578878,-2.414893817091));
#964 = CARTESIAN_POINT('',(5.890276672479,-2.406314562472));
#965 = CARTESIAN_POINT('',(5.946554197131,-2.397727426165));
#966 = CARTESIAN_POINT('',(6.002767499425,-2.389152181521));
#967 = CARTESIAN_POINT('',(6.058925273841,-2.380607690681));
#968 = CARTESIAN_POINT('',(6.115036540124,-2.372112208543));
#969 = CARTESIAN_POINT('',(6.171110652491,-2.363683753844));
#970 = CARTESIAN_POINT('',(6.227157259359,-2.355340376008));
#971 = CARTESIAN_POINT('',(6.264510104625,-2.349847404198));
#972 = CARTESIAN_POINT('',(6.28318530718,-2.347121341054));
#973 = ( GEOMETRIC_REPRESENTATION_CONTEXT(2) 
PARAMETRIC_REPRESENTATION_CONTEXT() REPRESENTATION_CONTEXT('2D SPACE',''
  ) );
#974 = FACE_BOUND('',#975,.T.);
#975 = EDGE_LOOP('',(#976));
#976 = ORIENTED_EDGE('',*,*,#977,.T.);
#977 = EDGE_CURVE('',#978,#978,#980,.T.);
#978 = VERTEX_POINT('',#979);
#979 = CARTESIAN_POINT('',(0.85,-1.247121341054,2.25));
#980 = SURFACE_CURVE('',#981,(#1062,#1179),.PCURVE_S1.);
#981 = B_SPLINE_CURVE_WITH_KNOTS('',7,(#982,#983,#984,#985,#986,#987,
    #988,#989,#990,#991,#992,#993,#994,#995,#996,#997,#998,#999,#1000,
    #1001,#1002,#1003,#1004,#1005,#1006,#1007,#1008,#1009,#1010,#1011,
    #1012,#1013,#1014,#1015,#1016,#1017,#1018,#1019,#1020,#1021,#1022,
    #1023,#1024,#1025,#1026,#1027,#1028,#1029,#1030,#1031,#1032,#1033,
    #1034,#1035,#1036,#1037,#1038,#1039,#1040,#1041,#1042,#1043,#1044,
    #1045,#1046,#1047,#1048,#1049,#1050,#1051,#1052,#1053,#1054,#1055,
    #1056,#1057,#1058,#1059,#1060,#1061),.UNSPECIFIED.,.T.,.F.,(8,6,6,6,
    6,6,6,6,6,6,6,6,6,8),(0.,0.496940474898,1.,1.32594168033,
    1.488188919259,1.809462950406,2.092010722752,2.217544377013,
    2.343083205698,2.607853849318,2.851722471982,2.964791504556,
    3.317132105476,3.371329019691),.UNSPECIFIED.);
#982 = CARTESIAN_POINT('',(0.85,-1.247121341054,2.25));
#983 = CARTESIAN_POINT('',(0.85,-1.266059398048,2.159181482848));
#984 = CARTESIAN_POINT('',(0.836253300789,-1.285770423927,2.06832697588)
  );
#985 = CARTESIAN_POINT('',(0.808740431086,-1.30584485995,1.979786251905)
  );
#986 = CARTESIAN_POINT('',(0.767875094573,-1.325981784394,1.895945892542
    ));
#987 = CARTESIAN_POINT('',(0.714547406265,-1.345806410604,1.819123851111
    ));
#988 = CARTESIAN_POINT('',(0.650118886603,-1.364682696262,1.7515067056)
  );
#989 = CARTESIAN_POINT('',(0.502023545948,-1.399412658563,1.637703223874
    ));
#990 = CARTESIAN_POINT('',(0.418019126854,-1.415251449416,1.591705651915
    ));
#991 = CARTESIAN_POINT('',(0.326628418162,-1.428715860965,1.559072167726
    ));
#992 = CARTESIAN_POINT('',(0.230527782496,-1.439061996892,1.541284530668
    ));
#993 = CARTESIAN_POINT('',(0.132716080943,-1.44575536356,1.539153830037)
  );
#994 = CARTESIAN_POINT('',(3.64940835593E-02,-1.448756879953,
    1.552673002717));
#995 = CARTESIAN_POINT('',(-0.114217961078,-1.448071978359,
    1.598824592418));
#996 = CARTESIAN_POINT('',(-0.171527424896,-1.446368320036,
    1.623068480638));
#997 = CARTESIAN_POINT('',(-0.22606980693,-1.443300144815,1.653129494318
    ));
#998 = CARTESIAN_POINT('',(-0.277119598448,-1.438991883581,
    1.688581257954));
#999 = CARTESIAN_POINT('',(-0.324053937252,-1.433582729232,
    1.728894676386));
#1000 = CARTESIAN_POINT('',(-0.366358139241,-1.427202266943,
    1.773466941403));
#1001 = CARTESIAN_POINT('',(-0.422181840041,-1.416357262527,
    1.84561516348));
#1002 = CARTESIAN_POINT('',(-0.439489189607,-1.412539482197,
    1.870487073775));
#1003 = CARTESIAN_POINT('',(-0.455502203838,-1.408521784229,
    1.896173050829));
#1004 = CARTESIAN_POINT('',(-0.470178993753,-1.404316327478,
    1.922591107592));
#1005 = CARTESIAN_POINT('',(-0.483484442418,-1.399934021936,
    1.949657618688));
#1006 = CARTESIAN_POINT('',(-0.495389919505,-1.395384698661,
    1.977287940165));
#1007 = CARTESIAN_POINT('',(-0.526631069892,-1.381355879394,
    2.061057269843));
#1008 = CARTESIAN_POINT('',(-0.541811922273,-1.371414504541,
    2.118594713161));
#1009 = CARTESIAN_POINT('',(-0.551241727316,-1.360923900789,
    2.177349465911));
#1010 = CARTESIAN_POINT('',(-0.554843398078,-1.349939701784,
    2.23665872986));
#1011 = CARTESIAN_POINT('',(-0.552624130738,-1.338523613602,
    2.295871629967));
#1012 = CARTESIAN_POINT('',(-0.544665012707,-1.326758052286,
    2.354357846877));
#1013 = CARTESIAN_POINT('',(-0.519193967854,-1.304197352712,
    2.461773153752));
#1014 = CARTESIAN_POINT('',(-0.502949315193,-1.293456225567,
    2.511004012955));
#1015 = CARTESIAN_POINT('',(-0.482477894083,-1.282604998394,
    2.55879244865));
#1016 = CARTESIAN_POINT('',(-0.457917776866,-1.271734844767,
    2.604738735774));
#1017 = CARTESIAN_POINT('',(-0.429444644406,-1.260953011221,
    2.648453419913));
#1018 = CARTESIAN_POINT('',(-0.397274733773,-1.250373855062,
    2.68955909901));
#1019 = CARTESIAN_POINT('',(-0.345854055317,-1.235538119086,
    2.744637274285));
#1020 = CARTESIAN_POINT('',(-0.329358838339,-1.231035030425,
    2.760993777264));
#1021 = CARTESIAN_POINT('',(-0.312209691116,-1.226602076665,
    2.77673148858));
#1022 = CARTESIAN_POINT('',(-0.294432145419,-1.222248165446,
    2.791819136498));
#1023 = CARTESIAN_POINT('',(-0.27605396253,-1.21798164471,2.806226371721
    ));
#1024 = CARTESIAN_POINT('',(-0.257105133242,-1.213810302702,
    2.819923767385));
#1025 = CARTESIAN_POINT('',(-0.218129819232,-1.205672265512,
    2.845842404908));
#1026 = CARTESIAN_POINT('',(-0.198103306699,-1.201705497374,
    2.858063744068));
#1027 = CARTESIAN_POINT('',(-0.177570833979,-1.197848244167,
    2.869518562396));
#1028 = CARTESIAN_POINT('',(-0.156567225194,-1.194106870287,
    2.880180004738));
#1029 = CARTESIAN_POINT('',(-0.135129634101,-1.190487104631,
    2.890022981421));
#1030 = CARTESIAN_POINT('',(-0.113297543327,-1.18699422132,
    2.899024514746));
#1031 = CARTESIAN_POINT('',(-4.432342781538E-02,-1.176544621765,
    2.924331040126));
#1032 = CARTESIAN_POINT('',(4.041834707551E-03,-1.170041441447,
    2.93766645598));
#1033 = CARTESIAN_POINT('',(5.358189050657E-02,-1.164173979717,
    2.946972189388));
#1034 = CARTESIAN_POINT('',(0.103863857759,-1.158981581066,
    2.952110314593));
#1035 = CARTESIAN_POINT('',(0.154432313911,-1.154518936088,
    2.953007298528));
#1036 = CARTESIAN_POINT('',(0.204819277471,-1.150859448082,2.94966058248
    ));
#1037 = CARTESIAN_POINT('',(0.30036432259,-1.145511643312,2.93522766503)
  );
#1038 = CARTESIAN_POINT('',(0.345632013315,-1.143689959355,
    2.924771687677));
#1039 = CARTESIAN_POINT('',(0.389990096318,-1.142666516458,
    2.910837349198));
#1040 = CARTESIAN_POINT('',(0.43309151987,-1.142497146941,2.893537057956
    ));
#1041 = CARTESIAN_POINT('',(0.474615155952,-1.143218021197,
    2.873028224748));
#1042 = CARTESIAN_POINT('',(0.514269844528,-1.144835132847,
    2.849506293639));
#1043 = CARTESIAN_POINT('',(0.569197018471,-1.148476287054,
    2.811003887806));
#1044 = CARTESIAN_POINT('',(0.586140227861,-1.149817045132,
    2.798208079757));
#1045 = CARTESIAN_POINT('',(0.602602034565,-1.151342503215,
    2.784835570902));
#1046 = CARTESIAN_POINT('',(0.618559181335,-1.153048954961,2.77090963538
    ));
#1047 = CARTESIAN_POINT('',(0.633990193789,-1.154931618043,
    2.756454325361));
#1048 = CARTESIAN_POINT('',(0.648875380408,-1.156984634155,2.74149447104
    ));
#1049 = CARTESIAN_POINT('',(0.70782469336,-1.166107822942,2.677946020896
    ));
#1050 = CARTESIAN_POINT('',(0.746971024649,-1.174601126303,2.62519207587
    ));
#1051 = CARTESIAN_POINT('',(0.780105877046,-1.184481195886,
    2.568554033415));
#1052 = CARTESIAN_POINT('',(0.80684780004,-1.195474952434,2.508827619475
    ));
#1053 = CARTESIAN_POINT('',(0.826931847419,-1.207329275094,
    2.446823797754));
#1054 = CARTESIAN_POINT('',(0.840193225904,-1.219847585474,
    2.383357568419));
#1055 = CARTESIAN_POINT('',(0.847546935236,-1.234872828077,
    2.309384225046));
#1056 = CARTESIAN_POINT('',(0.84836430122,-1.236887802643,2.299507367943
    ));
#1057 = CARTESIAN_POINT('',(0.849018444756,-1.238914098317,
    2.289618293503));
#1058 = CARTESIAN_POINT('',(0.849509183084,-1.240951145057,
    2.279720006359));
#1059 = CARTESIAN_POINT('',(0.849836390828,-1.242998389475,
    2.269815516808));
#1060 = CARTESIAN_POINT('',(0.85,-1.245055294834,2.259907840812));
#1061 = CARTESIAN_POINT('',(0.85,-1.247121341054,2.25));
#1062 = PCURVE('',#182,#1063);
#1063 = DEFINITIONAL_REPRESENTATION('',(#1064),#1178);
#1064 = B_SPLINE_CURVE_WITH_KNOTS('',3,(#1065,#1066,#1067,#1068,#1069,
    #1070,#1071,#1072,#1073,#1074,#1075,#1076,#1077,#1078,#1079,#1080,
    #1081,#1082,#1083,#1084,#1085,#1086,#1087,#1088,#1089,#1090,#1091,
    #1092,#1093,#1094,#1095,#1096,#1097,#1098,#1099,#1100,#1101,#1102,
    #1103,#1104,#1105,#1106,#1107,#1108,#1109,#1110,#1111,#1112,#1113,
    #1114,#1115,#1116,#1117,#1118,#1119,#1120,#1121,#1122,#1123,#1124,
    #1125,#1126,#1127,#1128,#1129,#1130,#1131,#1132,#1133,#1134,#1135,
    #1136,#1137,#1138,#1139,#1140,#1141,#1142,#1143,#1144,#1145,#1146,
    #1147,#1148,#1149,#1150,#1151,#1152,#1153,#1154,#1155,#1156,#1157,
    #1158,#1159,#1160,#1161,#1162,#1163,#1164,#1165,#1166,#1167,#1168,
    #1169,#1170,#1171,#1172,#1173,#1174,#1175,#1176,#1177),
  .UNSPECIFIED.,.T.,.F.,(4,1,1,1,1,1,1,1,1,1,1,1,1,1,1,1,1,1,1,1,1,1,1,1
    ,1,1,1,1,1,1,1,1,1,1,1,1,1,1,1,1,1,1,1,1,1,1,1,1,1,1,1,1,1,1,1,1,1,1
    ,1,1,1,1,1,1,1,1,1,1,1,1,1,1,1,1,1,1,1,1,1,1,1,1,1,1,1,1,1,1,1,1,1,1
    ,1,1,1,1,1,1,1,1,1,1,1,1,1,1,1,1,1,1,4),(0.,3.064844563356E-02,
    6.129689126711E-02,9.194533690067E-02,0.122593782534,0.153242228168,
    0.183890673801,0.214539119435,0.245187565068,0.275836010702,
    0.306484456336,0.337132901969,0.367781347603,0.398429793236,
    0.42907823887,0.459726684503,0.490375130137,0.52102357577,
    0.551672021404,0.582320467038,0.612968912671,0.643617358305,
    0.674265803938,0.704914249572,0.735562695205,0.766211140839,
    0.796859586472,0.827508032106,0.85815647774,0.888804923373,
    0.919453369007,0.95010181464,0.980750260274,1.011398705907,
    1.042047151541,1.072695597174,1.103344042808,1.133992488442,
    1.164640934075,1.195289379709,1.225937825342,1.256586270976,
    1.287234716609,1.317883162243,1.348531607876,1.37918005351,
    1.409828499144,1.440476944777,1.471125390411,1.501773836044,
    1.532422281678,1.563070727311,1.593719172945,1.624367618578,
    1.655016064212,1.685664509846,1.716312955479,1.746961401113,
    1.777609846746,1.80825829238,1.838906738013,1.869555183647,
    1.90020362928,1.930852074914,1.961500520548,1.992148966181,
    2.022797411815,2.053445857448,2.084094303082,2.114742748715,
    2.145391194349,2.176039639983,2.206688085616,2.23733653125,
    2.267984976883,2.298633422517,2.32928186815,2.359930313784,
    2.390578759417,2.421227205051,2.451875650685,2.482524096318,
    2.513172541952,2.543820987585,2.574469433219,2.605117878852,
    2.635766324486,2.666414770119,2.697063215753,2.727711661387,
    2.75836010702,2.789008552654,2.819656998287,2.850305443921,
    2.880953889554,2.911602335188,2.942250780821,2.972899226455,
    3.003547672089,3.034196117722,3.064844563356,3.095493008989,
    3.126141454623,3.156789900256,3.18743834589,3.218086791523,
    3.248735237157,3.279383682791,3.310032128424,3.340680574058,
    3.371329019691),.QUASI_UNIFORM_KNOTS.);
#1065 = CARTESIAN_POINT('',(0.828236382538,0.623670663949));
#1066 = CARTESIAN_POINT('',(0.828079688366,0.61811288272));
#1067 = CARTESIAN_POINT('',(0.82771030675,0.607044213828));
#1068 = CARTESIAN_POINT('',(0.826990809616,0.590625422329));
#1069 = CARTESIAN_POINT('',(0.826108522676,0.574434897542));
#1070 = CARTESIAN_POINT('',(0.825065801516,0.558514861255));
#1071 = CARTESIAN_POINT('',(0.823864902548,0.542906354294));
#1072 = CARTESIAN_POINT('',(0.822508022426,0.527649088484));
#1073 = CARTESIAN_POINT('',(0.820997377678,0.512781517617));
#1074 = CARTESIAN_POINT('',(0.819335274968,0.498340852464));
#1075 = CARTESIAN_POINT('',(0.817524184231,0.484363091196));
#1076 = CARTESIAN_POINT('',(0.815566810561,0.47088304407));
#1077 = CARTESIAN_POINT('',(0.813466164733,0.457934354436));
#1078 = CARTESIAN_POINT('',(0.811225632835,0.445549517933));
#1079 = CARTESIAN_POINT('',(0.808849039257,0.433759879921));
#1080 = CARTESIAN_POINT('',(0.806340721887,0.422595679547));
#1081 = CARTESIAN_POINT('',(0.803705546374,0.412085878378));
#1082 = CARTESIAN_POINT('',(0.800949130076,0.402258746011));
#1083 = CARTESIAN_POINT('',(0.798077263749,0.393139568583));
#1084 = CARTESIAN_POINT('',(0.795095694793,0.384751145048));
#1085 = CARTESIAN_POINT('',(0.792012833137,0.377120745155));
#1086 = CARTESIAN_POINT('',(0.788837245643,0.370271549412));
#1087 = CARTESIAN_POINT('',(0.785578242744,0.364224835948));
#1088 = CARTESIAN_POINT('',(0.782245687027,0.358999455197));
#1089 = CARTESIAN_POINT('',(0.778850002015,0.354612001429));
#1090 = CARTESIAN_POINT('',(0.775402118455,0.351076766955));
#1091 = CARTESIAN_POINT('',(0.771913428253,0.348405723119));
#1092 = CARTESIAN_POINT('',(0.768395727175,0.346608461843));
#1093 = CARTESIAN_POINT('',(0.764861151969,0.345692113688));
#1094 = CARTESIAN_POINT('',(0.76132210964,0.34566123875));
#1095 = CARTESIAN_POINT('',(0.75779120507,0.346517681581));
#1096 = CARTESIAN_POINT('',(0.754281148135,0.348260419689));
#1097 = CARTESIAN_POINT('',(0.75080471403,0.350885284984));
#1098 = CARTESIAN_POINT('',(0.74737448576,0.354384998092));
#1099 = CARTESIAN_POINT('',(0.744003394369,0.358747861845));
#1100 = CARTESIAN_POINT('',(0.740701515856,0.363962366293));
#1101 = CARTESIAN_POINT('',(0.737479747535,0.370013258053));
#1102 = CARTESIAN_POINT('',(0.734348339831,0.376882573723));
#1103 = CARTESIAN_POINT('',(0.731316760545,0.384550176597));
#1104 = CARTESIAN_POINT('',(0.728393723741,0.392993794789));
#1105 = CARTESIAN_POINT('',(0.725587185802,0.402189161872));
#1106 = CARTESIAN_POINT('',(0.722904361296,0.412110100728));
#1107 = CARTESIAN_POINT('',(0.720351745342,0.422728590049));
#1108 = CARTESIAN_POINT('',(0.717935141033,0.434014818041));
#1109 = CARTESIAN_POINT('',(0.715659707438,0.445937168926));
#1110 = CARTESIAN_POINT('',(0.713529962838,0.458462359613));
#1111 = CARTESIAN_POINT('',(0.711549560997,0.471557565294));
#1112 = CARTESIAN_POINT('',(0.709721909408,0.485187317239));
#1113 = CARTESIAN_POINT('',(0.708049913123,0.499315263299));
#1114 = CARTESIAN_POINT('',(0.706536127932,0.513903792035));
#1115 = CARTESIAN_POINT('',(0.705182816638,0.528914160745));
#1116 = CARTESIAN_POINT('',(0.703992027012,0.544306509799));
#1117 = CARTESIAN_POINT('',(0.702965661834,0.560039985294));
#1118 = CARTESIAN_POINT('',(0.702105557392,0.576072723492));
#1119 = CARTESIAN_POINT('',(0.701413559218,0.59236184866));
#1120 = CARTESIAN_POINT('',(0.700891591897,0.608863465087));
#1121 = CARTESIAN_POINT('',(0.700541722209,0.625532648432));
#1122 = CARTESIAN_POINT('',(0.700366214442,0.642323435371));
#1123 = CARTESIAN_POINT('',(0.700367576905,0.659188814525));
#1124 = CARTESIAN_POINT('',(0.700548597845,0.676080708137));
#1125 = CARTESIAN_POINT('',(0.700912371191,0.692949980388));
#1126 = CARTESIAN_POINT('',(0.701462303355,0.709746332474));
#1127 = CARTESIAN_POINT('',(0.702202113673,0.726418632604));
#1128 = CARTESIAN_POINT('',(0.703135804464,0.742914551862));
#1129 = CARTESIAN_POINT('',(0.704267592501,0.759180447049));
#1130 = CARTESIAN_POINT('',(0.705601820533,0.775161410294));
#1131 = CARTESIAN_POINT('',(0.707142835679,0.790801305185));
#1132 = CARTESIAN_POINT('',(0.70889483468,0.806042840368));
#1133 = CARTESIAN_POINT('',(0.710861671382,0.820827675529));
#1134 = CARTESIAN_POINT('',(0.71304662991,0.835096557847));
#1135 = CARTESIAN_POINT('',(0.715452144764,0.848789542105));
#1136 = CARTESIAN_POINT('',(0.718079372079,0.861845427152));
#1137 = CARTESIAN_POINT('',(0.720927986908,0.874203306349));
#1138 = CARTESIAN_POINT('',(0.723995731516,0.885802641513));
#1139 = CARTESIAN_POINT('',(0.727278132555,0.896583506043));
#1140 = CARTESIAN_POINT('',(0.730768069208,0.906487549987));
#1141 = CARTESIAN_POINT('',(0.734455499651,0.915458597212));
#1142 = CARTESIAN_POINT('',(0.738327259953,0.923443522523));
#1143 = CARTESIAN_POINT('',(0.742366892685,0.930393055794));
#1144 = CARTESIAN_POINT('',(0.746554959473,0.936262945682));
#1145 = CARTESIAN_POINT('',(0.750868260181,0.941013515419));
#1146 = CARTESIAN_POINT('',(0.755280951522,0.944611965619));
#1147 = CARTESIAN_POINT('',(0.759764795412,0.947032473894));
#1148 = CARTESIAN_POINT('',(0.764289719242,0.948256709952));
#1149 = CARTESIAN_POINT('',(0.768824411956,0.948274189209));
#1150 = CARTESIAN_POINT('',(0.773337052691,0.947082553586));
#1151 = CARTESIAN_POINT('',(0.777795888768,0.944687866582));
#1152 = CARTESIAN_POINT('',(0.782170481835,0.941104405645));
#1153 = CARTESIAN_POINT('',(0.786432392,0.936354112834));
#1154 = CARTESIAN_POINT('',(0.790555011172,0.930467094036));
#1155 = CARTESIAN_POINT('',(0.794514963135,0.923480352667));
#1156 = CARTESIAN_POINT('',(0.798292124506,0.915437271427));
#1157 = CARTESIAN_POINT('',(0.801869823423,0.906386871119));
#1158 = CARTESIAN_POINT('',(0.805234833528,0.896383059907));
#1159 = CARTESIAN_POINT('',(0.808377210454,0.885484179426));
#1160 = CARTESIAN_POINT('',(0.81129026996,0.873751564936));
#1161 = CARTESIAN_POINT('',(0.813970479702,0.861247883013));
#1162 = CARTESIAN_POINT('',(0.816416570187,0.848037698666));
#1163 = CARTESIAN_POINT('',(0.818629494623,0.834185765166));
#1164 = CARTESIAN_POINT('',(0.82061173143,0.819758294153));
#1165 = CARTESIAN_POINT('',(0.822367317437,0.804819171487));
#1166 = CARTESIAN_POINT('',(0.823901188389,0.789431220611));
#1167 = CARTESIAN_POINT('',(0.825218838175,0.77365605638));
#1168 = CARTESIAN_POINT('',(0.826326056121,0.757553874073));
#1169 = CARTESIAN_POINT('',(0.827228705011,0.741183321303));
#1170 = CARTESIAN_POINT('',(0.827932546625,0.724601400504));
#1171 = CARTESIAN_POINT('',(0.828443108801,0.707863408926));
#1172 = CARTESIAN_POINT('',(0.828765589035,0.691022901827));
#1173 = CARTESIAN_POINT('',(0.828904795531,0.674131702792));
#1174 = CARTESIAN_POINT('',(0.828865101508,0.657239862083));
#1175 = CARTESIAN_POINT('',(0.82865048395,0.640395922753));
#1176 = CARTESIAN_POINT('',(0.828393073559,0.629229926199));
#1177 = CARTESIAN_POINT('',(0.828236382538,0.623670663949));
#1178 = ( GEOMETRIC_REPRESENTATION_CONTEXT(2) 
PARAMETRIC_REPRESENTATION_CONTEXT() REPRESENTATION_CONTEXT('2D SPACE',''
  ) );
#1179 = PCURVE('',#1180,#1185);
#1180 = CYLINDRICAL_SURFACE('',#1181,0.7);
#1181 = AXIS2_PLACEMENT_3D('',#1182,#1183,#1184);
#1182 = CARTESIAN_POINT('',(0.15,-1.1,2.25));
#1183 = DIRECTION('',(-0.,1.,-0.));
#1184 = DIRECTION('',(1.,0.,0.));
#1185 = DEFINITIONAL_REPRESENTATION('',(#1186),#1300);
#1186 = B_SPLINE_CURVE_WITH_KNOTS('',3,(#1187,#1188,#1189,#1190,#1191,
    #1192,#1193,#1194,#1195,#1196,#1197,#1198,#1199,#1200,#1201,#1202,
    #1203,#1204,#1205,#1206,#1207,#1208,#1209,#1210,#1211,#1212,#1213,
    #1214,#1215,#1216,#1217,#1218,#1219,#1220,#1221,#1222,#1223,#1224,
    #1225,#1226,#1227,#1228,#1229,#1230,#1231,#1232,#1233,#1234,#1235,
    #1236,#1237,#1238,#1239,#1240,#1241,#1242,#1243,#1244,#1245,#1246,
    #1247,#1248,#1249,#1250,#1251,#1252,#1253,#1254,#1255,#1256,#1257,
    #1258,#1259,#1260,#1261,#1262,#1263,#1264,#1265,#1266,#1267,#1268,
    #1269,#1270,#1271,#1272,#1273,#1274,#1275,#1276,#1277,#1278,#1279,
    #1280,#1281,#1282,#1283,#1284,#1285,#1286,#1287,#1288,#1289,#1290,
    #1291,#1292,#1293,#1294,#1295,#1296,#1297,#1298,#1299),
  .UNSPECIFIED.,.F.,.F.,(4,1,1,1,1,1,1,1,1,1,1,1,1,1,1,1,1,1,1,1,1,1,1,1
    ,1,1,1,1,1,1,1,1,1,1,1,1,1,1,1,1,1,1,1,1,1,1,1,1,1,1,1,1,1,1,1,1,1,1
    ,1,1,1,1,1,1,1,1,1,1,1,1,1,1,1,1,1,1,1,1,1,1,1,1,1,1,1,1,1,1,1,1,1,1
    ,1,1,1,1,1,1,1,1,1,1,1,1,1,1,1,1,1,1,4),(0.,3.064844563356E-02,
    6.129689126711E-02,9.194533690067E-02,0.122593782534,0.153242228168,
    0.183890673801,0.214539119435,0.245187565068,0.275836010702,
    0.306484456336,0.337132901969,0.367781347603,0.398429793236,
    0.42907823887,0.459726684503,0.490375130137,0.52102357577,
    0.551672021404,0.582320467038,0.612968912671,0.643617358305,
    0.674265803938,0.704914249572,0.735562695205,0.766211140839,
    0.796859586472,0.827508032106,0.85815647774,0.888804923373,
    0.919453369007,0.95010181464,0.980750260274,1.011398705907,
    1.042047151541,1.072695597174,1.103344042808,1.133992488442,
    1.164640934075,1.195289379709,1.225937825342,1.256586270976,
    1.287234716609,1.317883162243,1.348531607876,1.37918005351,
    1.409828499144,1.440476944777,1.471125390411,1.501773836044,
    1.532422281678,1.563070727311,1.593719172945,1.624367618578,
    1.655016064212,1.685664509846,1.716312955479,1.746961401113,
    1.777609846746,1.80825829238,1.838906738013,1.869555183647,
    1.90020362928,1.930852074914,1.961500520548,1.992148966181,
    2.022797411815,2.053445857448,2.084094303082,2.114742748715,
    2.145391194349,2.176039639983,2.206688085616,2.23733653125,
    2.267984976883,2.298633422517,2.32928186815,2.359930313784,
    2.390578759417,2.421227205051,2.451875650685,2.482524096318,
    2.513172541952,2.543820987585,2.574469433219,2.605117878852,
    2.635766324486,2.666414770119,2.697063215753,2.727711661387,
    2.75836010702,2.789008552654,2.819656998287,2.850305443921,
    2.880953889554,2.911602335188,2.942250780821,2.972899226455,
    3.003547672089,3.034196117722,3.064844563356,3.095493008989,
    3.126141454623,3.156789900256,3.18743834589,3.218086791523,
    3.248735237157,3.279383682791,3.310032128424,3.340680574058,
    3.371329019691),.QUASI_UNIFORM_KNOTS.);
#1187 = CARTESIAN_POINT('',(-6.28318530718,-0.147121341054));
#1188 = CARTESIAN_POINT('',(-6.264514783554,-0.149846722574));
#1189 = CARTESIAN_POINT('',(-6.227170875908,-0.155338374201));
#1190 = CARTESIAN_POINT('',(-6.171136726037,-0.163679867886));
#1191 = CARTESIAN_POINT('',(-6.115074446393,-0.172106496141));
#1192 = CARTESIAN_POINT('',(-6.05897466514,-0.180600189864));
#1193 = CARTESIAN_POINT('',(-6.002828265374,-0.189142913329));
#1194 = CARTESIAN_POINT('',(-5.946626419209,-0.197716397422));
#1195 = CARTESIAN_POINT('',(-5.890360579374,-0.206301768388));
#1196 = CARTESIAN_POINT('',(-5.834022502667,-0.214879246513));
#1197 = CARTESIAN_POINT('',(-5.777604282869,-0.223427877176));
#1198 = CARTESIAN_POINT('',(-5.721098401242,-0.231925313201));
#1199 = CARTESIAN_POINT('',(-5.664497787752,-0.240347653514));
#1200 = CARTESIAN_POINT('',(-5.607795926668,-0.248669342306));
#1201 = CARTESIAN_POINT('',(-5.550986904307,-0.256863150049));
#1202 = CARTESIAN_POINT('',(-5.494065810333,-0.26490018988));
#1203 = CARTESIAN_POINT('',(-5.437027994511,-0.272750177123));
#1204 = CARTESIAN_POINT('',(-5.379872812596,-0.280381190514));
#1205 = CARTESIAN_POINT('',(-5.322590881871,-0.287761736196));
#1206 = CARTESIAN_POINT('',(-5.265161769207,-0.29486090687));
#1207 = CARTESIAN_POINT('',(-5.207604628226,-0.301642786211));
#1208 = CARTESIAN_POINT('',(-5.149927421644,-0.308073536852));
#1209 = CARTESIAN_POINT('',(-5.092139796513,-0.314120244956));
#1210 = CARTESIAN_POINT('',(-5.034250066203,-0.319751819306));
#1211 = CARTESIAN_POINT('',(-4.976266441676,-0.324939325687));
#1212 = CARTESIAN_POINT('',(-4.918197123259,-0.329656447587));
#1213 = CARTESIAN_POINT('',(-4.860050703757,-0.333879877268));
#1214 = CARTESIAN_POINT('',(-4.801836497683,-0.337589678893));
#1215 = CARTESIAN_POINT('',(-4.743564910803,-0.340769601795));
#1216 = CARTESIAN_POINT('',(-4.685247801793,-0.343407338786));
#1217 = CARTESIAN_POINT('',(-4.626898941582,-0.345494720762));
#1218 = CARTESIAN_POINT('',(-4.568534231038,-0.347027836562));
#1219 = CARTESIAN_POINT('',(-4.510172975275,-0.348007079911));
#1220 = CARTESIAN_POINT('',(-4.451835422399,-0.348437076114));
#1221 = CARTESIAN_POINT('',(-4.393554516485,-0.34832662486));
#1222 = CARTESIAN_POINT('',(-4.335321765967,-0.347688086702));
#1223 = CARTESIAN_POINT('',(-4.277151053055,-0.346536449072));
#1224 = CARTESIAN_POINT('',(-4.219055315881,-0.344889433701));
#1225 = CARTESIAN_POINT('',(-4.161044716184,-0.342766718259));
#1226 = CARTESIAN_POINT('',(-4.10312770588,-0.340189391262));
#1227 = CARTESIAN_POINT('',(-4.045311224631,-0.337179412811));
#1228 = CARTESIAN_POINT('',(-3.987601055051,-0.333759141507));
#1229 = CARTESIAN_POINT('',(-3.930002107769,-0.329950913642));
#1230 = CARTESIAN_POINT('',(-3.872518635014,-0.325776669907));
#1231 = CARTESIAN_POINT('',(-3.815154717007,-0.321257662551));
#1232 = CARTESIAN_POINT('',(-3.757913747889,-0.316414116012));
#1233 = CARTESIAN_POINT('',(-3.700789937272,-0.311264406796));
#1234 = CARTESIAN_POINT('',(-3.643783034063,-0.305826053541));
#1235 = CARTESIAN_POINT('',(-3.586890194736,-0.300115105753));
#1236 = CARTESIAN_POINT('',(-3.530108068197,-0.294146417855));
#1237 = CARTESIAN_POINT('',(-3.473432412455,-0.287933680326));
#1238 = CARTESIAN_POINT('',(-3.416858209573,-0.281489643554));
#1239 = CARTESIAN_POINT('',(-3.360379326777,-0.274826411313));
#1240 = CARTESIAN_POINT('',(-3.303988718811,-0.267955580835));
#1241 = CARTESIAN_POINT('',(-3.247678490213,-0.260888664503));
#1242 = CARTESIAN_POINT('',(-3.191439957432,-0.253637425522));
#1243 = CARTESIAN_POINT('',(-3.13526368796,-0.246214205038));
#1244 = CARTESIAN_POINT('',(-3.079139531004,-0.238632220236));
#1245 = CARTESIAN_POINT('',(-3.023056632838,-0.230905837884));
#1246 = CARTESIAN_POINT('',(-2.967003473962,-0.223050825887));
#1247 = CARTESIAN_POINT('',(-2.910967805049,-0.215084568137));
#1248 = CARTESIAN_POINT('',(-2.854936948619,-0.207026298956));
#1249 = CARTESIAN_POINT('',(-2.798896747124,-0.198896822208));
#1250 = CARTESIAN_POINT('',(-2.742832706271,-0.19071883006));
#1251 = CARTESIAN_POINT('',(-2.686730464633,-0.18251680482));
#1252 = CARTESIAN_POINT('',(-2.63057576608,-0.174316812069));
#1253 = CARTESIAN_POINT('',(-2.574354570554,-0.166146238978));
#1254 = CARTESIAN_POINT('',(-2.518053146289,-0.15803346608));
#1255 = CARTESIAN_POINT('',(-2.461658205982,-0.150007465629));
#1256 = CARTESIAN_POINT('',(-2.405157056768,-0.14209736575));
#1257 = CARTESIAN_POINT('',(-2.348537875425,-0.134331830422));
#1258 = CARTESIAN_POINT('',(-2.29179303529,-0.126739294947));
#1259 = CARTESIAN_POINT('',(-2.234915056084,-0.119346645245));
#1260 = CARTESIAN_POINT('',(-2.177898806236,-0.11217905444));
#1261 = CARTESIAN_POINT('',(-2.120741427226,-0.105260074006));
#1262 = CARTESIAN_POINT('',(-2.063442696818,-9.861110612208E-02));
#1263 = CARTESIAN_POINT('',(-2.006005117677,-9.225156809201E-02));
#1264 = CARTESIAN_POINT('',(-1.948433382744,-8.619907381658E-02));
#1265 = CARTESIAN_POINT('',(-1.890734810734,-8.046979539953E-02));
#1266 = CARTESIAN_POINT('',(-1.8329148983,-7.507867638396E-02));
#1267 = CARTESIAN_POINT('',(-1.774989565414,-7.004123348966E-02));
#1268 = CARTESIAN_POINT('',(-1.716972882557,-6.537286866379E-02));
#1269 = CARTESIAN_POINT('',(-1.658879682991,-6.109001061212E-02));
#1270 = CARTESIAN_POINT('',(-1.600725271193,-5.721055353596E-02));
#1271 = CARTESIAN_POINT('',(-1.542526100565,-5.375413713405E-02));
#1272 = CARTESIAN_POINT('',(-1.484299663307,-5.074209587213E-02));
#1273 = CARTESIAN_POINT('',(-1.426066870617,-4.819722145003E-02));
#1274 = CARTESIAN_POINT('',(-1.367845680272,-4.614293474435E-02));
#1275 = CARTESIAN_POINT('',(-1.309650934032,-4.460216999567E-02));
#1276 = CARTESIAN_POINT('',(-1.251504742947,-4.359688456218E-02));
#1277 = CARTESIAN_POINT('',(-1.193424206711,-4.314629447181E-02));
#1278 = CARTESIAN_POINT('',(-1.135425303021,-4.32658865841E-02));
#1279 = CARTESIAN_POINT('',(-1.077522518589,-4.39664459863E-02));
#1280 = CARTESIAN_POINT('',(-1.019729247569,-4.525333586237E-02));
#1281 = CARTESIAN_POINT('',(-0.962059181387,-4.712583358162E-02));
#1282 = CARTESIAN_POINT('',(-0.90452291035,-4.957707078096E-02));
#1283 = CARTESIAN_POINT('',(-0.84712386975,-5.259414565362E-02));
#1284 = CARTESIAN_POINT('',(-0.789866843161,-5.615889099203E-02));
#1285 = CARTESIAN_POINT('',(-0.732751846712,-6.024831666888E-02));
#1286 = CARTESIAN_POINT('',(-0.675782061826,-6.483471765191E-02));
#1287 = CARTESIAN_POINT('',(-0.618951415757,-6.988814791573E-02));
#1288 = CARTESIAN_POINT('',(-0.562251756621,-7.537642370872E-02));
#1289 = CARTESIAN_POINT('',(-0.505673698719,-8.126619450719E-02));
#1290 = CARTESIAN_POINT('',(-0.449206771248,-8.752373941656E-02));
#1291 = CARTESIAN_POINT('',(-0.392839672756,-9.411568016656E-02));
#1292 = CARTESIAN_POINT('',(-0.336560424473,-0.101009559927));
#1293 = CARTESIAN_POINT('',(-0.280356490687,-0.10817429989));
#1294 = CARTESIAN_POINT('',(-0.224214859879,-0.115580536607));
#1295 = CARTESIAN_POINT('',(-0.168122115318,-0.123200816192));
#1296 = CARTESIAN_POINT('',(-0.112064466102,-0.131009737937));
#1297 = CARTESIAN_POINT('',(-5.602790924069E-02,-0.138983701064));
#1298 = CARTESIAN_POINT('',(-1.867633636791E-02,-0.144395316441));
#1299 = CARTESIAN_POINT('',(8.881784197001E-16,-0.147121341054));
#1300 = ( GEOMETRIC_REPRESENTATION_CONTEXT(2) 
PARAMETRIC_REPRESENTATION_CONTEXT() REPRESENTATION_CONTEXT('2D SPACE',''
  ) );
#1301 = FACE_BOUND('',#1302,.T.);
#1302 = EDGE_LOOP('',(#1303,#1342,#1437));
#1303 = ORIENTED_EDGE('',*,*,#1304,.T.);
#1304 = EDGE_CURVE('',#1305,#1307,#1309,.T.);
#1305 = VERTEX_POINT('',#1306);
#1306 = CARTESIAN_POINT('',(-1.6285469138,0.55,2.35));
#1307 = VERTEX_POINT('',#1308);
#1308 = CARTESIAN_POINT('',(-1.55,0.487463359258,2.604714493857));
#1309 = SURFACE_CURVE('',#1310,(#1317,#1327),.PCURVE_S1.);
#1310 = B_SPLINE_CURVE_WITH_KNOTS('',5,(#1311,#1312,#1313,#1314,#1315,
    #1316),.UNSPECIFIED.,.F.,.F.,(6,6),(0.,1.),
  .PIECEWISE_BEZIER_KNOTS.);
#1311 = CARTESIAN_POINT('',(-1.6285469138,0.55,2.35));
#1312 = CARTESIAN_POINT('',(-1.610580155235,0.55,2.402638339338));
#1313 = CARTESIAN_POINT('',(-1.593484396502,0.543702667983,
    2.455378653636));
#1314 = CARTESIAN_POINT('',(-1.57757740272,0.531059522287,2.507291824048
    ));
#1315 = CARTESIAN_POINT('',(-1.56305298479,0.512189860284,2.55739432752)
  );
#1316 = CARTESIAN_POINT('',(-1.5499994,0.487462222675,2.604716668997));
#1317 = PCURVE('',#182,#1318);
#1318 = DEFINITIONAL_REPRESENTATION('',(#1319),#1326);
#1319 = B_SPLINE_CURVE_WITH_KNOTS('',5,(#1320,#1321,#1322,#1323,#1324,
    #1325),.UNSPECIFIED.,.F.,.F.,(6,6),(0.,1.),
  .PIECEWISE_BEZIER_KNOTS.);
#1320 = CARTESIAN_POINT('',(0.435472361066,0.666666666667));
#1321 = CARTESIAN_POINT('',(0.434893088341,0.689552901161));
#1322 = CARTESIAN_POINT('',(0.43500237829,0.712824923248));
#1323 = CARTESIAN_POINT('',(0.435841387078,0.736102706223));
#1324 = CARTESIAN_POINT('',(0.437453252563,0.758934106544));
#1325 = CARTESIAN_POINT('',(0.439854970507,0.780811952198));
#1326 = ( GEOMETRIC_REPRESENTATION_CONTEXT(2) 
PARAMETRIC_REPRESENTATION_CONTEXT() REPRESENTATION_CONTEXT('2D SPACE',''
  ) );
#1327 = PCURVE('',#1328,#1333);
#1328 = CYLINDRICAL_SURFACE('',#1329,0.55);
#1329 = AXIS2_PLACEMENT_3D('',#1330,#1331,#1332);
#1330 = CARTESIAN_POINT('',(-1.55,0.,2.35));
#1331 = DIRECTION('',(1.,0.,0.));
#1332 = DIRECTION('',(0.,1.,0.));
#1333 = DEFINITIONAL_REPRESENTATION('',(#1334),#1341);
#1334 = B_SPLINE_CURVE_WITH_KNOTS('',5,(#1335,#1336,#1337,#1338,#1339,
    #1340),.UNSPECIFIED.,.F.,.F.,(6,6),(0.,1.),
  .PIECEWISE_BEZIER_KNOTS.);
#1335 = CARTESIAN_POINT('',(0.,-7.854691379998E-02));
#1336 = CARTESIAN_POINT('',(9.570607152353E-02,-6.058015523455E-02));
#1337 = CARTESIAN_POINT('',(0.191598321765,-4.348439650226E-02));
#1338 = CARTESIAN_POINT('',(0.287808916318,-2.757740272026E-02));
#1339 = CARTESIAN_POINT('',(0.384434624137,-1.305298479018E-02));
#1340 = CARTESIAN_POINT('',(0.481513616674,6.000000000034E-07));
#1341 = ( GEOMETRIC_REPRESENTATION_CONTEXT(2) 
PARAMETRIC_REPRESENTATION_CONTEXT() REPRESENTATION_CONTEXT('2D SPACE',''
  ) );
#1342 = ORIENTED_EDGE('',*,*,#1343,.T.);
#1343 = EDGE_CURVE('',#1307,#1344,#1346,.T.);
#1344 = VERTEX_POINT('',#1345);
#1345 = CARTESIAN_POINT('',(-1.55,-0.487463359258,2.604714493857));
#1346 = SURFACE_CURVE('',#1347,(#1375,#1406),.PCURVE_S1.);
#1347 = B_SPLINE_CURVE_WITH_KNOTS('',6,(#1348,#1349,#1350,#1351,#1352,
    #1353,#1354,#1355,#1356,#1357,#1358,#1359,#1360,#1361,#1362,#1363,
    #1364,#1365,#1366,#1367,#1368,#1369,#1370,#1371,#1372,#1373,#1374),
  .UNSPECIFIED.,.F.,.F.,(7,5,5,5,5,7),(0.,0.194709577762,0.499318448029,
    0.7023216114,0.8056640281,1.),.UNSPECIFIED.);
#1348 = CARTESIAN_POINT('',(-1.5500006,0.487464495827,2.604712318721));
#1349 = CARTESIAN_POINT('',(-1.540672031177,0.46979367648,2.638530459465
    ));
#1350 = CARTESIAN_POINT('',(-1.532064413866,0.449250483069,
    2.670986529257));
#1351 = CARTESIAN_POINT('',(-1.524206629582,0.425951195083,
    2.701775133029));
#1352 = CARTESIAN_POINT('',(-1.517108198306,0.400056589645,
    2.730597175926));
#1353 = CARTESIAN_POINT('',(-1.510765998174,0.371774159482,2.7571714155)
  );
#1354 = CARTESIAN_POINT('',(-1.496417997231,0.2937801241,2.818908959422)
  );
#1355 = CARTESIAN_POINT('',(-1.489491085698,0.240968784297,2.850465953)
  );
#1356 = CARTESIAN_POINT('',(-1.484362896917,0.183925220558,
    2.874929147884));
#1357 = CARTESIAN_POINT('',(-1.480955694277,0.123905252601,
    2.891552640519));
#1358 = CARTESIAN_POINT('',(-1.479243681159,6.236082760771E-02,
    2.899907678238));
#1359 = CARTESIAN_POINT('',(-1.479212364619,-4.019381042357E-02,
    2.900060509072));
#1360 = CARTESIAN_POINT('',(-1.479952037499,-8.121573144716E-02,
    2.896451552515));
#1361 = CARTESIAN_POINT('',(-1.48144322923,-0.121800076151,
    2.889171041422));
#1362 = CARTESIAN_POINT('',(-1.483693106062,-0.161511350035,
    2.87829919732));
#1363 = CARTESIAN_POINT('',(-1.486713845179,-0.199939436746,
    2.863988410668));
#1364 = CARTESIAN_POINT('',(-1.492457291831,-0.255435378366,
    2.837527354932));
#1365 = CARTESIAN_POINT('',(-1.494598239591,-0.273728624043,
    2.82776509829));
#1366 = CARTESIAN_POINT('',(-1.49694468125,-0.291545709562,
    2.817195292192));
#1367 = CARTESIAN_POINT('',(-1.499498477989,-0.308841578464,
    2.805849474071));
#1368 = CARTESIAN_POINT('',(-1.502261315522,-0.325574559175,
    2.793762366776));
#1369 = CARTESIAN_POINT('',(-1.510826177318,-0.372042312888,
    2.756919296493));
#1370 = CARTESIAN_POINT('',(-1.517162073822,-0.400253010693,
    2.730378444544));
#1371 = CARTESIAN_POINT('',(-1.524251353836,-0.426083755086,
    2.70159990573));
#1372 = CARTESIAN_POINT('',(-1.532097072271,-0.449328408469,
    2.670863393538));
#1373 = CARTESIAN_POINT('',(-1.540689725806,-0.469827194868,
    2.638466312493));
#1374 = CARTESIAN_POINT('',(-1.5500006,-0.487464495827,2.604712318721));
#1375 = PCURVE('',#182,#1376);
#1376 = DEFINITIONAL_REPRESENTATION('',(#1377),#1405);
#1377 = B_SPLINE_CURVE_WITH_KNOTS('',6,(#1378,#1379,#1380,#1381,#1382,
    #1383,#1384,#1385,#1386,#1387,#1388,#1389,#1390,#1391,#1392,#1393,
    #1394,#1395,#1396,#1397,#1398,#1399,#1400,#1401,#1402,#1403,#1404),
  .UNSPECIFIED.,.F.,.F.,(7,5,5,5,5,7),(0.,0.194709577762,0.499318448029,
    0.7023216114,0.8056640281,1.),.UNSPECIFIED.);
#1378 = CARTESIAN_POINT('',(0.439854749723,0.780809941));
#1379 = CARTESIAN_POINT('',(0.441571049426,0.796444569695));
#1380 = CARTESIAN_POINT('',(0.443674560923,0.811612141917));
#1381 = CARTESIAN_POINT('',(0.446170187725,0.826153647391));
#1382 = CARTESIAN_POINT('',(0.449057601896,0.83990163061));
#1383 = CARTESIAN_POINT('',(0.452326614647,0.852689436408));
#1384 = CARTESIAN_POINT('',(0.461625052368,0.882618909952));
#1385 = CARTESIAN_POINT('',(0.468172854951,0.898149805747));
#1386 = CARTESIAN_POINT('',(0.475499326429,0.910345338342));
#1387 = CARTESIAN_POINT('',(0.483426709135,0.918689072639));
#1388 = CARTESIAN_POINT('',(0.491658276323,0.922882094613));
#1389 = CARTESIAN_POINT('',(0.50537654275,0.922958798196));
#1390 = CARTESIAN_POINT('',(0.510864411487,0.921147675775));
#1391 = CARTESIAN_POINT('',(0.516264014208,0.917493076892));
#1392 = CARTESIAN_POINT('',(0.521488684657,0.912052058533));
#1393 = CARTESIAN_POINT('',(0.526463511121,0.904929693299));
#1394 = CARTESIAN_POINT('',(0.533511299881,0.891859135859));
#1395 = CARTESIAN_POINT('',(0.535809902393,0.887050792957));
#1396 = CARTESIAN_POINT('',(0.538022370468,0.881862199377));
#1397 = CARTESIAN_POINT('',(0.540142672839,0.876313824724));
#1398 = CARTESIAN_POINT('',(0.542165987491,0.870427729239));
#1399 = CARTESIAN_POINT('',(0.547704376017,0.852568119253));
#1400 = CARTESIAN_POINT('',(0.550964298028,0.839797299016));
#1401 = CARTESIAN_POINT('',(0.553844009931,0.826070888615));
#1402 = CARTESIAN_POINT('',(0.556333417926,0.811554598625));
#1403 = CARTESIAN_POINT('',(0.558432206088,0.796414913597));
#1404 = CARTESIAN_POINT('',(0.560145250277,0.780809941));
#1405 = ( GEOMETRIC_REPRESENTATION_CONTEXT(2) 
PARAMETRIC_REPRESENTATION_CONTEXT() REPRESENTATION_CONTEXT('2D SPACE',''
  ) );
#1406 = PCURVE('',#1328,#1407);
#1407 = DEFINITIONAL_REPRESENTATION('',(#1408),#1436);
#1408 = B_SPLINE_CURVE_WITH_KNOTS('',6,(#1409,#1410,#1411,#1412,#1413,
    #1414,#1415,#1416,#1417,#1418,#1419,#1420,#1421,#1422,#1423,#1424,
    #1425,#1426,#1427,#1428,#1429,#1430,#1431,#1432,#1433,#1434,#1435),
  .UNSPECIFIED.,.F.,.F.,(7,5,5,5,5,7),(0.,0.194709577762,0.499318448029,
    0.7023216114,0.8056640281,1.),.UNSPECIFIED.);
#1409 = CARTESIAN_POINT('',(0.48150469236,-6.000000000034E-07));
#1410 = CARTESIAN_POINT('',(0.550880290037,9.327968822833E-03));
#1411 = CARTESIAN_POINT('',(0.620479821773,1.793558613437E-02));
#1412 = CARTESIAN_POINT('',(0.690313142241,2.579337041768E-02));
#1413 = CARTESIAN_POINT('',(0.760385429691,3.289180169409E-02));
#1414 = CARTESIAN_POINT('',(0.830692870219,3.923400182622E-02));
#1415 = CARTESIAN_POINT('',(1.011550276128,5.358200276896E-02));
#1416 = CARTESIAN_POINT('',(1.122449058651,6.050891430167E-02));
#1417 = CARTESIAN_POINT('',(1.233795871048,6.563710308255E-02));
#1418 = CARTESIAN_POINT('',(1.345491864777,6.904430572262E-02));
#1419 = CARTESIAN_POINT('',(1.457412879074,7.075631884147E-02));
#1420 = CARTESIAN_POINT('',(1.643876064362,7.078763538108E-02));
#1421 = CARTESIAN_POINT('',(1.718451304516,7.00479625011E-02));
#1422 = CARTESIAN_POINT('',(1.792968233347,6.855677077026E-02));
#1423 = CARTESIAN_POINT('',(1.867379873986,6.630689393831E-02));
#1424 = CARTESIAN_POINT('',(1.941645610739,6.328615482058E-02));
#1425 = CARTESIAN_POINT('',(2.053430336066,5.754270816949E-02));
#1426 = CARTESIAN_POINT('',(2.091091669028,5.540176040871E-02));
#1427 = CARTESIAN_POINT('',(2.128700417706,5.305531875049E-02));
#1428 = CARTESIAN_POINT('',(2.16625279255,5.050152201085E-02));
#1429 = CARTESIAN_POINT('',(2.203745745908,4.773868447819E-02));
#1430 = CARTESIAN_POINT('',(2.31156659461,3.917382268215E-02));
#1431 = CARTESIAN_POINT('',(2.381738894132,3.283792617849E-02));
#1432 = CARTESIAN_POINT('',(2.451676909621,2.574864616358E-02));
#1433 = CARTESIAN_POINT('',(2.52137687699,1.79029277293E-02));
#1434 = CARTESIAN_POINT('',(2.590843956668,9.310274194245E-03));
#1435 = CARTESIAN_POINT('',(2.660087961229,-6.000000000034E-07));
#1436 = ( GEOMETRIC_REPRESENTATION_CONTEXT(2) 
PARAMETRIC_REPRESENTATION_CONTEXT() REPRESENTATION_CONTEXT('2D SPACE',''
  ) );
#1437 = ORIENTED_EDGE('',*,*,#1438,.T.);
#1438 = EDGE_CURVE('',#1344,#1305,#1439,.T.);
#1439 = SURFACE_CURVE('',#1440,(#1483,#1556),.PCURVE_S1.);
#1440 = B_SPLINE_CURVE_WITH_KNOTS('',6,(#1441,#1442,#1443,#1444,#1445,
    #1446,#1447,#1448,#1449,#1450,#1451,#1452,#1453,#1454,#1455,#1456,
    #1457,#1458,#1459,#1460,#1461,#1462,#1463,#1464,#1465,#1466,#1467,
    #1468,#1469,#1470,#1471,#1472,#1473,#1474,#1475,#1476,#1477,#1478,
    #1479,#1480,#1481,#1482),.UNSPECIFIED.,.F.,.F.,(7,5,5,5,5,5,5,5,7),(
    0.,0.273853712649,0.475863320685,0.560664717718,0.639659735377,
    0.794070533885,1.,1.310664074687,1.398148045914),.UNSPECIFIED.);
#1441 = CARTESIAN_POINT('',(-1.5499994,-0.487462222675,2.604716668997));
#1442 = CARTESIAN_POINT('',(-1.565869498072,-0.517525231439,
    2.54718379873));
#1443 = CARTESIAN_POINT('',(-1.583826614329,-0.539275358309,
    2.485707889189));
#1444 = CARTESIAN_POINT('',(-1.60373097899,-0.55214038568,2.421791368893
    ));
#1445 = CARTESIAN_POINT('',(-1.625295417749,-0.555929486975,
    2.356967916234));
#1446 = CARTESIAN_POINT('',(-1.648026849582,-0.550724607775,
    2.292685649716));
#1447 = CARTESIAN_POINT('',(-1.688427922391,-0.526565553522,
    2.184319086655));
#1448 = CARTESIAN_POINT('',(-1.705860349563,-0.511576641306,
    2.139361118908));
#1449 = CARTESIAN_POINT('',(-1.723318525356,-0.491973427216,
    2.095992994668));
#1450 = CARTESIAN_POINT('',(-1.740491337062,-0.467933339022,
    2.054752972328));
#1451 = CARTESIAN_POINT('',(-1.757032902896,-0.439704617796,
    2.016167796513));
#1452 = CARTESIAN_POINT('',(-1.7791107165,-0.394149116479,1.965878947772
    ));
#1453 = CARTESIAN_POINT('',(-1.785463688548,-0.380000582926,
    1.951568220909));
#1454 = CARTESIAN_POINT('',(-1.791614835559,-0.365197763794,
    1.937854025951));
#1455 = CARTESIAN_POINT('',(-1.797537306868,-0.349769054638,
    1.924773790342));
#1456 = CARTESIAN_POINT('',(-1.803204452066,-0.333746391634,
    1.912364011858));
#1457 = CARTESIAN_POINT('',(-1.813606451976,-0.301719427599,
    1.889757865173));
#1458 = CARTESIAN_POINT('',(-1.818378806281,-0.285789072971,
    1.879467884738));
#1459 = CARTESIAN_POINT('',(-1.822885438249,-0.269403093234,
    1.869819229102));
#1460 = CARTESIAN_POINT('',(-1.827106166528,-0.252593499677,
    1.860838955478));
#1461 = CARTESIAN_POINT('',(-1.831022074086,-0.235395409335,
    1.852552266499));
#1462 = CARTESIAN_POINT('',(-1.841639559205,-0.183545426585,
    1.830185980671));
#1463 = CARTESIAN_POINT('',(-1.847432836495,-0.147901966754,
    1.818126622923));
#1464 = CARTESIAN_POINT('',(-1.851863879692,-0.11120828867,
    1.808979613226));
#1465 = CARTESIAN_POINT('',(-1.854833913584,-7.379538482659E-02,
    1.802874989068));
#1466 = CARTESIAN_POINT('',(-1.856288767248,-3.602213088395E-02,
    1.799883546983));
#1467 = CARTESIAN_POINT('',(-1.85615347623,5.209247795274E-02,
    1.800161702233));
#1468 = CARTESIAN_POINT('',(-1.853385252631,0.102440543076,
    1.805853257725));
#1469 = CARTESIAN_POINT('',(-1.847926170901,0.151880492575,
    1.817078488064));
#1470 = CARTESIAN_POINT('',(-1.839955291492,0.199573877579,
    1.833596603526));
#1471 = CARTESIAN_POINT('',(-1.829781396555,0.244808115128,
    1.855009851064));
#1472 = CARTESIAN_POINT('',(-1.799652991754,0.350650532172,
    1.919754087269));
#1473 = CARTESIAN_POINT('',(-1.777358452164,0.407368047622,
    1.968688430562));
#1474 = CARTESIAN_POINT('',(-1.752113774386,0.455288324819,
    2.025977697575));
#1475 = CARTESIAN_POINT('',(-1.725366937892,0.493222329783,2.0896697672)
  );
#1476 = CARTESIAN_POINT('',(-1.69833483629,0.520408787582,2.157837772762
    ));
#1477 = CARTESIAN_POINT('',(-1.664521129723,0.540923098069,
    2.248419206004));
#1478 = CARTESIAN_POINT('',(-1.657143102433,0.54454390169,2.268520467383
    ));
#1479 = CARTESIAN_POINT('',(-1.649838064547,0.547268173322,
    2.288775030666));
#1480 = CARTESIAN_POINT('',(-1.64262549259,0.549088532284,2.309137410004
    ));
#1481 = CARTESIAN_POINT('',(-1.635523115334,0.55,2.329561384859));
#1482 = CARTESIAN_POINT('',(-1.6285469138,0.55,2.35));
#1483 = PCURVE('',#182,#1484);
#1484 = DEFINITIONAL_REPRESENTATION('',(#1485),#1555);
#1485 = B_SPLINE_CURVE_WITH_KNOTS('',3,(#1486,#1487,#1488,#1489,#1490,
    #1491,#1492,#1493,#1494,#1495,#1496,#1497,#1498,#1499,#1500,#1501,
    #1502,#1503,#1504,#1505,#1506,#1507,#1508,#1509,#1510,#1511,#1512,
    #1513,#1514,#1515,#1516,#1517,#1518,#1519,#1520,#1521,#1522,#1523,
    #1524,#1525,#1526,#1527,#1528,#1529,#1530,#1531,#1532,#1533,#1534,
    #1535,#1536,#1537,#1538,#1539,#1540,#1541,#1542,#1543,#1544,#1545,
    #1546,#1547,#1548,#1549,#1550,#1551,#1552,#1553,#1554),
  .UNSPECIFIED.,.F.,.F.,(4,1,1,1,1,1,1,1,1,1,1,1,1,1,1,1,1,1,1,1,1,1,1,1
    ,1,1,1,1,1,1,1,1,1,1,1,1,1,1,1,1,1,1,1,1,1,1,1,1,1,1,1,1,1,1,1,1,1,1
    ,1,1,1,1,1,1,1,1,4),(0.,2.118406130172E-02,4.236812260344E-02,
    6.355218390516E-02,8.473624520689E-02,0.105920306509,0.12710436781,
    0.148288429112,0.169472490414,0.190656551715,0.211840613017,
    0.233024674319,0.254208735621,0.275392796922,0.296576858224,
    0.317760919526,0.338944980828,0.360129042129,0.381313103431,
    0.402497164733,0.423681226034,0.444865287336,0.466049348638,
    0.48723340994,0.508417471241,0.529601532543,0.550785593845,
    0.571969655146,0.593153716448,0.61433777775,0.635521839052,
    0.656705900353,0.677889961655,0.699074022957,0.720258084259,
    0.74144214556,0.762626206862,0.783810268164,0.804994329465,
    0.826178390767,0.847362452069,0.868546513371,0.889730574672,
    0.910914635974,0.932098697276,0.953282758577,0.974466819879,
    0.995650881181,1.016834942483,1.038019003784,1.059203065086,
    1.080387126388,1.10157118769,1.122755248991,1.143939310293,
    1.165123371595,1.186307432896,1.207491494198,1.2286755555,
    1.249859616802,1.271043678103,1.292227739405,1.313411800707,
    1.334595862008,1.35577992331,1.376963984612,1.398148045914),
  .QUASI_UNIFORM_KNOTS.);
#1486 = CARTESIAN_POINT('',(0.560145029493,0.780811952198));
#1487 = CARTESIAN_POINT('',(0.560596813677,0.776696816313));
#1488 = CARTESIAN_POINT('',(0.561433172336,0.768385975485));
#1489 = CARTESIAN_POINT('',(0.562488274903,0.755719953914));
#1490 = CARTESIAN_POINT('',(0.563345969717,0.742896553089));
#1491 = CARTESIAN_POINT('',(0.564008865568,0.729956634287));
#1492 = CARTESIAN_POINT('',(0.564479840218,0.716939963632));
#1493 = CARTESIAN_POINT('',(0.56476202881,0.70388502794));
#1494 = CARTESIAN_POINT('',(0.564858747348,0.690829039539));
#1495 = CARTESIAN_POINT('',(0.564773447869,0.677807913847));
#1496 = CARTESIAN_POINT('',(0.564509677972,0.664856275149));
#1497 = CARTESIAN_POINT('',(0.564071050601,0.652007474557));
#1498 = CARTESIAN_POINT('',(0.563461220815,0.639293619311));
#1499 = CARTESIAN_POINT('',(0.562683869925,0.626745624105));
#1500 = CARTESIAN_POINT('',(0.561742692156,0.614393234805));
#1501 = CARTESIAN_POINT('',(0.560641396878,0.602265207409));
#1502 = CARTESIAN_POINT('',(0.559383676426,0.590388922382));
#1503 = CARTESIAN_POINT('',(0.557973240962,0.5787910298));
#1504 = CARTESIAN_POINT('',(0.556413845028,0.567497531132));
#1505 = CARTESIAN_POINT('',(0.55470930883,0.556533798471));
#1506 = CARTESIAN_POINT('',(0.552863543003,0.545924615047));
#1507 = CARTESIAN_POINT('',(0.550880575077,0.535694216122));
#1508 = CARTESIAN_POINT('',(0.548764573934,0.525866322802));
#1509 = CARTESIAN_POINT('',(0.546519886555,0.516464212893));
#1510 = CARTESIAN_POINT('',(0.544151030792,0.507510653887));
#1511 = CARTESIAN_POINT('',(0.541662971266,0.49902865674));
#1512 = CARTESIAN_POINT('',(0.539060916933,0.491040527804));
#1513 = CARTESIAN_POINT('',(0.536350475835,0.483568035934));
#1514 = CARTESIAN_POINT('',(0.533537654417,0.476632525493));
#1515 = CARTESIAN_POINT('',(0.530628940446,0.470254701009));
#1516 = CARTESIAN_POINT('',(0.527631323536,0.464454475288));
#1517 = CARTESIAN_POINT('',(0.524552323741,0.459250612472));
#1518 = CARTESIAN_POINT('',(0.521399908657,0.454660743864));
#1519 = CARTESIAN_POINT('',(0.518182584138,0.450700983916));
#1520 = CARTESIAN_POINT('',(0.514909587044,0.447386017573));
#1521 = CARTESIAN_POINT('',(0.511590470487,0.444728292252));
#1522 = CARTESIAN_POINT('',(0.508235168494,0.442738048463));
#1523 = CARTESIAN_POINT('',(0.504853946198,0.441423124737));
#1524 = CARTESIAN_POINT('',(0.501457351092,0.440788827037));
#1525 = CARTESIAN_POINT('',(0.498056275483,0.440837706956));
#1526 = CARTESIAN_POINT('',(0.49466108283,0.441569619566));
#1527 = CARTESIAN_POINT('',(0.491282791826,0.442981629429));
#1528 = CARTESIAN_POINT('',(0.48793196518,0.44506800556));
#1529 = CARTESIAN_POINT('',(0.484618839168,0.447820504879));
#1530 = CARTESIAN_POINT('',(0.481353252182,0.451228564809));
#1531 = CARTESIAN_POINT('',(0.47814463427,0.455279493983));
#1532 = CARTESIAN_POINT('',(0.47500198393,0.459958647669));
#1533 = CARTESIAN_POINT('',(0.471933866937,0.465249560865));
#1534 = CARTESIAN_POINT('',(0.468948372292,0.471134168682));
#1535 = CARTESIAN_POINT('',(0.466053249473,0.477592630918));
#1536 = CARTESIAN_POINT('',(0.46325536979,0.484604651714));
#1537 = CARTESIAN_POINT('',(0.460560874257,0.492149865395));
#1538 = CARTESIAN_POINT('',(0.457975585328,0.500207159037));
#1539 = CARTESIAN_POINT('',(0.45550494822,0.508754910447));
#1540 = CARTESIAN_POINT('',(0.453154091201,0.517770979434));
#1541 = CARTESIAN_POINT('',(0.450927853142,0.527232752359));
#1542 = CARTESIAN_POINT('',(0.448830818999,0.537117159605));
#1543 = CARTESIAN_POINT('',(0.44686735233,0.547400687609));
#1544 = CARTESIAN_POINT('',(0.445041627773,0.558059378918));
#1545 = CARTESIAN_POINT('',(0.44335766246,0.569068824015));
#1546 = CARTESIAN_POINT('',(0.441819347197,0.580404135383));
#1547 = CARTESIAN_POINT('',(0.440430474591,0.592039936861));
#1548 = CARTESIAN_POINT('',(0.439194773802,0.603950244301));
#1549 = CARTESIAN_POINT('',(0.438115915008,0.616108699146));
#1550 = CARTESIAN_POINT('',(0.437197623209,0.628487392048));
#1551 = CARTESIAN_POINT('',(0.436443619822,0.64105724178));
#1552 = CARTESIAN_POINT('',(0.435857573611,0.653788597265));
#1553 = CARTESIAN_POINT('',(0.435581289252,0.662362943087));
#1554 = CARTESIAN_POINT('',(0.435472361066,0.666666666667));
#1555 = ( GEOMETRIC_REPRESENTATION_CONTEXT(2) 
PARAMETRIC_REPRESENTATION_CONTEXT() REPRESENTATION_CONTEXT('2D SPACE',''
  ) );
#1556 = PCURVE('',#1328,#1557);
#1557 = DEFINITIONAL_REPRESENTATION('',(#1558),#1628);
#1558 = B_SPLINE_CURVE_WITH_KNOTS('',3,(#1559,#1560,#1561,#1562,#1563,
    #1564,#1565,#1566,#1567,#1568,#1569,#1570,#1571,#1572,#1573,#1574,
    #1575,#1576,#1577,#1578,#1579,#1580,#1581,#1582,#1583,#1584,#1585,
    #1586,#1587,#1588,#1589,#1590,#1591,#1592,#1593,#1594,#1595,#1596,
    #1597,#1598,#1599,#1600,#1601,#1602,#1603,#1604,#1605,#1606,#1607,
    #1608,#1609,#1610,#1611,#1612,#1613,#1614,#1615,#1616,#1617,#1618,
    #1619,#1620,#1621,#1622,#1623,#1624,#1625,#1626,#1627),
  .UNSPECIFIED.,.F.,.F.,(4,1,1,1,1,1,1,1,1,1,1,1,1,1,1,1,1,1,1,1,1,1,1,1
    ,1,1,1,1,1,1,1,1,1,1,1,1,1,1,1,1,1,1,1,1,1,1,1,1,1,1,1,1,1,1,1,1,1,1
    ,1,1,1,1,1,1,1,1,4),(0.,2.118406130172E-02,4.236812260344E-02,
    6.355218390516E-02,8.473624520689E-02,0.105920306509,0.12710436781,
    0.148288429112,0.169472490414,0.190656551715,0.211840613017,
    0.233024674319,0.254208735621,0.275392796922,0.296576858224,
    0.317760919526,0.338944980828,0.360129042129,0.381313103431,
    0.402497164733,0.423681226034,0.444865287336,0.466049348638,
    0.48723340994,0.508417471241,0.529601532543,0.550785593845,
    0.571969655146,0.593153716448,0.61433777775,0.635521839052,
    0.656705900353,0.677889961655,0.699074022957,0.720258084259,
    0.74144214556,0.762626206862,0.783810268164,0.804994329465,
    0.826178390767,0.847362452069,0.868546513371,0.889730574672,
    0.910914635974,0.932098697276,0.953282758577,0.974466819879,
    0.995650881181,1.016834942483,1.038019003784,1.059203065086,
    1.080387126388,1.10157118769,1.122755248991,1.143939310293,
    1.165123371595,1.186307432896,1.207491494198,1.2286755555,
    1.249859616802,1.271043678103,1.292227739405,1.313411800707,
    1.334595862008,1.35577992331,1.376963984612,1.398148045914),
  .QUASI_UNIFORM_KNOTS.);
#1559 = CARTESIAN_POINT('',(2.660079036916,5.999999999062E-07));
#1560 = CARTESIAN_POINT('',(2.678338922725,-2.45450647968E-03));
#1561 = CARTESIAN_POINT('',(2.714819665792,-7.490242026569E-03));
#1562 = CARTESIAN_POINT('',(2.76942883674,-1.540946209417E-02));
#1563 = CARTESIAN_POINT('',(2.823930763412,-2.368416403512E-02));
#1564 = CARTESIAN_POINT('',(2.878331694374,-3.23013564806E-02));
#1565 = CARTESIAN_POINT('',(2.932638757697,-4.124607669458E-02));
#1566 = CARTESIAN_POINT('',(2.986860039057,-5.050107584641E-02));
#1567 = CARTESIAN_POINT('',(3.041004486528,-6.004684720577E-02));
#1568 = CARTESIAN_POINT('',(3.095081881343,-6.986158376891E-02));
#1569 = CARTESIAN_POINT('',(3.149102804743,-7.992117650321E-02));
#1570 = CARTESIAN_POINT('',(3.203078610727,-9.019922195298E-02));
#1571 = CARTESIAN_POINT('',(3.257021410121,-0.100667053048));
#1572 = CARTESIAN_POINT('',(3.310944015611,-0.111293769005));
#1573 = CARTESIAN_POINT('',(3.364860032396,-0.12204634692));
#1574 = CARTESIAN_POINT('',(3.418783395237,-0.132889525535));
#1575 = CARTESIAN_POINT('',(3.47273018593,-0.143786472527));
#1576 = CARTESIAN_POINT('',(3.526716299902,-0.154698230171));
#1577 = CARTESIAN_POINT('',(3.580757293732,-0.165583804515));
#1578 = CARTESIAN_POINT('',(3.634868450556,-0.1764003775));
#1579 = CARTESIAN_POINT('',(3.689064743716,-0.187103486834));
#1580 = CARTESIAN_POINT('',(3.743360771351,-0.197647211938));
#1581 = CARTESIAN_POINT('',(3.797770732521,-0.207984367815));
#1582 = CARTESIAN_POINT('',(3.852308139097,-0.218066661179));
#1583 = CARTESIAN_POINT('',(3.906986472551,-0.227844989619));
#1584 = CARTESIAN_POINT('',(3.961813856086,-0.237269028665));
#1585 = CARTESIAN_POINT('',(4.016798571521,-0.246288396477));
#1586 = CARTESIAN_POINT('',(4.071946515169,-0.254853094692));
#1587 = CARTESIAN_POINT('',(4.127261255452,-0.26291330744));
#1588 = CARTESIAN_POINT('',(4.182743301218,-0.270420240321));
#1589 = CARTESIAN_POINT('',(4.238390073712,-0.277326599012));
#1590 = CARTESIAN_POINT('',(4.294195852903,-0.283587539821));
#1591 = CARTESIAN_POINT('',(4.350152888629,-0.289160670993));
#1592 = CARTESIAN_POINT('',(4.406250113955,-0.294007191448));
#1593 = CARTESIAN_POINT('',(4.462469449656,-0.298091987574));
#1594 = CARTESIAN_POINT('',(4.518792685884,-0.301385063145));
#1595 = CARTESIAN_POINT('',(4.575199591919,-0.303861705993));
#1596 = CARTESIAN_POINT('',(4.631667980719,-0.305502980185));
#1597 = CARTESIAN_POINT('',(4.688173594458,-0.306296093217));
#1598 = CARTESIAN_POINT('',(4.744688048001,-0.306234937621));
#1599 = CARTESIAN_POINT('',(4.801192245912,-0.305319916301));
#1600 = CARTESIAN_POINT('',(4.857655569351,-0.303558109812));
#1601 = CARTESIAN_POINT('',(4.914053193483,-0.300963249127));
#1602 = CARTESIAN_POINT('',(4.970362928856,-0.297555173124));
#1603 = CARTESIAN_POINT('',(5.026565552665,-0.293359387211));
#1604 = CARTESIAN_POINT('',(5.082644260145,-0.288406572866));
#1605 = CARTESIAN_POINT('',(5.138584460517,-0.282732077828));
#1606 = CARTESIAN_POINT('',(5.194373288036,-0.276375418211));
#1607 = CARTESIAN_POINT('',(5.250000036906,-0.269379637722));
#1608 = CARTESIAN_POINT('',(5.305453250298,-0.261791111973));
#1609 = CARTESIAN_POINT('',(5.360730846172,-0.253657609849));
#1610 = CARTESIAN_POINT('',(5.415838536088,-0.245027495262));
#1611 = CARTESIAN_POINT('',(5.470782519161,-0.235950230995));
#1612 = CARTESIAN_POINT('',(5.525570941307,-0.226475726105));
#1613 = CARTESIAN_POINT('',(5.580213193128,-0.216654014459));
#1614 = CARTESIAN_POINT('',(5.63471985416,-0.206534881308));
#1615 = CARTESIAN_POINT('',(5.689102521985,-0.196167540583));
#1616 = CARTESIAN_POINT('',(5.743373720323,-0.185600335257));
#1617 = CARTESIAN_POINT('',(5.797546819857,-0.174880468723));
#1618 = CARTESIAN_POINT('',(5.85163598748,-0.164053763047));
#1619 = CARTESIAN_POINT('',(5.905656111862,-0.153164452686));
#1620 = CARTESIAN_POINT('',(5.959622844685,-0.142254983497));
#1621 = CARTESIAN_POINT('',(6.013552204241,-0.131365929101));
#1622 = CARTESIAN_POINT('',(6.067461774813,-0.120535606529));
#1623 = CARTESIAN_POINT('',(6.121365719353,-0.109800985099));
#1624 = CARTESIAN_POINT('',(6.175277074875,-9.919709756803E-02));
#1625 = CARTESIAN_POINT('',(6.229210044281,-8.87566766793E-02));
#1626 = CARTESIAN_POINT('',(6.265188270679,-8.192527885371E-02));
#1627 = CARTESIAN_POINT('',(6.28318530718,-7.854691379998E-02));
#1628 = ( GEOMETRIC_REPRESENTATION_CONTEXT(2) 
PARAMETRIC_REPRESENTATION_CONTEXT() REPRESENTATION_CONTEXT('2D SPACE',''
  ) );
#1629 = ADVANCED_FACE('',(#1630),#277,.T.);
#1630 = FACE_BOUND('',#1631,.T.);
#1631 = EDGE_LOOP('',(#1632));
#1632 = ORIENTED_EDGE('',*,*,#262,.T.);
#1633 = ADVANCED_FACE('',(#1634),#344,.F.);
#1634 = FACE_BOUND('',#1635,.F.);
#1635 = EDGE_LOOP('',(#1636,#1637,#1638,#1784,#2536,#3216));
#1636 = ORIENTED_EDGE('',*,*,#459,.F.);
#1637 = ORIENTED_EDGE('',*,*,#317,.F.);
#1638 = ORIENTED_EDGE('',*,*,#1639,.F.);
#1639 = EDGE_CURVE('',#1640,#318,#1642,.T.);
#1640 = VERTEX_POINT('',#1641);
#1641 = CARTESIAN_POINT('',(-1.008636907447,-0.544463585761,3.05));
#1642 = SURFACE_CURVE('',#1643,(#1688,#1736),.PCURVE_S1.);
#1643 = B_SPLINE_CURVE_WITH_KNOTS('',8,(#1644,#1645,#1646,#1647,#1648,
    #1649,#1650,#1651,#1652,#1653,#1654,#1655,#1656,#1657,#1658,#1659,
    #1660,#1661,#1662,#1663,#1664,#1665,#1666,#1667,#1668,#1669,#1670,
    #1671,#1672,#1673,#1674,#1675,#1676,#1677,#1678,#1679,#1680,#1681,
    #1682,#1683,#1684,#1685,#1686,#1687),.UNSPECIFIED.,.T.,.F.,(9,7,7,7,
    7,7,9),(0.,0.250031982744,0.375126247626,0.500000000001,
    0.624873752375,0.749968017257,1.),.UNSPECIFIED.);
#1644 = CARTESIAN_POINT('',(-0.525555555556,-0.316666666667,3.05));
#1645 = CARTESIAN_POINT('',(-0.525555846479,-0.363273947594,3.05));
#1646 = CARTESIAN_POINT('',(-0.54476512169,-0.409942981595,3.05));
#1647 = CARTESIAN_POINT('',(-0.583286106272,-0.453299252831,3.05));
#1648 = CARTESIAN_POINT('',(-0.63836961097,-0.490209742872,3.05));
#1649 = CARTESIAN_POINT('',(-0.705620413775,-0.518791179526,3.05));
#1650 = CARTESIAN_POINT('',(-0.78076667114,-0.538104320308,3.05));
#1651 = CARTESIAN_POINT('',(-0.859786943852,-0.547777718995,3.05));
#1652 = CARTESIAN_POINT('',(-0.978464439512,-0.547777800077,3.05));
#1653 = CARTESIAN_POINT('',(-1.018033986356,-0.545356322638,3.05));
#1654 = CARTESIAN_POINT('',(-1.057108773742,-0.540514993584,3.05));
#1655 = CARTESIAN_POINT('',(-1.095193052049,-0.53327993256,3.05));
#1656 = CARTESIAN_POINT('',(-1.131779975994,-0.523707668135,3.05));
#1657 = CARTESIAN_POINT('',(-1.166355658588,-0.511891571049,3.05));
#1658 = CARTESIAN_POINT('',(-1.198411377512,-0.497968769697,3.05));
#1659 = CARTESIAN_POINT('',(-1.256465441279,-0.466314262734,3.05));
#1660 = CARTESIAN_POINT('',(-1.282476431426,-0.448587591919,3.05));
#1661 = CARTESIAN_POINT('',(-1.305004598168,-0.429141623857,3.05));
#1662 = CARTESIAN_POINT('',(-1.323587508593,-0.408223525626,3.05));
#1663 = CARTESIAN_POINT('',(-1.337827449049,-0.386139363014,3.05));
#1664 = CARTESIAN_POINT('',(-1.347426533562,-0.363249556939,3.05));
#1665 = CARTESIAN_POINT('',(-1.352222074656,-0.339953976215,3.05));
#1666 = CARTESIAN_POINT('',(-1.352222074656,-0.293379357118,3.05));
#1667 = CARTESIAN_POINT('',(-1.347426533562,-0.270083776394,3.05));
#1668 = CARTESIAN_POINT('',(-1.337827449049,-0.247193970319,3.05));
#1669 = CARTESIAN_POINT('',(-1.323587508593,-0.225109807707,3.05));
#1670 = CARTESIAN_POINT('',(-1.305004598168,-0.204191709476,3.05));
#1671 = CARTESIAN_POINT('',(-1.282476431426,-0.184745741414,3.05));
#1672 = CARTESIAN_POINT('',(-1.256465441279,-0.1670190706,3.05));
#1673 = CARTESIAN_POINT('',(-1.198411377512,-0.135364563636,3.05));
#1674 = CARTESIAN_POINT('',(-1.166355658588,-0.121441762284,3.05));
#1675 = CARTESIAN_POINT('',(-1.131779975994,-0.109625665198,3.05));
#1676 = CARTESIAN_POINT('',(-1.095193052049,-0.100053400774,3.05));
#1677 = CARTESIAN_POINT('',(-1.057108773742,-9.281833974923E-02,3.05));
#1678 = CARTESIAN_POINT('',(-1.018033986356,-8.797701069574E-02,3.05));
#1679 = CARTESIAN_POINT('',(-0.978464439512,-8.555553325599E-02,3.05));
#1680 = CARTESIAN_POINT('',(-0.859786943853,-8.555561433835E-02,3.05));
#1681 = CARTESIAN_POINT('',(-0.780766671138,-9.522901302554E-02,3.05));
#1682 = CARTESIAN_POINT('',(-0.705620413779,-0.114542153807,3.05));
#1683 = CARTESIAN_POINT('',(-0.638369610967,-0.143123590462,3.05));
#1684 = CARTESIAN_POINT('',(-0.583286106275,-0.180034080502,3.05));
#1685 = CARTESIAN_POINT('',(-0.544765121689,-0.223390351739,3.05));
#1686 = CARTESIAN_POINT('',(-0.52555584648,-0.270059385739,3.05));
#1687 = CARTESIAN_POINT('',(-0.525555555556,-0.316666666667,3.05));
#1688 = PCURVE('',#344,#1689);
#1689 = DEFINITIONAL_REPRESENTATION('',(#1690),#1735);
#1690 = B_SPLINE_CURVE_WITH_KNOTS('',8,(#1691,#1692,#1693,#1694,#1695,
    #1696,#1697,#1698,#1699,#1700,#1701,#1702,#1703,#1704,#1705,#1706,
    #1707,#1708,#1709,#1710,#1711,#1712,#1713,#1714,#1715,#1716,#1717,
    #1718,#1719,#1720,#1721,#1722,#1723,#1724,#1725,#1726,#1727,#1728,
    #1729,#1730,#1731,#1732,#1733,#1734),.UNSPECIFIED.,.F.,.F.,(9,7,7,7,
    7,7,9),(0.,0.250031982744,0.375126247626,0.500000000001,
    0.624873752375,0.749968017257,1.),.UNSPECIFIED.);
#1691 = CARTESIAN_POINT('',(1.897620690209,-0.130468907578));
#1692 = CARTESIAN_POINT('',(1.902209734102,-0.176849715157));
#1693 = CARTESIAN_POINT('',(1.925920514045,-0.221400740994));
#1694 = CARTESIAN_POINT('',(1.968523015568,-0.260753750698));
#1695 = CARTESIAN_POINT('',(2.02697294289,-0.292061621288));
#1696 = CARTESIAN_POINT('',(2.096711009534,-0.313882965424));
#1697 = CARTESIAN_POINT('',(2.173393653186,-0.325703691515));
#1698 = CARTESIAN_POINT('',(2.252982402062,-0.327550091815));
#1699 = CARTESIAN_POINT('',(2.371083302864,-0.31586569172));
#1700 = CARTESIAN_POINT('',(2.410222189966,-0.309560130138));
#1701 = CARTESIAN_POINT('',(2.448630473149,-0.300895185868));
#1702 = CARTESIAN_POINT('',(2.485817383056,-0.289945661045));
#1703 = CARTESIAN_POINT('',(2.521284102507,-0.27681771142));
#1704 = CARTESIAN_POINT('',(2.554528434154,-0.261654849209));
#1705 = CARTESIAN_POINT('',(2.585057628421,-0.24464362319));
#1706 = CARTESIAN_POINT('',(2.639713064553,-0.207427155973));
#1707 = CARTESIAN_POINT('',(2.66385238599,-0.187225680106));
#1708 = CARTESIAN_POINT('',(2.684356530876,-0.165656164277));
#1709 = CARTESIAN_POINT('',(2.700789648079,-0.143010103859));
#1710 = CARTESIAN_POINT('',(2.712786090202,-0.119631234792));
#1711 = CARTESIAN_POINT('',(2.720084904077,-9.590755544704E-02));
#1712 = CARTESIAN_POINT('',(2.722563562039,-7.225300936467E-02));
#1713 = CARTESIAN_POINT('',(2.717978023401,-2.590467628334E-02));
#1714 = CARTESIAN_POINT('',(2.710912198111,-3.194427305729E-03));
#1715 = CARTESIAN_POINT('',(2.699106118596,1.863908208084E-02));
#1716 = CARTESIAN_POINT('',(2.682761051282,3.921394336768E-02));
#1717 = CARTESIAN_POINT('',(2.662208920353,5.820081535108E-02));
#1718 = CARTESIAN_POINT('',(2.637875641074,7.533427647728E-02));
#1719 = CARTESIAN_POINT('',(2.610245734614,9.041388972209E-02));
#1720 = CARTESIAN_POINT('',(2.549357162599,0.116198845199));
#1721 = CARTESIAN_POINT('',(2.516086408883,0.126897932094));
#1722 = CARTESIAN_POINT('',(2.480515352045,0.1352524454));
#1723 = CARTESIAN_POINT('',(2.443163743819,0.141176009604));
#1724 = CARTESIAN_POINT('',(2.404552167322,0.144626302739));
#1725 = CARTESIAN_POINT('',(2.36519057086,0.14559697271));
#1726 = CARTESIAN_POINT('',(2.325574867047,0.144110836176));
#1727 = CARTESIAN_POINT('',(2.20747398221,0.132426274704));
#1728 = CARTESIAN_POINT('',(2.129790036605,0.115019875386));
#1729 = CARTESIAN_POINT('',(2.056910372134,8.840198838072E-02));
#1730 = CARTESIAN_POINT('',(1.992800318536,5.333818898843E-02));
#1731 = CARTESIAN_POINT('',(1.94161849052,1.118374384846E-02));
#1732 = CARTESIAN_POINT('',(1.907553336623,-3.575449002384E-02));
#1733 = CARTESIAN_POINT('',(1.893032225337,-8.408804271308E-02));
#1734 = CARTESIAN_POINT('',(1.897620690209,-0.130468907578));
#1735 = ( GEOMETRIC_REPRESENTATION_CONTEXT(2) 
PARAMETRIC_REPRESENTATION_CONTEXT() REPRESENTATION_CONTEXT('2D SPACE',''
  ) );
#1736 = PCURVE('',#411,#1737);
#1737 = DEFINITIONAL_REPRESENTATION('',(#1738),#1783);
#1738 = B_SPLINE_CURVE_WITH_KNOTS('',8,(#1739,#1740,#1741,#1742,#1743,
    #1744,#1745,#1746,#1747,#1748,#1749,#1750,#1751,#1752,#1753,#1754,
    #1755,#1756,#1757,#1758,#1759,#1760,#1761,#1762,#1763,#1764,#1765,
    #1766,#1767,#1768,#1769,#1770,#1771,#1772,#1773,#1774,#1775,#1776,
    #1777,#1778,#1779,#1780,#1781,#1782),.UNSPECIFIED.,.F.,.F.,(9,7,7,7,
    7,7,9),(0.,0.250031982744,0.375126247626,0.500000000001,
    0.624873752375,0.749968017257,1.),.UNSPECIFIED.);
#1739 = CARTESIAN_POINT('',(6.28318530718,0.111111111111));
#1740 = CARTESIAN_POINT('',(6.081519557849,0.111111111111));
#1741 = CARTESIAN_POINT('',(5.879581586447,0.111111111111));
#1742 = CARTESIAN_POINT('',(5.679501686642,0.111111111111));
#1743 = CARTESIAN_POINT('',(5.482112650799,0.111111111111));
#1744 = CARTESIAN_POINT('',(5.287415066276,0.111111111111));
#1745 = CARTESIAN_POINT('',(5.094946988578,0.111111111111));
#1746 = CARTESIAN_POINT('',(4.903763964499,0.111111111111));
#1747 = CARTESIAN_POINT('',(4.616641577625,0.111111111111));
#1748 = CARTESIAN_POINT('',(4.520909155465,0.111111111111));
#1749 = CARTESIAN_POINT('',(4.425035281651,0.111111111111));
#1750 = CARTESIAN_POINT('',(4.328885229743,0.111111111111));
#1751 = CARTESIAN_POINT('',(4.232343938046,0.111111111111));
#1752 = CARTESIAN_POINT('',(4.135316935385,0.111111111111));
#1753 = CARTESIAN_POINT('',(4.037734233719,0.111111111111));
#1754 = CARTESIAN_POINT('',(3.841553205108,0.111111111111));
#1755 = CARTESIAN_POINT('',(3.74294849077,0.111111111111));
#1756 = CARTESIAN_POINT('',(3.64374896308,0.111111111111));
#1757 = CARTESIAN_POINT('',(3.54399291046,0.111111111111));
#1758 = CARTESIAN_POINT('',(3.443755074813,0.111111111111));
#1759 = CARTESIAN_POINT('',(3.343152942502,0.111111111111));
#1760 = CARTESIAN_POINT('',(3.242355242768,0.111111111111));
#1761 = CARTESIAN_POINT('',(3.040830064412,0.111111111111));
#1762 = CARTESIAN_POINT('',(2.940032364678,0.111111111111));
#1763 = CARTESIAN_POINT('',(2.839430232366,0.111111111111));
#1764 = CARTESIAN_POINT('',(2.73919239672,0.111111111111));
#1765 = CARTESIAN_POINT('',(2.6394363441,0.111111111111));
#1766 = CARTESIAN_POINT('',(2.54023681641,0.111111111111));
#1767 = CARTESIAN_POINT('',(2.441632102072,0.111111111111));
#1768 = CARTESIAN_POINT('',(2.245451073461,0.111111111111));
#1769 = CARTESIAN_POINT('',(2.147868371794,0.111111111111));
#1770 = CARTESIAN_POINT('',(2.050841369134,0.111111111111));
#1771 = CARTESIAN_POINT('',(1.954300077437,0.111111111111));
#1772 = CARTESIAN_POINT('',(1.858150025529,0.111111111111));
#1773 = CARTESIAN_POINT('',(1.762276151714,0.111111111111));
#1774 = CARTESIAN_POINT('',(1.666543729555,0.111111111111));
#1775 = CARTESIAN_POINT('',(1.379421342681,0.111111111111));
#1776 = CARTESIAN_POINT('',(1.188238318602,0.111111111111));
#1777 = CARTESIAN_POINT('',(0.995770240902,0.111111111111));
#1778 = CARTESIAN_POINT('',(0.801072656384,0.111111111111));
#1779 = CARTESIAN_POINT('',(0.603683620535,0.111111111111));
#1780 = CARTESIAN_POINT('',(0.403603720733,0.111111111111));
#1781 = CARTESIAN_POINT('',(0.201665749331,0.111111111111));
#1782 = CARTESIAN_POINT('',(0.,0.111111111111));
#1783 = ( GEOMETRIC_REPRESENTATION_CONTEXT(2) 
PARAMETRIC_REPRESENTATION_CONTEXT() REPRESENTATION_CONTEXT('2D SPACE',''
  ) );
#1784 = ORIENTED_EDGE('',*,*,#1785,.F.);
#1785 = EDGE_CURVE('',#1786,#1640,#1788,.T.);
#1786 = VERTEX_POINT('',#1787);
#1787 = CARTESIAN_POINT('',(1.212249975492,-1.423781415938E-14,3.05));
#1788 = SURFACE_CURVE('',#1789,(#1912,#2038),.PCURVE_S1.);
#1789 = B_SPLINE_CURVE_WITH_KNOTS('',6,(#1790,#1791,#1792,#1793,#1794,
    #1795,#1796,#1797,#1798,#1799,#1800,#1801,#1802,#1803,#1804,#1805,
    #1806,#1807,#1808,#1809,#1810,#1811,#1812,#1813,#1814,#1815,#1816,
    #1817,#1818,#1819,#1820,#1821,#1822,#1823,#1824,#1825,#1826,#1827,
    #1828,#1829,#1830,#1831,#1832,#1833,#1834,#1835,#1836,#1837,#1838,
    #1839,#1840,#1841,#1842,#1843,#1844,#1845,#1846,#1847,#1848,#1849,
    #1850,#1851,#1852,#1853,#1854,#1855,#1856,#1857,#1858,#1859,#1860,
    #1861,#1862,#1863,#1864,#1865,#1866,#1867,#1868,#1869,#1870,#1871,
    #1872,#1873,#1874,#1875,#1876,#1877,#1878,#1879,#1880,#1881,#1882,
    #1883,#1884,#1885,#1886,#1887,#1888,#1889,#1890,#1891,#1892,#1893,
    #1894,#1895,#1896,#1897,#1898,#1899,#1900,#1901,#1902,#1903,#1904,
    #1905,#1906,#1907,#1908,#1909,#1910,#1911),.UNSPECIFIED.,.T.,.F.,(7,
    5,5,5,5,5,5,5,5,5,5,5,5,5,5,5,5,5,5,5,5,5,5,5,7),(0.,
    6.080259264566E-02,9.67933262148E-02,0.139998068772,0.170591810649,
    0.19335057925,0.249734802931,0.328830290394,0.36048681903,
    0.403672421658,0.439639680928,0.459673353149,0.499595344308,
    0.5279924108,0.56056005456,0.59653779736,0.639736884793,
    0.670328573434,0.693086191131,0.74962461316,0.828537866388,
    0.859161045054,0.902416256466,0.938447995768,1.),.UNSPECIFIED.);
#1790 = CARTESIAN_POINT('',(1.212249975492,-1.417702204874E-14,3.05));
#1791 = CARTESIAN_POINT('',(1.212250065514,-6.980222989E-02,3.05));
#1792 = CARTESIAN_POINT('',(1.204882440762,-0.139654533543,3.05));
#1793 = CARTESIAN_POINT('',(1.190128906977,-0.20847446723,3.05));
#1794 = CARTESIAN_POINT('',(1.168382540838,-0.27539021995,3.05));
#1795 = CARTESIAN_POINT('',(1.140217103215,-0.339692617826,3.05));
#1796 = CARTESIAN_POINT('',(1.086318273926,-0.437016222259,3.05));
#1797 = CARTESIAN_POINT('',(1.064275418039,-0.472106911746,3.05));
#1798 = CARTESIAN_POINT('',(1.040371385696,-0.50599827244,3.05));
#1799 = CARTESIAN_POINT('',(1.014751658669,-0.53861561602,3.05));
#1800 = CARTESIAN_POINT('',(0.987559359555,-0.5699062889,3.05));
#1801 = CARTESIAN_POINT('',(0.924557450092,-0.635761077603,3.05));
#1802 = CARTESIAN_POINT('',(0.888114658426,-0.669722652795,3.05));
#1803 = CARTESIAN_POINT('',(0.849829094891,-0.701659795099,3.05));
#1804 = CARTESIAN_POINT('',(0.809916238901,-0.731541210585,3.05));
#1805 = CARTESIAN_POINT('',(0.768571291127,-0.759355845106,3.05));
#1806 = CARTESIAN_POINT('',(0.695791717577,-0.803338636134,3.05));
#1807 = CARTESIAN_POINT('',(0.664988023132,-0.820535664456,3.05));
#1808 = CARTESIAN_POINT('',(0.63361296691,-0.836696853371,3.05));
#1809 = CARTESIAN_POINT('',(0.601723307611,-0.851824133746,3.05));
#1810 = CARTESIAN_POINT('',(0.569371568718,-0.865920788454,3.05));
#1811 = CARTESIAN_POINT('',(0.51223167483,-0.888714715837,3.05));
#1812 = CARTESIAN_POINT('',(0.487628487751,-0.897870006532,3.05));
#1813 = CARTESIAN_POINT('',(0.462816434709,-0.906459069315,3.05));
#1814 = CARTESIAN_POINT('',(0.437814562424,-0.914483656218,3.05));
#1815 = CARTESIAN_POINT('',(0.412641006888,-0.921945526455,3.05));
#1816 = CARTESIAN_POINT('',(0.324562380545,-0.945943623651,3.05));
#1817 = CARTESIAN_POINT('',(0.260868304186,-0.959596249863,3.05));
#1818 = CARTESIAN_POINT('',(0.19648504761,-0.969833082145,3.05));
#1819 = CARTESIAN_POINT('',(0.131653318226,-0.976673842847,3.05));
#1820 = CARTESIAN_POINT('',(6.660024753523E-02,-0.98012921958,3.05));
#1821 = CARTESIAN_POINT('',(-8.972607147512E-02,-0.980301113093,3.05));
#1822 = CARTESIAN_POINT('',(-0.180975594076,-0.973741369038,3.05));
#1823 = CARTESIAN_POINT('',(-0.271646327555,-0.960528812982,3.05));
#1824 = CARTESIAN_POINT('',(-0.361097383753,-0.940605135827,3.05));
#1825 = CARTESIAN_POINT('',(-0.44861991491,-0.913914279107,3.05));
#1826 = CARTESIAN_POINT('',(-0.567368386152,-0.866930353777,3.05));
#1827 = CARTESIAN_POINT('',(-0.600871454991,-0.852403138669,3.05));
#1828 = CARTESIAN_POINT('',(-0.633882245927,-0.836773155107,3.05));
#1829 = CARTESIAN_POINT('',(-0.666342746521,-0.820036805184,3.05));
#1830 = CARTESIAN_POINT('',(-0.69819010787,-0.802192032542,3.05));
#1831 = CARTESIAN_POINT('',(-0.7718738122,-0.757381908436,3.05));
#1832 = CARTESIAN_POINT('',(-0.813121750798,-0.729463484599,3.05));
#1833 = CARTESIAN_POINT('',(-0.852931513755,-0.699482000871,3.05));
#1834 = CARTESIAN_POINT('',(-0.891107786119,-0.667449087746,3.05));
#1835 = CARTESIAN_POINT('',(-0.927435004242,-0.633396712274,3.05));
#1836 = CARTESIAN_POINT('',(-0.990207482532,-0.567392213755,3.05));
#1837 = CARTESIAN_POINT('',(-1.017288460749,-0.536041465243,3.05));
#1838 = CARTESIAN_POINT('',(-1.042793137174,-0.503368975915,3.05));
#1839 = CARTESIAN_POINT('',(-1.066578453695,-0.469427834058,3.05));
#1840 = CARTESIAN_POINT('',(-1.088499005076,-0.434293177366,3.05));
#1841 = CARTESIAN_POINT('',(-1.119507304736,-0.377889948494,3.05));
#1842 = CARTESIAN_POINT('',(-1.129978328362,-0.357373886712,3.05));
#1843 = CARTESIAN_POINT('',(-1.139802957322,-0.336537026428,3.05));
#1844 = CARTESIAN_POINT('',(-1.148957948498,-0.315399659525,3.05));
#1845 = CARTESIAN_POINT('',(-1.157421406275,-0.293984699376,3.05));
#1846 = CARTESIAN_POINT('',(-1.18061951205,-0.229140819898,3.05));
#1847 = CARTESIAN_POINT('',(-1.193241138015,-0.184956808582,3.05));
#1848 = CARTESIAN_POINT('',(-1.202874179983,-0.139979742679,3.05));
#1849 = CARTESIAN_POINT('',(-1.209396244551,-9.44470561994E-02,3.05));
#1850 = CARTESIAN_POINT('',(-1.212738839986,-4.862121154726E-02,3.05));
#1851 = CARTESIAN_POINT('',(-1.213015156711,2.980787142157E-02,3.05));
#1852 = CARTESIAN_POINT('',(-1.211520272439,6.241404638003E-02,3.05));
#1853 = CARTESIAN_POINT('',(-1.208415826955,9.492591336704E-02,3.05));
#1854 = CARTESIAN_POINT('',(-1.203717241712,0.127246806186,3.05));
#1855 = CARTESIAN_POINT('',(-1.197455070694,0.15928461426,3.05));
#1856 = CARTESIAN_POINT('',(-1.180752115131,0.227269991441,3.05));
#1857 = CARTESIAN_POINT('',(-1.169831166074,0.263103821837,3.05));
#1858 = CARTESIAN_POINT('',(-1.156979236781,0.298321979409,3.05));
#1859 = CARTESIAN_POINT('',(-1.142282752003,0.332813541664,3.05));
#1860 = CARTESIAN_POINT('',(-1.12584068688,0.366485436129,3.05));
#1861 = CARTESIAN_POINT('',(-1.087781508685,0.435466136818,3.05));
#1862 = CARTESIAN_POINT('',(-1.065802066804,0.470578488232,3.05));
#1863 = CARTESIAN_POINT('',(-1.041959990162,0.504494805074,3.05));
#1864 = CARTESIAN_POINT('',(-1.016400802903,0.537140283049,3.05));
#1865 = CARTESIAN_POINT('',(-0.989267596725,0.568462131106,3.05));
#1866 = CARTESIAN_POINT('',(-0.926384424424,0.634400189622,3.05));
#1867 = CARTESIAN_POINT('',(-0.889999662807,0.668414214728,3.05));
#1868 = CARTESIAN_POINT('',(-0.851768986062,0.700406768923,3.05));
#1869 = CARTESIAN_POINT('',(-0.81190785245,0.730346204086,3.05));
#1870 = CARTESIAN_POINT('',(-0.770611436541,0.758221117073,3.05));
#1871 = CARTESIAN_POINT('',(-0.69790738928,0.802311409979,3.05));
#1872 = CARTESIAN_POINT('',(-0.667132199106,0.819554541421,3.05));
#1873 = CARTESIAN_POINT('',(-0.635783980969,0.835762580131,3.05));
#1874 = CARTESIAN_POINT('',(-0.603919510219,0.850937361041,3.05));
#1875 = CARTESIAN_POINT('',(-0.571591330272,0.86508208324,3.05));
#1876 = CARTESIAN_POINT('',(-0.514489317177,0.887960860752,3.05));
#1877 = CARTESIAN_POINT('',(-0.489901161326,0.897152694151,3.05));
#1878 = CARTESIAN_POINT('',(-0.465103252921,0.905778525992,3.05));
#1879 = CARTESIAN_POINT('',(-0.440114648864,0.913840082806,3.05));
#1880 = CARTESIAN_POINT('',(-0.414953495101,0.921339101827,3.05));
#1881 = CARTESIAN_POINT('',(-0.326740311217,0.945514826328,3.05));
#1882 = CARTESIAN_POINT('',(-0.262889543812,0.95928953143,3.05));
#1883 = CARTESIAN_POINT('',(-0.198341338529,0.969630187476,3.05));
#1884 = CARTESIAN_POINT('',(-0.133338495398,0.976556466043,3.05));
#1885 = CARTESIAN_POINT('',(-6.811000035038E-02,0.980078969107,3.05));
#1886 = CARTESIAN_POINT('',(8.81843624474E-02,0.980366805058,3.05));
#1887 = CARTESIAN_POINT('',(0.179229054567,0.973904991331,3.05));
#1888 = CARTESIAN_POINT('',(0.269703747592,0.960820364865,3.05));
#1889 = CARTESIAN_POINT('',(0.358972079108,0.941054705347,3.05));
#1890 = CARTESIAN_POINT('',(0.44633044158,0.914551617,3.05));
#1891 = CARTESIAN_POINT('',(0.56385313299,0.868277415177,3.05));
#1892 = CARTESIAN_POINT('',(0.596299984709,0.854312937008,3.05));
#1893 = CARTESIAN_POINT('',(0.62828966701,0.839316259439,3.05));
#1894 = CARTESIAN_POINT('',(0.659769841639,0.823284005946,3.05));
#1895 = CARTESIAN_POINT('',(0.690683956897,0.806214099911,3.05));
#1896 = CARTESIAN_POINT('',(0.763752028132,0.762527840834,3.05));
#1897 = CARTESIAN_POINT('',(0.805280017084,0.734879757026,3.05));
#1898 = CARTESIAN_POINT('',(0.8453869529,0.705159434553,3.05));
#1899 = CARTESIAN_POINT('',(0.883878180278,0.673377072523,3.05));
#1900 = CARTESIAN_POINT('',(0.920538635733,0.639562759733,3.05));
#1901 = CARTESIAN_POINT('',(0.983960978924,0.573961981465,3.05));
#1902 = CARTESIAN_POINT('',(1.011352372855,0.542780962745,3.05));
#1903 = CARTESIAN_POINT('',(1.037179781688,0.510266044435,3.05));
#1904 = CARTESIAN_POINT('',(1.061299945417,0.476468758014,3.05));
#1905 = CARTESIAN_POINT('',(1.083566921813,0.441462533735,3.05));
#1906 = CARTESIAN_POINT('',(1.13847032164,0.343654823374,3.05));
#1907 = CARTESIAN_POINT('',(1.167302703999,0.278690849857,3.05));
#1908 = CARTESIAN_POINT('',(1.189579172728,0.211022125252,3.05));
#1909 = CARTESIAN_POINT('',(1.204699588029,0.141378858355,3.05));
#1910 = CARTESIAN_POINT('',(1.21225007306,7.066298039391E-02,3.05));
#1911 = CARTESIAN_POINT('',(1.212249975492,5.135654409311E-15,3.05));
#1912 = PCURVE('',#344,#1913);
#1913 = DEFINITIONAL_REPRESENTATION('',(#1914),#2037);
#1914 = B_SPLINE_CURVE_WITH_KNOTS('',6,(#1915,#1916,#1917,#1918,#1919,
    #1920,#1921,#1922,#1923,#1924,#1925,#1926,#1927,#1928,#1929,#1930,
    #1931,#1932,#1933,#1934,#1935,#1936,#1937,#1938,#1939,#1940,#1941,
    #1942,#1943,#1944,#1945,#1946,#1947,#1948,#1949,#1950,#1951,#1952,
    #1953,#1954,#1955,#1956,#1957,#1958,#1959,#1960,#1961,#1962,#1963,
    #1964,#1965,#1966,#1967,#1968,#1969,#1970,#1971,#1972,#1973,#1974,
    #1975,#1976,#1977,#1978,#1979,#1980,#1981,#1982,#1983,#1984,#1985,
    #1986,#1987,#1988,#1989,#1990,#1991,#1992,#1993,#1994,#1995,#1996,
    #1997,#1998,#1999,#2000,#2001,#2002,#2003,#2004,#2005,#2006,#2007,
    #2008,#2009,#2010,#2011,#2012,#2013,#2014,#2015,#2016,#2017,#2018,
    #2019,#2020,#2021,#2022,#2023,#2024,#2025,#2026,#2027,#2028,#2029,
    #2030,#2031,#2032,#2033,#2034,#2035,#2036),.UNSPECIFIED.,.F.,.F.,(7,
    5,5,5,5,5,5,5,5,5,5,5,5,5,5,5,5,5,5,5,5,5,5,5,7),(0.,
    6.080259264566E-02,9.67933262148E-02,0.139998068772,0.170591810649,
    0.19335057925,0.249734802931,0.328830290394,0.36048681903,
    0.403672421658,0.439639680928,0.459673353149,0.499595344308,
    0.5279924108,0.56056005456,0.59653779736,0.639736884793,
    0.670328573434,0.693086191131,0.74962461316,0.828537866388,
    0.859161045054,0.902416256466,0.938447995768,1.),.UNSPECIFIED.);
#1915 = CARTESIAN_POINT('',(0.137080756465,1.35622807451E-02));
#1916 = CARTESIAN_POINT('',(0.143953097152,-5.590081903531E-02));
#1917 = CARTESIAN_POINT('',(0.15816228611,-0.124688355473));
#1918 = CARTESIAN_POINT('',(0.1796198564,-0.19172135264));
#1919 = CARTESIAN_POINT('',(0.207848806335,-0.256170935943));
#1920 = CARTESIAN_POINT('',(0.242208340462,-0.317387867127));
#1921 = CARTESIAN_POINT('',(0.30542736615,-0.408931968901));
#1922 = CARTESIAN_POINT('',(0.330818005132,-0.441681922129));
#1923 = CARTESIAN_POINT('',(0.35794269711,-0.47305513008));
#1924 = CARTESIAN_POINT('',(0.38664931365,-0.502991590824));
#1925 = CARTESIAN_POINT('',(0.416790243481,-0.53145299784));
#1926 = CARTESIAN_POINT('',(0.485969835824,-0.590784926802));
#1927 = CARTESIAN_POINT('',(0.525579279714,-0.620993495267));
#1928 = CARTESIAN_POINT('',(0.566823225197,-0.649006035221));
#1929 = CARTESIAN_POINT('',(0.609484158715,-0.674812619963));
#1930 = CARTESIAN_POINT('',(0.653366739649,-0.698421467682));
#1931 = CARTESIAN_POINT('',(0.73012306688,-0.735024998422));
#1932 = CARTESIAN_POINT('',(0.762470245608,-0.749105673226));
#1933 = CARTESIAN_POINT('',(0.795284025776,-0.762099287473));
#1934 = CARTESIAN_POINT('',(0.828508114554,-0.774013350869));
#1935 = CARTESIAN_POINT('',(0.862090566867,-0.784856301574));
#1936 = CARTESIAN_POINT('',(0.921197035632,-0.801913732484));
#1937 = CARTESIAN_POINT('',(0.94658207735,-0.808602216549));
#1938 = CARTESIAN_POINT('',(0.972119221855,-0.814706659704));
#1939 = CARTESIAN_POINT('',(0.99778968746,-0.820230680732));
#1940 = CARTESIAN_POINT('',(1.023575599495,-0.825177815889));
#1941 = CARTESIAN_POINT('',(1.11358904017,-0.840387470237));
#1942 = CARTESIAN_POINT('',(1.178317833875,-0.847702716729));
#1943 = CARTESIAN_POINT('',(1.243396154844,-0.851550911413));
#1944 = CARTESIAN_POINT('',(1.308586406941,-0.851975379844));
#1945 = CARTESIAN_POINT('',(1.373663614455,-0.849009120106));
#1946 = CARTESIAN_POINT('',(1.529247335111,-0.833788954876));
#1947 = CARTESIAN_POINT('',(1.619407671118,-0.818277042423));
#1948 = CARTESIAN_POINT('',(1.708337022555,-0.796201626228));
#1949 = CARTESIAN_POINT('',(1.795391874196,-0.767567779613));
#1950 = CARTESIAN_POINT('',(1.879861302991,-0.732389506605));
#1951 = CARTESIAN_POINT('',(1.993406989367,-0.673942387196));
#1952 = CARTESIAN_POINT('',(2.025316993494,-0.656187184099));
#1953 = CARTESIAN_POINT('',(2.056628537599,-0.637383038011));
#1954 = CARTESIAN_POINT('',(2.087283536867,-0.617532080163));
#1955 = CARTESIAN_POINT('',(2.117219245288,-0.596638452024));
#1956 = CARTESIAN_POINT('',(2.186133138257,-0.544791457297));
#1957 = CARTESIAN_POINT('',(2.224431941777,-0.512947580696));
#1958 = CARTESIAN_POINT('',(2.261096437042,-0.479192264371));
#1959 = CARTESIAN_POINT('',(2.29593340314,-0.443556312188));
#1960 = CARTESIAN_POINT('',(2.328731471094,-0.406092759362));
#1961 = CARTESIAN_POINT('',(2.384700443131,-0.334228637405));
#1962 = CARTESIAN_POINT('',(2.408563185359,-0.3003639309));
#1963 = CARTESIAN_POINT('',(2.430727151396,-0.265339101308));
#1964 = CARTESIAN_POINT('',(2.451055205034,-0.229221063877));
#1965 = CARTESIAN_POINT('',(2.469410045235,-0.192098907219));
#1966 = CARTESIAN_POINT('',(2.494714467225,-0.132916772223));
#1967 = CARTESIAN_POINT('',(2.50311469259,-0.111469456757));
#1968 = CARTESIAN_POINT('',(2.510840079388,-8.976654267891E-02));
#1969 = CARTESIAN_POINT('',(2.517869495282,-6.783051169741E-02));
#1970 = CARTESIAN_POINT('',(2.524183406991,-4.568632161002E-02));
#1971 = CARTESIAN_POINT('',(2.540884550954,2.112649607965E-02));
#1972 = CARTESIAN_POINT('',(2.549094684296,6.633850785235E-02));
#1973 = CARTESIAN_POINT('',(2.554252673108,0.112045477848));
#1974 = CARTESIAN_POINT('',(2.556260095383,0.157999075314));
#1975 = CARTESIAN_POINT('',(2.555074633091,0.203931369634));
#1976 = CARTESIAN_POINT('',(2.547627813827,0.282006604434));
#1977 = CARTESIAN_POINT('',(2.542929927435,0.314307180093));
#1978 = CARTESIAN_POINT('',(2.536639585156,0.346355435439));
#1979 = CARTESIAN_POINT('',(2.528781650861,0.378056692268));
#1980 = CARTESIAN_POINT('',(2.519395598899,0.409322295743));
#1981 = CARTESIAN_POINT('',(2.496080245112,0.475332859388));
#1982 = CARTESIAN_POINT('',(2.481684309915,0.509917358502));
#1983 = CARTESIAN_POINT('',(2.46542739281,0.543699059991));
#1984 = CARTESIAN_POINT('',(2.447406419599,0.5765760893));
#1985 = CARTESIAN_POINT('',(2.427729048067,0.608465570825));
#1986 = CARTESIAN_POINT('',(2.383063237021,0.673363979404));
#1987 = CARTESIAN_POINT('',(2.357733571204,0.706141732786));
#1988 = CARTESIAN_POINT('',(2.330668076835,0.737545875528));
#1989 = CARTESIAN_POINT('',(2.302018935932,0.767516294461));
#1990 = CARTESIAN_POINT('',(2.271933742555,0.796014543227));
#1991 = CARTESIAN_POINT('',(2.202864112091,0.855441027785));
#1992 = CARTESIAN_POINT('',(2.163307252312,0.885707504724));
#1993 = CARTESIAN_POINT('',(2.122112471328,0.913780591265));
#1994 = CARTESIAN_POINT('',(2.07949729652,0.939650006157));
#1995 = CARTESIAN_POINT('',(2.035657076896,0.963323617716));
#1996 = CARTESIAN_POINT('',(1.958965324826,1.000041564026));
#1997 = CARTESIAN_POINT('',(1.926641972763,1.014170924363));
#1998 = CARTESIAN_POINT('',(1.893850287654,1.027213803145));
#1999 = CARTESIAN_POINT('',(1.860646588344,1.039177616249));
#2000 = CARTESIAN_POINT('',(1.827082847994,1.050070720421));
#2001 = CARTESIAN_POINT('',(1.768005721993,1.06721631879));
#2002 = CARTESIAN_POINT('',(1.742632040633,1.073942647924));
#2003 = CARTESIAN_POINT('',(1.717105351919,1.080085074114));
#2004 = CARTESIAN_POINT('',(1.691444450177,1.085647191764));
#2005 = CARTESIAN_POINT('',(1.665667222149,1.090632516241));
#2006 = CARTESIAN_POINT('',(1.575502389263,1.106005686918));
#2007 = CARTESIAN_POINT('',(1.510605646438,1.113426992038));
#2008 = CARTESIAN_POINT('',(1.445352956131,1.117362265904));
#2009 = CARTESIAN_POINT('',(1.37998400193,1.117854989574));
#2010 = CARTESIAN_POINT('',(1.314725613398,1.114938258495));
#2011 = CARTESIAN_POINT('',(1.159162278495,1.099836618661));
#2012 = CARTESIAN_POINT('',(1.069196135982,1.084442327471));
#2013 = CARTESIAN_POINT('',(0.98044927712,1.06251352062));
#2014 = CARTESIAN_POINT('',(0.893560704637,1.034054914195));
#2015 = CARTESIAN_POINT('',(0.809236160029,0.999079660624));
#2016 = CARTESIAN_POINT('',(0.696840421595,0.941459501544));
#2017 = CARTESIAN_POINT('',(0.665926098201,0.924368291929));
#2018 = CARTESIAN_POINT('',(0.635568348993,0.906294908879));
#2019 = CARTESIAN_POINT('',(0.605819590373,0.88724114528));
#2020 = CARTESIAN_POINT('',(0.576736303736,0.86721050244));
#2021 = CARTESIAN_POINT('',(0.508324401803,0.816542524979));
#2022 = CARTESIAN_POINT('',(0.469720292044,0.784940102375));
#2023 = CARTESIAN_POINT('',(0.43273435493,0.751415420061));
#2024 = CARTESIAN_POINT('',(0.397559295855,0.715997792524));
#2025 = CARTESIAN_POINT('',(0.364406170988,0.678738336608));
#2026 = CARTESIAN_POINT('',(0.307750742887,0.60721199047));
#2027 = CARTESIAN_POINT('',(0.283562382248,0.573485626902));
#2028 = CARTESIAN_POINT('',(0.261061738049,0.5385858279));
#2029 = CARTESIAN_POINT('',(0.240386300688,0.502577979343));
#2030 = CARTESIAN_POINT('',(0.221674073694,0.465549523569));
#2031 = CARTESIAN_POINT('',(0.176667156447,0.362811463832));
#2032 = CARTESIAN_POINT('',(0.154370934371,0.295324408712));
#2033 = CARTESIAN_POINT('',(0.138865071839,0.225791211059));
#2034 = CARTESIAN_POINT('',(0.130674899576,0.154997619109));
#2035 = CARTESIAN_POINT('',(0.13012348327,8.388193054407E-02));
#2036 = CARTESIAN_POINT('',(0.137080756465,1.356228074512E-02));
#2037 = ( GEOMETRIC_REPRESENTATION_CONTEXT(2) 
PARAMETRIC_REPRESENTATION_CONTEXT() REPRESENTATION_CONTEXT('2D SPACE',''
  ) );
#2038 = PCURVE('',#2039,#2111);
#2039 = OFFSET_SURFACE('',#2040,-0.1,.F.);
#2040 = B_SPLINE_SURFACE_WITH_KNOTS('',13,2,(
    (#2041,#2042,#2043,#2044,#2045)
    ,(#2046,#2047,#2048,#2049,#2050)
    ,(#2051,#2052,#2053,#2054,#2055)
    ,(#2056,#2057,#2058,#2059,#2060)
    ,(#2061,#2062,#2063,#2064,#2065)
    ,(#2066,#2067,#2068,#2069,#2070)
    ,(#2071,#2072,#2073,#2074,#2075)
    ,(#2076,#2077,#2078,#2079,#2080)
    ,(#2081,#2082,#2083,#2084,#2085)
    ,(#2086,#2087,#2088,#2089,#2090)
    ,(#2091,#2092,#2093,#2094,#2095)
    ,(#2096,#2097,#2098,#2099,#2100)
    ,(#2101,#2102,#2103,#2104,#2105)
    ,(#2106,#2107,#2108,#2109,#2110
  )),.UNSPECIFIED.,.T.,.F.,.F.,(14,14),(3,1,1,3),(0.,1.),(
    -0.178662508756,0.,1.,1.202190473061),.UNSPECIFIED.);
#2041 = CARTESIAN_POINT('',(1.274252546253,-2.228724172306E-15,
    -6.058364758306E-02));
#2042 = CARTESIAN_POINT('',(1.42493624387,-1.392240360875E-15,
    0.273073111427));
#2043 = CARTESIAN_POINT('',(2.25,3.187899935071E-15,2.1));
#2044 = CARTESIAN_POINT('',(1.168028574245,-2.036606227522E-15,
    3.242080949408));
#2045 = CARTESIAN_POINT('',(0.889237236878,-3.382803572002E-15,
    3.536360694407));
#2046 = CARTESIAN_POINT('',(1.276731008108,0.514528821898,
    -5.509562490441E-02));
#2047 = CARTESIAN_POINT('',(1.424936243871,0.563135465403,0.273073111427
    ));
#2048 = CARTESIAN_POINT('',(2.25,0.833730358068,2.1));
#2049 = CARTESIAN_POINT('',(1.168028574245,0.470577208223,3.242080949408
    ));
#2050 = CARTESIAN_POINT('',(0.901043268978,0.380966196082,3.523898771634
    ));
#2051 = CARTESIAN_POINT('',(0.951572932048,1.02725047827,
    -6.119687554976E-02));
#2052 = CARTESIAN_POINT('',(1.06433023888,1.126271155997,0.273073111427)
  );
#2053 = CARTESIAN_POINT('',(1.680596621627,1.667461049534,2.1));
#2054 = CARTESIAN_POINT('',(0.872437722595,0.941154604625,3.242080949408
    ));
#2055 = CARTESIAN_POINT('',(0.664891361371,0.754629083524,3.535383102681
    ));
#2056 = CARTESIAN_POINT('',(0.305950423464,1.384182487231,
    -6.888729736668E-02));
#2057 = CARTESIAN_POINT('',(0.343139697476,1.520982311356,0.273073111427
    ));
#2058 = CARTESIAN_POINT('',(0.541823764143,2.251836733732,2.1));
#2059 = CARTESIAN_POINT('',(0.281273617211,1.270990114824,3.242080949408
    ));
#2060 = CARTESIAN_POINT('',(0.210842321067,1.005849989204,3.550805555842
    ));
#2061 = CARTESIAN_POINT('',(-0.545179895763,1.440914926357,
    -5.912072585311E-02));
#2062 = CARTESIAN_POINT('',(-0.609332918006,1.578865062743,
    0.273073111427));
#2063 = CARTESIAN_POINT('',(-0.962147654961,2.337533000445,2.1));
#2064 = CARTESIAN_POINT('',(-0.499473757172,1.319359122332,
    3.242080949408));
#2065 = CARTESIAN_POINT('',(-0.383368993231,1.063855541225,
    3.528678139494));
#2066 = CARTESIAN_POINT('',(-1.386768482942,1.109392459871,
    -2.944772315574E-02));
#2067 = CARTESIAN_POINT('',(-1.533831642211,1.205295979478,
    0.273073111427));
#2068 = CARTESIAN_POINT('',(-2.421947795788,1.784458465655,2.1));
#2069 = CARTESIAN_POINT('',(-1.25729076925,1.007190723991,3.242080949408
    ));
#2070 = CARTESIAN_POINT('',(-1.021339550815,0.849721815534,
    3.473458415411));
#2071 = CARTESIAN_POINT('',(-1.92862078357,0.420708877264,
    -3.853777145787E-03));
#2072 = CARTESIAN_POINT('',(-2.11417787599,0.453759233902,0.273073111427
    ));
#2073 = CARTESIAN_POINT('',(-3.33832495414,0.671797234941,2.1));
#2074 = CARTESIAN_POINT('',(-1.7330039718,0.379178308977,3.242080949408)
  );
#2075 = CARTESIAN_POINT('',(-1.463012971117,0.329964178277,
    3.434161898816));
#2076 = CARTESIAN_POINT('',(-1.928620783565,-0.420708877264,
    -3.85377714503E-03));
#2077 = CARTESIAN_POINT('',(-2.114177875986,-0.453759233902,
    0.273073111427));
#2078 = CARTESIAN_POINT('',(-3.338324954142,-0.671797234941,2.1));
#2079 = CARTESIAN_POINT('',(-1.733003971802,-0.379178308977,
    3.242080949408));
#2080 = CARTESIAN_POINT('',(-1.463012971119,-0.329964178277,
    3.434161898816));
#2081 = CARTESIAN_POINT('',(-1.386768482946,-1.10939245987,
    -2.944772315616E-02));
#2082 = CARTESIAN_POINT('',(-1.533831642214,-1.205295979477,
    0.273073111427));
#2083 = CARTESIAN_POINT('',(-2.421947795787,-1.784458465655,2.1));
#2084 = CARTESIAN_POINT('',(-1.257290769248,-1.00719072399,
    3.242080949408));
#2085 = CARTESIAN_POINT('',(-1.021339550814,-0.849721815533,
    3.473458415411));
#2086 = CARTESIAN_POINT('',(-0.54517989576,-1.440914926358,
    -5.91207258531E-02));
#2087 = CARTESIAN_POINT('',(-0.609332918003,-1.578865062745,
    0.273073111427));
#2088 = CARTESIAN_POINT('',(-0.962147654962,-2.337533000445,2.1));
#2089 = CARTESIAN_POINT('',(-0.499473757173,-1.319359122332,
    3.242080949408));
#2090 = CARTESIAN_POINT('',(-0.383368993232,-1.063855541226,
    3.528678139495));
#2091 = CARTESIAN_POINT('',(0.305950423462,-1.38418248723,
    -6.888729736652E-02));
#2092 = CARTESIAN_POINT('',(0.343139697474,-1.520982311355,
    0.273073111427));
#2093 = CARTESIAN_POINT('',(0.541823764144,-2.251836733731,2.1));
#2094 = CARTESIAN_POINT('',(0.281273617211,-1.270990114824,
    3.242080949408));
#2095 = CARTESIAN_POINT('',(0.210842321067,-1.005849989203,
    3.550805555842));
#2096 = CARTESIAN_POINT('',(0.951572932048,-1.02725047827,
    -6.119687554986E-02));
#2097 = CARTESIAN_POINT('',(1.064330238881,-1.126271155997,
    0.273073111427));
#2098 = CARTESIAN_POINT('',(1.680596621626,-1.667461049534,2.1));
#2099 = CARTESIAN_POINT('',(0.872437722595,-0.941154604625,
    3.242080949408));
#2100 = CARTESIAN_POINT('',(0.664891361371,-0.754629083524,
    3.535383102681));
#2101 = CARTESIAN_POINT('',(1.276731008108,-0.514528821897,
    -5.509562490438E-02));
#2102 = CARTESIAN_POINT('',(1.424936243871,-0.563135465403,
    0.273073111427));
#2103 = CARTESIAN_POINT('',(2.25,-0.833730358068,2.1));
#2104 = CARTESIAN_POINT('',(1.168028574245,-0.470577208223,
    3.242080949408));
#2105 = CARTESIAN_POINT('',(0.901043268978,-0.380966196082,
    3.523898771634));
#2106 = CARTESIAN_POINT('',(1.274252546253,2.539154086897E-15,
    -6.058364758306E-02));
#2107 = CARTESIAN_POINT('',(1.42493624387,1.273272296116E-15,
    0.273073111427));
#2108 = CARTESIAN_POINT('',(2.25,-5.65802287138E-15,2.1));
#2109 = CARTESIAN_POINT('',(1.168028574245,1.644157607249E-15,
    3.242080949408));
#2110 = CARTESIAN_POINT('',(0.889237236878,3.525708832056E-15,
    3.536360694407));
#2111 = DEFINITIONAL_REPRESENTATION('',(#2112),#2535);
#2112 = B_SPLINE_CURVE_WITH_KNOTS('',11,(#2113,#2114,#2115,#2116,#2117,
    #2118,#2119,#2120,#2121,#2122,#2123,#2124,#2125,#2126,#2127,#2128,
    #2129,#2130,#2131,#2132,#2133,#2134,#2135,#2136,#2137,#2138,#2139,
    #2140,#2141,#2142,#2143,#2144,#2145,#2146,#2147,#2148,#2149,#2150,
    #2151,#2152,#2153,#2154,#2155,#2156,#2157,#2158,#2159,#2160,#2161,
    #2162,#2163,#2164,#2165,#2166,#2167,#2168,#2169,#2170,#2171,#2172,
    #2173,#2174,#2175,#2176,#2177,#2178,#2179,#2180,#2181,#2182,#2183,
    #2184,#2185,#2186,#2187,#2188,#2189,#2190,#2191,#2192,#2193,#2194,
    #2195,#2196,#2197,#2198,#2199,#2200,#2201,#2202,#2203,#2204,#2205,
    #2206,#2207,#2208,#2209,#2210,#2211,#2212,#2213,#2214,#2215,#2216,
    #2217,#2218,#2219,#2220,#2221,#2222,#2223,#2224,#2225,#2226,#2227,
    #2228,#2229,#2230,#2231,#2232,#2233,#2234,#2235,#2236,#2237,#2238,
    #2239,#2240,#2241,#2242,#2243,#2244,#2245,#2246,#2247,#2248,#2249,
    #2250,#2251,#2252,#2253,#2254,#2255,#2256,#2257,#2258,#2259,#2260,
    #2261,#2262,#2263,#2264,#2265,#2266,#2267,#2268,#2269,#2270,#2271,
    #2272,#2273,#2274,#2275,#2276,#2277,#2278,#2279,#2280,#2281,#2282,
    #2283,#2284,#2285,#2286,#2287,#2288,#2289,#2290,#2291,#2292,#2293,
    #2294,#2295,#2296,#2297,#2298,#2299,#2300,#2301,#2302,#2303,#2304,
    #2305,#2306,#2307,#2308,#2309,#2310,#2311,#2312,#2313,#2314,#2315,
    #2316,#2317,#2318,#2319,#2320,#2321,#2322,#2323,#2324,#2325,#2326,
    #2327,#2328,#2329,#2330,#2331,#2332,#2333,#2334,#2335,#2336,#2337,
    #2338,#2339,#2340,#2341,#2342,#2343,#2344,#2345,#2346,#2347,#2348,
    #2349,#2350,#2351,#2352,#2353,#2354,#2355,#2356,#2357,#2358,#2359,
    #2360,#2361,#2362,#2363,#2364,#2365,#2366,#2367,#2368,#2369,#2370,
    #2371,#2372,#2373,#2374,#2375,#2376,#2377,#2378,#2379,#2380,#2381,
    #2382,#2383,#2384,#2385,#2386,#2387,#2388,#2389,#2390,#2391,#2392,
    #2393,#2394,#2395,#2396,#2397,#2398,#2399,#2400,#2401,#2402,#2403,
    #2404,#2405,#2406,#2407,#2408,#2409,#2410,#2411,#2412,#2413,#2414,
    #2415,#2416,#2417,#2418,#2419,#2420,#2421,#2422,#2423,#2424,#2425,
    #2426,#2427,#2428,#2429,#2430,#2431,#2432,#2433,#2434,#2435,#2436,
    #2437,#2438,#2439,#2440,#2441,#2442,#2443,#2444,#2445,#2446,#2447,
    #2448,#2449,#2450,#2451,#2452,#2453,#2454,#2455,#2456,#2457,#2458,
    #2459,#2460,#2461,#2462,#2463,#2464,#2465,#2466,#2467,#2468,#2469,
    #2470,#2471,#2472,#2473,#2474,#2475,#2476,#2477,#2478,#2479,#2480,
    #2481,#2482,#2483,#2484,#2485,#2486,#2487,#2488,#2489,#2490,#2491,
    #2492,#2493,#2494,#2495,#2496,#2497,#2498,#2499,#2500,#2501,#2502,
    #2503,#2504,#2505,#2506,#2507,#2508,#2509,#2510,#2511,#2512,#2513,
    #2514,#2515,#2516,#2517,#2518,#2519,#2520,#2521,#2522,#2523,#2524,
    #2525,#2526,#2527,#2528,#2529,#2530,#2531,#2532,#2533,#2534),
  .UNSPECIFIED.,.F.,.F.,(12,10,10,10,10,10,10,10,10,10,10,10,10,10,10,10
    ,10,10,10,10,10,10,10,10,10,10,10,10,10,10,10,10,10,10,10,10,10,10,
    10,10,10,10,12),(0.,3.125E-02,4.6875E-02,6.25E-02,9.375E-02,0.125,
    0.140625,0.15625,0.1875,0.21875,0.25,0.265625,0.28125,0.3125,
    0.328125,0.34375,0.359375,0.375,0.40625,0.4375,0.453125,0.46875,0.5,
    0.53125,0.5625,0.59375,0.625,0.640625,0.65625,0.6875,0.71875,0.75,
    0.765625,0.78125,0.8125,0.828125,0.84375,0.875,0.90625,0.9375,
    0.953125,0.96875,1.),.UNSPECIFIED.);
#2113 = CARTESIAN_POINT('',(1.,1.034620102008));
#2114 = CARTESIAN_POINT('',(0.996777906955,1.034627483457));
#2115 = CARTESIAN_POINT('',(0.993555087062,1.034627900924));
#2116 = CARTESIAN_POINT('',(0.990332851922,1.034621368417));
#2117 = CARTESIAN_POINT('',(0.987112408744,1.034607938384));
#2118 = CARTESIAN_POINT('',(0.983894869802,1.03458769889));
#2119 = CARTESIAN_POINT('',(0.9806812619,1.034560770794));
#2120 = CARTESIAN_POINT('',(0.977472535823,1.034527304915));
#2121 = CARTESIAN_POINT('',(0.97426957581,1.034487479215));
#2122 = CARTESIAN_POINT('',(0.971073208999,1.034441495966));
#2123 = CARTESIAN_POINT('',(0.967884214902,1.034389578931));
#2124 = CARTESIAN_POINT('',(0.96311289483,1.034303166329));
#2125 = CARTESIAN_POINT('',(0.961524483464,1.034272938941));
#2126 = CARTESIAN_POINT('',(0.959938191848,1.03424131916));
#2127 = CARTESIAN_POINT('',(0.958354108977,1.034208338653));
#2128 = CARTESIAN_POINT('',(0.956772321743,1.034174029958));
#2129 = CARTESIAN_POINT('',(0.955192914945,1.03413842649));
#2130 = CARTESIAN_POINT('',(0.953615971277,1.03410156253));
#2131 = CARTESIAN_POINT('',(0.952041571341,1.03406347324));
#2132 = CARTESIAN_POINT('',(0.950469793635,1.034024194648));
#2133 = CARTESIAN_POINT('',(0.94890071456,1.033983763657));
#2134 = CARTESIAN_POINT('',(0.94576810228,1.033900672429));
#2135 = CARTESIAN_POINT('',(0.944204552163,1.03385801125));
#2136 = CARTESIAN_POINT('',(0.942643991125,1.033814277069));
#2137 = CARTESIAN_POINT('',(0.941085806969,1.0337694849));
#2138 = CARTESIAN_POINT('',(0.939531955677,1.033723735933));
#2139 = CARTESIAN_POINT('',(0.937978884904,1.033676948056));
#2140 = CARTESIAN_POINT('',(0.936431765232,1.0336293307));
#2141 = CARTESIAN_POINT('',(0.934885340776,1.033580745241));
#2142 = CARTESIAN_POINT('',(0.933343724544,1.033531366631));
#2143 = CARTESIAN_POINT('',(0.931804938603,1.033481165797));
#2144 = CARTESIAN_POINT('',(0.92719848302,1.033328256882));
#2145 = CARTESIAN_POINT('',(0.924140574202,1.033223237547));
#2146 = CARTESIAN_POINT('',(0.92109604073,1.033115448551));
#2147 = CARTESIAN_POINT('',(0.91806513698,1.033005197273));
#2148 = CARTESIAN_POINT('',(0.915048061313,1.032892786832));
#2149 = CARTESIAN_POINT('',(0.912044959449,1.03277851484));
#2150 = CARTESIAN_POINT('',(0.909055927855,1.032662672165));
#2151 = CARTESIAN_POINT('',(0.906081017112,1.03254554168));
#2152 = CARTESIAN_POINT('',(0.903120235304,1.032427397029));
#2153 = CARTESIAN_POINT('',(0.900173551395,1.032308501376));
#2154 = CARTESIAN_POINT('',(0.894308245814,1.032069710953));
#2155 = CARTESIAN_POINT('',(0.891389592602,1.031949814989));
#2156 = CARTESIAN_POINT('',(0.888484978749,1.031829672364));
#2157 = CARTESIAN_POINT('',(0.885594235562,1.031709525712));
#2158 = CARTESIAN_POINT('',(0.882717187814,1.031589604858));
#2159 = CARTESIAN_POINT('',(0.879853676121,1.031470127996));
#2160 = CARTESIAN_POINT('',(0.877003521972,1.031351302931));
#2161 = CARTESIAN_POINT('',(0.874166507659,1.03123332721));
#2162 = CARTESIAN_POINT('',(0.871342393351,1.031116387264));
#2163 = CARTESIAN_POINT('',(0.868530943583,1.031000657947));
#2164 = CARTESIAN_POINT('',(0.864332356345,1.030829128734));
#2165 = CARTESIAN_POINT('',(0.862935923935,1.030772296285));
#2166 = CARTESIAN_POINT('',(0.861542557226,1.030715828688));
#2167 = CARTESIAN_POINT('',(0.860152222186,1.03065974601));
#2168 = CARTESIAN_POINT('',(0.858764882344,1.03060406755));
#2169 = CARTESIAN_POINT('',(0.857380499424,1.030548811918));
#2170 = CARTESIAN_POINT('',(0.855999033961,1.030493997082));
#2171 = CARTESIAN_POINT('',(0.854620445941,1.030439640458));
#2172 = CARTESIAN_POINT('',(0.853244695416,1.030385758953));
#2173 = CARTESIAN_POINT('',(0.851871743142,1.030332369053));
#2174 = CARTESIAN_POINT('',(0.849131359251,1.030226604693));
#2175 = CARTESIAN_POINT('',(0.84776393449,1.030174230897));
#2176 = CARTESIAN_POINT('',(0.846399236022,1.030122381053));
#2177 = CARTESIAN_POINT('',(0.845037222768,1.030071070281));
#2178 = CARTESIAN_POINT('',(0.84367785346,1.030020313253));
#2179 = CARTESIAN_POINT('',(0.842321086637,1.029970124195));
#2180 = CARTESIAN_POINT('',(0.84096688065,1.029920516883));
#2181 = CARTESIAN_POINT('',(0.839615193659,1.029871504649));
#2182 = CARTESIAN_POINT('',(0.838265983637,1.029823100373));
#2183 = CARTESIAN_POINT('',(0.836919208362,1.029775316491));
#2184 = CARTESIAN_POINT('',(0.832886059558,1.029633861987));
#2185 = CARTESIAN_POINT('',(0.830206858971,1.029542087775));
#2186 = CARTESIAN_POINT('',(0.827536897479,1.029452941247));
#2187 = CARTESIAN_POINT('',(0.8248758135,1.029366507645));
#2188 = CARTESIAN_POINT('',(0.822223246533,1.029282866459));
#2189 = CARTESIAN_POINT('',(0.819578847272,1.02920209385));
#2190 = CARTESIAN_POINT('',(0.816942271649,1.029124261713));
#2191 = CARTESIAN_POINT('',(0.814313169028,1.02904943549));
#2192 = CARTESIAN_POINT('',(0.811691174869,1.028977672887));
#2193 = CARTESIAN_POINT('',(0.80907591807,1.028909025575));
#2194 = CARTESIAN_POINT('',(0.803858188523,1.028778066496));
#2195 = CARTESIAN_POINT('',(0.801255737453,1.028715758386));
#2196 = CARTESIAN_POINT('',(0.798659147162,1.028656641877));
#2197 = CARTESIAN_POINT('',(0.796068456663,1.028600822175));
#2198 = CARTESIAN_POINT('',(0.793483117967,1.028548310382));
#2199 = CARTESIAN_POINT('',(0.790902632809,1.028499123769));
#2200 = CARTESIAN_POINT('',(0.78832676249,1.028453316214));
#2201 = CARTESIAN_POINT('',(0.78575519959,1.028410925283));
#2202 = CARTESIAN_POINT('',(0.783187449938,1.028371955673));
#2203 = CARTESIAN_POINT('',(0.780623260809,1.02833644955));
#2204 = CARTESIAN_POINT('',(0.775501233926,1.028272395622));
#2205 = CARTESIAN_POINT('',(0.772943393711,1.028243848668));
#2206 = CARTESIAN_POINT('',(0.770388420795,1.028218804324));
#2207 = CARTESIAN_POINT('',(0.76783585696,1.028197280133));
#2208 = CARTESIAN_POINT('',(0.765285475946,1.028179293991));
#2209 = CARTESIAN_POINT('',(0.762736909751,1.028164858949));
#2210 = CARTESIAN_POINT('',(0.760189698437,1.028153983897));
#2211 = CARTESIAN_POINT('',(0.757643553242,1.028146677266));
#2212 = CARTESIAN_POINT('',(0.755098241573,1.028142945568));
#2213 = CARTESIAN_POINT('',(0.752553131474,1.028142787184));
#2214 = CARTESIAN_POINT('',(0.748735543063,1.02814791303));
#2215 = CARTESIAN_POINT('',(0.747463046186,1.028150516016));
#2216 = CARTESIAN_POINT('',(0.746190532883,1.028154013402));
#2217 = CARTESIAN_POINT('',(0.744917954521,1.028158405065));
#2218 = CARTESIAN_POINT('',(0.743645262855,1.02816369074));
#2219 = CARTESIAN_POINT('',(0.742372410024,1.028169870008));
#2220 = CARTESIAN_POINT('',(0.741099348558,1.028176942305));
#2221 = CARTESIAN_POINT('',(0.739826031372,1.028184906917));
#2222 = CARTESIAN_POINT('',(0.738552411766,1.028193762985));
#2223 = CARTESIAN_POINT('',(0.73727844343,1.028203509498));
#2224 = CARTESIAN_POINT('',(0.734729717451,1.028224781098));
#2225 = CARTESIAN_POINT('',(0.733454959771,1.028236306199));
#2226 = CARTESIAN_POINT('',(0.732179783358,1.028248719075));
#2227 = CARTESIAN_POINT('',(0.730904077157,1.028262019246));
#2228 = CARTESIAN_POINT('',(0.729627831862,1.02827620479));
#2229 = CARTESIAN_POINT('',(0.728351058581,1.028291273321));
#2230 = CARTESIAN_POINT('',(0.727073696783,1.028307223149));
#2231 = CARTESIAN_POINT('',(0.725795633142,1.028324053085));
#2232 = CARTESIAN_POINT('',(0.724516815078,1.028341761027));
#2233 = CARTESIAN_POINT('',(0.72323730507,1.028360343264));
#2234 = CARTESIAN_POINT('',(0.719396341789,1.02841870775));
#2235 = CARTESIAN_POINT('',(0.716832520856,1.028461107012));
#2236 = CARTESIAN_POINT('',(0.714265172266,1.028506974954));
#2237 = CARTESIAN_POINT('',(0.711693948797,1.028556287563));
#2238 = CARTESIAN_POINT('',(0.709118503696,1.02860901756));
#2239 = CARTESIAN_POINT('',(0.706538489459,1.028665134212));
#2240 = CARTESIAN_POINT('',(0.703953556615,1.028724603154));
#2241 = CARTESIAN_POINT('',(0.701363352502,1.028787386201));
#2242 = CARTESIAN_POINT('',(0.698767520056,1.02885344117));
#2243 = CARTESIAN_POINT('',(0.696165696582,1.028922721695));
#2244 = CARTESIAN_POINT('',(0.692253420524,1.02903140472));
#2245 = CARTESIAN_POINT('',(0.690947738386,1.029068426063));
#2246 = CARTESIAN_POINT('',(0.689640420053,1.029106234768));
#2247 = CARTESIAN_POINT('',(0.688331418849,1.029144824232));
#2248 = CARTESIAN_POINT('',(0.687020687504,1.029184187556));
#2249 = CARTESIAN_POINT('',(0.685708178143,1.029224317539));
#2250 = CARTESIAN_POINT('',(0.6843938423,1.029265206689));
#2251 = CARTESIAN_POINT('',(0.683077630904,1.029306847211));
#2252 = CARTESIAN_POINT('',(0.68175949429,1.029349231017));
#2253 = CARTESIAN_POINT('',(0.680439382194,1.029392349719));
#2254 = CARTESIAN_POINT('',(0.677795105309,1.029480039548));
#2255 = CARTESIAN_POINT('',(0.676470940337,1.029524610595));
#2256 = CARTESIAN_POINT('',(0.675144759155,1.029569896283));
#2257 = CARTESIAN_POINT('',(0.673816506667,1.029615887984));
#2258 = CARTESIAN_POINT('',(0.672486121243,1.02966257696));
#2259 = CARTESIAN_POINT('',(0.67115355613,1.02970995327));
#2260 = CARTESIAN_POINT('',(0.669818776737,1.029758005919));
#2261 = CARTESIAN_POINT('',(0.668481747103,1.029806723531));
#2262 = CARTESIAN_POINT('',(0.667142418905,1.029856094919));
#2263 = CARTESIAN_POINT('',(0.6658007363,1.029906108825));
#2264 = CARTESIAN_POINT('',(0.663112603638,1.030007395569));
#2265 = CARTESIAN_POINT('',(0.661766149691,1.030058668602));
#2266 = CARTESIAN_POINT('',(0.660417265639,1.030110558916));
#2267 = CARTESIAN_POINT('',(0.65906590916,1.030163053672));
#2268 = CARTESIAN_POINT('',(0.657712038097,1.030216139573));
#2269 = CARTESIAN_POINT('',(0.656355610456,1.03026980286));
#2270 = CARTESIAN_POINT('',(0.654996584412,1.030324029317));
#2271 = CARTESIAN_POINT('',(0.653634918304,1.030378804267));
#2272 = CARTESIAN_POINT('',(0.652270570636,1.030434112574));
#2273 = CARTESIAN_POINT('',(0.650903500077,1.030489938643));
#2274 = CARTESIAN_POINT('',(0.648163830848,1.030602594196));
#2275 = CARTESIAN_POINT('',(0.646791230682,1.030659423839));
#2276 = CARTESIAN_POINT('',(0.645415839528,1.030716737556));
#2277 = CARTESIAN_POINT('',(0.644037618556,1.030774518323));
#2278 = CARTESIAN_POINT('',(0.642656523474,1.030832749138));
#2279 = CARTESIAN_POINT('',(0.641272510151,1.030891412462));
#2280 = CARTESIAN_POINT('',(0.639885537949,1.03095048992));
#2281 = CARTESIAN_POINT('',(0.638495570736,1.031009962177));
#2282 = CARTESIAN_POINT('',(0.637102575616,1.03106980907));
#2283 = CARTESIAN_POINT('',(0.635706519344,1.03113000993));
#2284 = CARTESIAN_POINT('',(0.631509048648,1.031311612546));
#2285 = CARTESIAN_POINT('',(0.628698343896,1.031434013579));
#2286 = CARTESIAN_POINT('',(0.625874960729,1.031557578034));
#2287 = CARTESIAN_POINT('',(0.623038674745,1.031682126569));
#2288 = CARTESIAN_POINT('',(0.620189236454,1.03180746945));
#2289 = CARTESIAN_POINT('',(0.617326412171,1.031933406316));
#2290 = CARTESIAN_POINT('',(0.614450020281,1.032059726194));
#2291 = CARTESIAN_POINT('',(0.611559908214,1.032186207716));
#2292 = CARTESIAN_POINT('',(0.608655894474,1.032312619188));
#2293 = CARTESIAN_POINT('',(0.605737779083,1.032438717893));
#2294 = CARTESIAN_POINT('',(0.59987343051,1.032689777499));
#2295 = CARTESIAN_POINT('',(0.596927165901,1.032814739831));
#2296 = CARTESIAN_POINT('',(0.593966734748,1.032938882667));
#2297 = CARTESIAN_POINT('',(0.590992096049,1.033061942911));
#2298 = CARTESIAN_POINT('',(0.588003247459,1.033183647743));
#2299 = CARTESIAN_POINT('',(0.585000228728,1.033303715982));
#2300 = CARTESIAN_POINT('',(0.581983125136,1.033421859429));
#2301 = CARTESIAN_POINT('',(0.57895207094,1.033537784237));
#2302 = CARTESIAN_POINT('',(0.575907252798,1.033651192253));
#2303 = CARTESIAN_POINT('',(0.57284891322,1.033761782381));
#2304 = CARTESIAN_POINT('',(0.568241574384,1.033922986707));
#2305 = CARTESIAN_POINT('',(0.566702489133,1.033975942078));
#2306 = CARTESIAN_POINT('',(0.565160136052,1.034028079813));
#2307 = CARTESIAN_POINT('',(0.563614556649,1.034079361978));
#2308 = CARTESIAN_POINT('',(0.562065796134,1.034129750937));
#2309 = CARTESIAN_POINT('',(0.560513903415,1.034179209351));
#2310 = CARTESIAN_POINT('',(0.558958931098,1.034227700181));
#2311 = CARTESIAN_POINT('',(0.557400935491,1.034275186683));
#2312 = CARTESIAN_POINT('',(0.555839976601,1.034321632412));
#2313 = CARTESIAN_POINT('',(0.554276118135,1.03436700122));
#2314 = CARTESIAN_POINT('',(0.55114273686,1.034455513296));
#2315 = CARTESIAN_POINT('',(0.549573189641,1.034498658196));
#2316 = CARTESIAN_POINT('',(0.548001052571,1.034540647013));
#2317 = CARTESIAN_POINT('',(0.546425640388,1.034581479065));
#2318 = CARTESIAN_POINT('',(0.544848676929,1.034621051545));
#2319 = CARTESIAN_POINT('',(0.543268149372,1.034659402119));
#2320 = CARTESIAN_POINT('',(0.541685512482,1.034696474543));
#2321 = CARTESIAN_POINT('',(0.540100546536,1.03473221464));
#2322 = CARTESIAN_POINT('',(0.538513178019,1.034766622124));
#2323 = CARTESIAN_POINT('',(0.536923675901,1.034799650575));
#2324 = CARTESIAN_POINT('',(0.53214889045,1.034894529366));
#2325 = CARTESIAN_POINT('',(0.528957374764,1.034952170955));
#2326 = CARTESIAN_POINT('',(0.525758219028,1.035003972861));
#2327 = CARTESIAN_POINT('',(0.522552749774,1.0350497464));
#2328 = CARTESIAN_POINT('',(0.519340445325,1.035089270103));
#2329 = CARTESIAN_POINT('',(0.516124815433,1.035122466737));
#2330 = CARTESIAN_POINT('',(0.51290307708,1.035149100834));
#2331 = CARTESIAN_POINT('',(0.509680144571,1.035169187749));
#2332 = CARTESIAN_POINT('',(0.50645387586,1.035182572373));
#2333 = CARTESIAN_POINT('',(0.503227282291,1.035189275087));
#2334 = CARTESIAN_POINT('',(0.49677411044,1.035189279817));
#2335 = CARTESIAN_POINT('',(0.493547459278,1.035182578094));
#2336 = CARTESIAN_POINT('',(0.490321943169,1.035169195249));
#2337 = CARTESIAN_POINT('',(0.487097967296,1.035149089541));
#2338 = CARTESIAN_POINT('',(0.483878367442,1.035122533837));
#2339 = CARTESIAN_POINT('',(0.480660429726,1.035089229059));
#2340 = CARTESIAN_POINT('',(0.477450348774,1.035049839944));
#2341 = CARTESIAN_POINT('',(0.474243473764,1.035003972906));
#2342 = CARTESIAN_POINT('',(0.471044923197,1.034952204177));
#2343 = CARTESIAN_POINT('',(0.467853501299,1.034894569384));
#2344 = CARTESIAN_POINT('',(0.461487391464,1.034768080171));
#2345 = CARTESIAN_POINT('',(0.458312660137,1.034699223692));
#2346 = CARTESIAN_POINT('',(0.455147092669,1.034624982003));
#2347 = CARTESIAN_POINT('',(0.451991368556,1.034545598939));
#2348 = CARTESIAN_POINT('',(0.448846159611,1.034461336751));
#2349 = CARTESIAN_POINT('',(0.445712084498,1.034372471709));
#2350 = CARTESIAN_POINT('',(0.442589658339,1.034279289703));
#2351 = CARTESIAN_POINT('',(0.439479322269,1.034182084232));
#2352 = CARTESIAN_POINT('',(0.436381529199,1.034081155969));
#2353 = CARTESIAN_POINT('',(0.433296753272,1.033976809783));
#2354 = CARTESIAN_POINT('',(0.427153610527,1.033761874039));
#2355 = CARTESIAN_POINT('',(0.424095260053,1.033651285644));
#2356 = CARTESIAN_POINT('',(0.421050431527,1.033537879349));
#2357 = CARTESIAN_POINT('',(0.418019367019,1.033421956192));
#2358 = CARTESIAN_POINT('',(0.415002252994,1.033303814269));
#2359 = CARTESIAN_POINT('',(0.411999223674,1.033183747389));
#2360 = CARTESIAN_POINT('',(0.409010364422,1.033062043712));
#2361 = CARTESIAN_POINT('',(0.406035715098,1.032938984413));
#2362 = CARTESIAN_POINT('',(0.403075273442,1.032814842314));
#2363 = CARTESIAN_POINT('',(0.400128998436,1.032689880543));
#2364 = CARTESIAN_POINT('',(0.394264628925,1.032438821819));
#2365 = CARTESIAN_POINT('',(0.391346510193,1.032312723466));
#2366 = CARTESIAN_POINT('',(0.388442464549,1.03218631192));
#2367 = CARTESIAN_POINT('',(0.385552344327,1.032059830227));
#2368 = CARTESIAN_POINT('',(0.382675960616,1.031933510184));
#2369 = CARTESIAN_POINT('',(0.379813127841,1.031807573032));
#2370 = CARTESIAN_POINT('',(0.376963663169,1.031682229656));
#2371 = CARTESIAN_POINT('',(0.374127364464,1.031557680469));
#2372 = CARTESIAN_POINT('',(0.371303990517,1.031434115284));
#2373 = CARTESIAN_POINT('',(0.368493267285,1.031311713364));
#2374 = CARTESIAN_POINT('',(0.364295782127,1.031130109239));
#2375 = CARTESIAN_POINT('',(0.36289971712,1.03106990747));
#2376 = CARTESIAN_POINT('',(0.361506717998,1.031010060083));
#2377 = CARTESIAN_POINT('',(0.360116750358,1.03095058764));
#2378 = CARTESIAN_POINT('',(0.358729777041,1.030891509903));
#2379 = CARTESIAN_POINT('',(0.357345758948,1.030832845922));
#2380 = CARTESIAN_POINT('',(0.355964655856,1.030774614114));
#2381 = CARTESIAN_POINT('',(0.354586427237,1.030716832352));
#2382 = CARTESIAN_POINT('',(0.35321103307,1.030659518047));
#2383 = CARTESIAN_POINT('',(0.351838434665,1.03060268823));
#2384 = CARTESIAN_POINT('',(0.349098756285,1.030490031047));
#2385 = CARTESIAN_POINT('',(0.347731681111,1.030434204127));
#2386 = CARTESIAN_POINT('',(0.346367328846,1.030378894943));
#2387 = CARTESIAN_POINT('',(0.345005658208,1.030324119101));
#2388 = CARTESIAN_POINT('',(0.343646627737,1.030269891742));
#2389 = CARTESIAN_POINT('',(0.342290195796,1.03021622755));
#2390 = CARTESIAN_POINT('',(0.340936320571,1.030163140742));
#2391 = CARTESIAN_POINT('',(0.339584960073,1.030110645078));
#2392 = CARTESIAN_POINT('',(0.338236072134,1.030058753852));
#2393 = CARTESIAN_POINT('',(0.33688961441,1.030007479901));
#2394 = CARTESIAN_POINT('',(0.332857404322,1.029855546988));
#2395 = CARTESIAN_POINT('',(0.330178811237,1.029756776364));
#2396 = CARTESIAN_POINT('',(0.327509437039,1.029660625281));
#2397 = CARTESIAN_POINT('',(0.32484891926,1.029567182048));
#2398 = CARTESIAN_POINT('',(0.322196897245,1.029476529019));
#2399 = CARTESIAN_POINT('',(0.319553021803,1.02938874478));
#2400 = CARTESIAN_POINT('',(0.31691694879,1.029303903235));
#2401 = CARTESIAN_POINT('',(0.314288327057,1.029222071568));
#2402 = CARTESIAN_POINT('',(0.311666791225,1.029143309069));
#2403 = CARTESIAN_POINT('',(0.309051969739,1.029067668811));
#2404 = CARTESIAN_POINT('',(0.303835067563,1.028922739529));
#2405 = CARTESIAN_POINT('',(0.301233002838,1.028853454234));
#2406 = CARTESIAN_POINT('',(0.298636783298,1.028787366781));
#2407 = CARTESIAN_POINT('',(0.296046455789,1.028724592702));
#2408 = CARTESIAN_POINT('',(0.293461442123,1.028665135317));
#2409 = CARTESIAN_POINT('',(0.29088124811,1.02860900986));
#2410 = CARTESIAN_POINT('',(0.288305661427,1.028556276638));
#2411 = CARTESIAN_POINT('',(0.285734368794,1.02850697325));
#2412 = CARTESIAN_POINT('',(0.283166848319,1.028461097102));
#2413 = CARTESIAN_POINT('',(0.280602879718,1.028418696708));
#2414 = CARTESIAN_POINT('',(0.275481247411,1.028340871961));
#2415 = CARTESIAN_POINT('',(0.272923582246,1.028305448846));
#2416 = CARTESIAN_POINT('',(0.270368772256,1.028273537651));
#2417 = CARTESIAN_POINT('',(0.267816335024,1.028245153747));
#2418 = CARTESIAN_POINT('',(0.265266071807,1.028220315854));
#2419 = CARTESIAN_POINT('',(0.262717610357,1.028199035804));
#2420 = CARTESIAN_POINT('',(0.260170466607,1.028181319901));
#2421 = CARTESIAN_POINT('',(0.25762436702,1.028167176188));
#2422 = CARTESIAN_POINT('',(0.255079107124,1.028156611465));
#2423 = CARTESIAN_POINT('',(0.252533993832,1.028149618948));
#2424 = CARTESIAN_POINT('',(0.24871639731,1.028144493849));
#2425 = CARTESIAN_POINT('',(0.247443892223,1.028143679952));
#2426 = CARTESIAN_POINT('',(0.246171365173,1.028143760382));
#2427 = CARTESIAN_POINT('',(0.244898767514,1.028144734851));
#2428 = CARTESIAN_POINT('',(0.243626051005,1.028146602924));
#2429 = CARTESIAN_POINT('',(0.242353167803,1.028149364024));
#2430 = CARTESIAN_POINT('',(0.241080070471,1.028153017426));
#2431 = CARTESIAN_POINT('',(0.239806711973,1.028157562262));
#2432 = CARTESIAN_POINT('',(0.238533045676,1.028162997517));
#2433 = CARTESIAN_POINT('',(0.23725902535,1.028169322032));
#2434 = CARTESIAN_POINT('',(0.234710184984,1.028183746973));
#2435 = CARTESIAN_POINT('',(0.233435364829,1.028191847416));
#2436 = CARTESIAN_POINT('',(0.232160121182,1.028200834216));
#2437 = CARTESIAN_POINT('',(0.230884341523,1.028210706596));
#2438 = CARTESIAN_POINT('',(0.229608017377,1.028221462593));
#2439 = CARTESIAN_POINT('',(0.228331161129,1.028233099835));
#2440 = CARTESIAN_POINT('',(0.227053711897,1.028245616481));
#2441 = CARTESIAN_POINT('',(0.225775554794,1.028259011061));
#2442 = CARTESIAN_POINT('',(0.224496637048,1.028273281357));
#2443 = CARTESIAN_POINT('',(0.223217023544,1.028288423835));
#2444 = CARTESIAN_POINT('',(0.219375733194,1.028336461902));
#2445 = CARTESIAN_POINT('',(0.216811673567,1.028371967535));
#2446 = CARTESIAN_POINT('',(0.214244065645,1.028410931873));
#2447 = CARTESIAN_POINT('',(0.211672562115,1.028453330444));
#2448 = CARTESIAN_POINT('',(0.209096816045,1.028499135696));
#2449 = CARTESIAN_POINT('',(0.206516479677,1.028548316803));
#2450 = CARTESIAN_POINT('',(0.203931203222,1.028600839524));
#2451 = CARTESIAN_POINT('',(0.201340633649,1.028656666002));
#2452 = CARTESIAN_POINT('',(0.198744413483,1.028715754618));
#2453 = CARTESIAN_POINT('',(0.196142179593,1.028778059802));
#2454 = CARTESIAN_POINT('',(0.192229253186,1.028876267909));
#2455 = CARTESIAN_POINT('',(0.190923348412,1.02890979563));
#2456 = CARTESIAN_POINT('',(0.189615801539,1.028944108862));
#2457 = CARTESIAN_POINT('',(0.188306565839,1.028979201144));
#2458 = CARTESIAN_POINT('',(0.186995593978,1.029015065737));
#2459 = CARTESIAN_POINT('',(0.18568283802,1.029051695621));
#2460 = CARTESIAN_POINT('',(0.184368249425,1.029089083493));
#2461 = CARTESIAN_POINT('',(0.183051779049,1.029127221769));
#2462 = CARTESIAN_POINT('',(0.181733377145,1.029166102584));
#2463 = CARTESIAN_POINT('',(0.180412993364,1.029205717791));
#2464 = CARTESIAN_POINT('',(0.177768160139,1.029286400135));
#2465 = CARTESIAN_POINT('',(0.176443723263,1.029327466621));
#2466 = CARTESIAN_POINT('',(0.175117259832,1.029369248179));
#2467 = CARTESIAN_POINT('',(0.173788716453,1.029411736321));
#2468 = CARTESIAN_POINT('',(0.172458035935,1.029454922318));
#2469 = CARTESIAN_POINT('',(0.17112517267,1.029498796465));
#2470 = CARTESIAN_POINT('',(0.169790090147,1.029543348225));
#2471 = CARTESIAN_POINT('',(0.168452750585,1.029588566674));
#2472 = CARTESIAN_POINT('',(0.167113106737,1.029634440913));
#2473 = CARTESIAN_POINT('',(0.16577110585,1.029680959858));
#2474 = CARTESIAN_POINT('',(0.161737935804,1.029822413396));
#2475 = CARTESIAN_POINT('',(0.159039569401,1.029919247366));
#2476 = CARTESIAN_POINT('',(0.15633145247,1.030018496734));
#2477 = CARTESIAN_POINT('',(0.153612425463,1.030120151052));
#2478 = CARTESIAN_POINT('',(0.150884529048,1.0302238409));
#2479 = CARTESIAN_POINT('',(0.148142864582,1.030329931911));
#2480 = CARTESIAN_POINT('',(0.145393017085,1.030437699841));
#2481 = CARTESIAN_POINT('',(0.14262966423,1.030547498308));
#2482 = CARTESIAN_POINT('',(0.139855289766,1.030658916225));
#2483 = CARTESIAN_POINT('',(0.137068583803,1.030771895123));
#2484 = CARTESIAN_POINT('',(0.131470436536,1.031000601216));
#2485 = CARTESIAN_POINT('',(0.128658978218,1.031116330351));
#2486 = CARTESIAN_POINT('',(0.125834824847,1.031233272241));
#2487 = CARTESIAN_POINT('',(0.122997830928,1.031351246355));
#2488 = CARTESIAN_POINT('',(0.120147660892,1.031470071839));
#2489 = CARTESIAN_POINT('',(0.117284103912,1.031589551207));
#2490 = CARTESIAN_POINT('',(0.114407064984,1.031709471886));
#2491 = CARTESIAN_POINT('',(0.111516341168,1.031829617569));
#2492 = CARTESIAN_POINT('',(0.108611650686,1.031949764111));
#2493 = CARTESIAN_POINT('',(0.105692998048,1.032069659704));
#2494 = CARTESIAN_POINT('',(9.982766248842E-02,1.032308452162));
#2495 = CARTESIAN_POINT('',(9.688096364196E-02,1.032427349077));
#2496 = CARTESIAN_POINT('',(9.392016670158E-02,1.032545495025));
#2497 = CARTESIAN_POINT('',(9.094524056157E-02,1.032662626763));
#2498 = CARTESIAN_POINT('',(8.795619335422E-02,1.032778470669));
#2499 = CARTESIAN_POINT('',(8.495307576478E-02,1.032892743933));
#2500 = CARTESIAN_POINT('',(8.193598434818E-02,1.033005155776));
#2501 = CARTESIAN_POINT('',(7.890506484381E-02,1.033115408632));
#2502 = CARTESIAN_POINT('',(7.586051549206E-02,1.03322319937));
#2503 = CARTESIAN_POINT('',(7.280259034953E-02,1.03332822048));
#2504 = CARTESIAN_POINT('',(6.819610873287E-02,1.033481131689));
#2505 = CARTESIAN_POINT('',(6.665740560341E-02,1.033531330111));
#2506 = CARTESIAN_POINT('',(6.511516587398E-02,1.033580730042));
#2507 = CARTESIAN_POINT('',(6.356977481128E-02,1.033629281306));
#2508 = CARTESIAN_POINT('',(6.202120519852E-02,1.033676947517));
#2509 = CARTESIAN_POINT('',(6.046943646537E-02,1.03372369229));
#2510 = CARTESIAN_POINT('',(5.891462273602E-02,1.033769473728));
#2511 = CARTESIAN_POINT('',(5.735686648772E-02,1.033814252001));
#2512 = CARTESIAN_POINT('',(5.579613710961E-02,1.033857992137));
#2513 = CARTESIAN_POINT('',(5.42325868496E-02,1.033900653667));
#2514 = CARTESIAN_POINT('',(5.109993401856E-02,1.033983746917));
#2515 = CARTESIAN_POINT('',(4.953083684716E-02,1.034024178838));
#2516 = CARTESIAN_POINT('',(4.795904265571E-02,1.034063458299));
#2517 = CARTESIAN_POINT('',(4.638462733495E-02,1.034101548413));
#2518 = CARTESIAN_POINT('',(4.480766893082E-02,1.034138413158));
#2519 = CARTESIAN_POINT('',(4.322824764395E-02,1.034174017394));
#2520 = CARTESIAN_POINT('',(4.164644583039E-02,1.034208326837));
#2521 = CARTESIAN_POINT('',(4.006234800076E-02,1.034241308085));
#2522 = CARTESIAN_POINT('',(3.847604082107E-02,1.034272928599));
#2523 = CARTESIAN_POINT('',(3.688761311206E-02,1.034303156713));
#2524 = CARTESIAN_POINT('',(3.21162413248E-02,1.034389571468));
#2525 = CARTESIAN_POINT('',(2.892720903996E-02,1.034441489899));
#2526 = CARTESIAN_POINT('',(2.573079924046E-02,1.034487474516));
#2527 = CARTESIAN_POINT('',(2.252779108424E-02,1.034527301521));
#2528 = CARTESIAN_POINT('',(1.931901216377E-02,1.034560768574));
#2529 = CARTESIAN_POINT('',(1.61053480277E-02,1.034587697642));
#2530 = CARTESIAN_POINT('',(1.288775170276E-02,1.034607937842));
#2531 = CARTESIAN_POINT('',(9.66725321548E-03,1.03462136829));
#2532 = CARTESIAN_POINT('',(6.444969114024E-03,1.034627900944));
#2533 = CARTESIAN_POINT('',(3.222111989945E-03,1.034627483454));
#2534 = CARTESIAN_POINT('',(-3.469446951954E-18,1.034620102008));
#2535 = ( GEOMETRIC_REPRESENTATION_CONTEXT(2) 
PARAMETRIC_REPRESENTATION_CONTEXT() REPRESENTATION_CONTEXT('2D SPACE',''
  ) );
#2536 = ORIENTED_EDGE('',*,*,#2537,.F.);
#2537 = EDGE_CURVE('',#2538,#1786,#2540,.T.);
#2538 = VERTEX_POINT('',#2539);
#2539 = CARTESIAN_POINT('',(-1.200846546969,-0.137896946151,3.05));
#2540 = SURFACE_CURVE('',#2541,(#2664,#2790),.PCURVE_S1.);
#2541 = B_SPLINE_CURVE_WITH_KNOTS('',6,(#2542,#2543,#2544,#2545,#2546,
    #2547,#2548,#2549,#2550,#2551,#2552,#2553,#2554,#2555,#2556,#2557,
    #2558,#2559,#2560,#2561,#2562,#2563,#2564,#2565,#2566,#2567,#2568,
    #2569,#2570,#2571,#2572,#2573,#2574,#2575,#2576,#2577,#2578,#2579,
    #2580,#2581,#2582,#2583,#2584,#2585,#2586,#2587,#2588,#2589,#2590,
    #2591,#2592,#2593,#2594,#2595,#2596,#2597,#2598,#2599,#2600,#2601,
    #2602,#2603,#2604,#2605,#2606,#2607,#2608,#2609,#2610,#2611,#2612,
    #2613,#2614,#2615,#2616,#2617,#2618,#2619,#2620,#2621,#2622,#2623,
    #2624,#2625,#2626,#2627,#2628,#2629,#2630,#2631,#2632,#2633,#2634,
    #2635,#2636,#2637,#2638,#2639,#2640,#2641,#2642,#2643,#2644,#2645,
    #2646,#2647,#2648,#2649,#2650,#2651,#2652,#2653,#2654,#2655,#2656,
    #2657,#2658,#2659,#2660,#2661,#2662,#2663),.UNSPECIFIED.,.T.,.F.,(7,
    5,5,5,5,5,5,5,5,5,5,5,5,5,5,5,5,5,5,5,5,5,5,5,7),(0.,
    6.080259264566E-02,9.67933262148E-02,0.139998068772,0.170591810649,
    0.19335057925,0.249734802931,0.328830290394,0.36048681903,
    0.403672421658,0.439639680928,0.459673353149,0.499595344308,
    0.5279924108,0.56056005456,0.59653779736,0.639736884793,
    0.670328573434,0.693086191131,0.74962461316,0.828537866388,
    0.859161045054,0.902416256466,0.938447995768,1.),.UNSPECIFIED.);
#2542 = CARTESIAN_POINT('',(1.212249975492,-1.417702204874E-14,3.05));
#2543 = CARTESIAN_POINT('',(1.212250065514,-6.980222989E-02,3.05));
#2544 = CARTESIAN_POINT('',(1.204882440762,-0.139654533543,3.05));
#2545 = CARTESIAN_POINT('',(1.190128906977,-0.20847446723,3.05));
#2546 = CARTESIAN_POINT('',(1.168382540838,-0.27539021995,3.05));
#2547 = CARTESIAN_POINT('',(1.140217103215,-0.339692617826,3.05));
#2548 = CARTESIAN_POINT('',(1.086318273926,-0.437016222259,3.05));
#2549 = CARTESIAN_POINT('',(1.064275418039,-0.472106911746,3.05));
#2550 = CARTESIAN_POINT('',(1.040371385696,-0.50599827244,3.05));
#2551 = CARTESIAN_POINT('',(1.014751658669,-0.53861561602,3.05));
#2552 = CARTESIAN_POINT('',(0.987559359555,-0.5699062889,3.05));
#2553 = CARTESIAN_POINT('',(0.924557450092,-0.635761077603,3.05));
#2554 = CARTESIAN_POINT('',(0.888114658426,-0.669722652795,3.05));
#2555 = CARTESIAN_POINT('',(0.849829094891,-0.701659795099,3.05));
#2556 = CARTESIAN_POINT('',(0.809916238901,-0.731541210585,3.05));
#2557 = CARTESIAN_POINT('',(0.768571291127,-0.759355845106,3.05));
#2558 = CARTESIAN_POINT('',(0.695791717577,-0.803338636134,3.05));
#2559 = CARTESIAN_POINT('',(0.664988023132,-0.820535664456,3.05));
#2560 = CARTESIAN_POINT('',(0.63361296691,-0.836696853371,3.05));
#2561 = CARTESIAN_POINT('',(0.601723307611,-0.851824133746,3.05));
#2562 = CARTESIAN_POINT('',(0.569371568718,-0.865920788454,3.05));
#2563 = CARTESIAN_POINT('',(0.51223167483,-0.888714715837,3.05));
#2564 = CARTESIAN_POINT('',(0.487628487751,-0.897870006532,3.05));
#2565 = CARTESIAN_POINT('',(0.462816434709,-0.906459069315,3.05));
#2566 = CARTESIAN_POINT('',(0.437814562424,-0.914483656218,3.05));
#2567 = CARTESIAN_POINT('',(0.412641006888,-0.921945526455,3.05));
#2568 = CARTESIAN_POINT('',(0.324562380545,-0.945943623651,3.05));
#2569 = CARTESIAN_POINT('',(0.260868304186,-0.959596249863,3.05));
#2570 = CARTESIAN_POINT('',(0.19648504761,-0.969833082145,3.05));
#2571 = CARTESIAN_POINT('',(0.131653318226,-0.976673842847,3.05));
#2572 = CARTESIAN_POINT('',(6.660024753523E-02,-0.98012921958,3.05));
#2573 = CARTESIAN_POINT('',(-8.972607147512E-02,-0.980301113093,3.05));
#2574 = CARTESIAN_POINT('',(-0.180975594076,-0.973741369038,3.05));
#2575 = CARTESIAN_POINT('',(-0.271646327555,-0.960528812982,3.05));
#2576 = CARTESIAN_POINT('',(-0.361097383753,-0.940605135827,3.05));
#2577 = CARTESIAN_POINT('',(-0.44861991491,-0.913914279107,3.05));
#2578 = CARTESIAN_POINT('',(-0.567368386152,-0.866930353777,3.05));
#2579 = CARTESIAN_POINT('',(-0.600871454991,-0.852403138669,3.05));
#2580 = CARTESIAN_POINT('',(-0.633882245927,-0.836773155107,3.05));
#2581 = CARTESIAN_POINT('',(-0.666342746521,-0.820036805184,3.05));
#2582 = CARTESIAN_POINT('',(-0.69819010787,-0.802192032542,3.05));
#2583 = CARTESIAN_POINT('',(-0.7718738122,-0.757381908436,3.05));
#2584 = CARTESIAN_POINT('',(-0.813121750798,-0.729463484599,3.05));
#2585 = CARTESIAN_POINT('',(-0.852931513755,-0.699482000871,3.05));
#2586 = CARTESIAN_POINT('',(-0.891107786119,-0.667449087746,3.05));
#2587 = CARTESIAN_POINT('',(-0.927435004242,-0.633396712274,3.05));
#2588 = CARTESIAN_POINT('',(-0.990207482532,-0.567392213755,3.05));
#2589 = CARTESIAN_POINT('',(-1.017288460749,-0.536041465243,3.05));
#2590 = CARTESIAN_POINT('',(-1.042793137174,-0.503368975915,3.05));
#2591 = CARTESIAN_POINT('',(-1.066578453695,-0.469427834058,3.05));
#2592 = CARTESIAN_POINT('',(-1.088499005076,-0.434293177366,3.05));
#2593 = CARTESIAN_POINT('',(-1.119507304736,-0.377889948494,3.05));
#2594 = CARTESIAN_POINT('',(-1.129978328362,-0.357373886712,3.05));
#2595 = CARTESIAN_POINT('',(-1.139802957322,-0.336537026428,3.05));
#2596 = CARTESIAN_POINT('',(-1.148957948498,-0.315399659525,3.05));
#2597 = CARTESIAN_POINT('',(-1.157421406275,-0.293984699376,3.05));
#2598 = CARTESIAN_POINT('',(-1.18061951205,-0.229140819898,3.05));
#2599 = CARTESIAN_POINT('',(-1.193241138015,-0.184956808582,3.05));
#2600 = CARTESIAN_POINT('',(-1.202874179983,-0.139979742679,3.05));
#2601 = CARTESIAN_POINT('',(-1.209396244551,-9.44470561994E-02,3.05));
#2602 = CARTESIAN_POINT('',(-1.212738839986,-4.862121154726E-02,3.05));
#2603 = CARTESIAN_POINT('',(-1.213015156711,2.980787142157E-02,3.05));
#2604 = CARTESIAN_POINT('',(-1.211520272439,6.241404638003E-02,3.05));
#2605 = CARTESIAN_POINT('',(-1.208415826955,9.492591336704E-02,3.05));
#2606 = CARTESIAN_POINT('',(-1.203717241712,0.127246806186,3.05));
#2607 = CARTESIAN_POINT('',(-1.197455070694,0.15928461426,3.05));
#2608 = CARTESIAN_POINT('',(-1.180752115131,0.227269991441,3.05));
#2609 = CARTESIAN_POINT('',(-1.169831166074,0.263103821837,3.05));
#2610 = CARTESIAN_POINT('',(-1.156979236781,0.298321979409,3.05));
#2611 = CARTESIAN_POINT('',(-1.142282752003,0.332813541664,3.05));
#2612 = CARTESIAN_POINT('',(-1.12584068688,0.366485436129,3.05));
#2613 = CARTESIAN_POINT('',(-1.087781508685,0.435466136818,3.05));
#2614 = CARTESIAN_POINT('',(-1.065802066804,0.470578488232,3.05));
#2615 = CARTESIAN_POINT('',(-1.041959990162,0.504494805074,3.05));
#2616 = CARTESIAN_POINT('',(-1.016400802903,0.537140283049,3.05));
#2617 = CARTESIAN_POINT('',(-0.989267596725,0.568462131106,3.05));
#2618 = CARTESIAN_POINT('',(-0.926384424424,0.634400189622,3.05));
#2619 = CARTESIAN_POINT('',(-0.889999662807,0.668414214728,3.05));
#2620 = CARTESIAN_POINT('',(-0.851768986062,0.700406768923,3.05));
#2621 = CARTESIAN_POINT('',(-0.81190785245,0.730346204086,3.05));
#2622 = CARTESIAN_POINT('',(-0.770611436541,0.758221117073,3.05));
#2623 = CARTESIAN_POINT('',(-0.69790738928,0.802311409979,3.05));
#2624 = CARTESIAN_POINT('',(-0.667132199106,0.819554541421,3.05));
#2625 = CARTESIAN_POINT('',(-0.635783980969,0.835762580131,3.05));
#2626 = CARTESIAN_POINT('',(-0.603919510219,0.850937361041,3.05));
#2627 = CARTESIAN_POINT('',(-0.571591330272,0.86508208324,3.05));
#2628 = CARTESIAN_POINT('',(-0.514489317177,0.887960860752,3.05));
#2629 = CARTESIAN_POINT('',(-0.489901161326,0.897152694151,3.05));
#2630 = CARTESIAN_POINT('',(-0.465103252921,0.905778525992,3.05));
#2631 = CARTESIAN_POINT('',(-0.440114648864,0.913840082806,3.05));
#2632 = CARTESIAN_POINT('',(-0.414953495101,0.921339101827,3.05));
#2633 = CARTESIAN_POINT('',(-0.326740311217,0.945514826328,3.05));
#2634 = CARTESIAN_POINT('',(-0.262889543812,0.95928953143,3.05));
#2635 = CARTESIAN_POINT('',(-0.198341338529,0.969630187476,3.05));
#2636 = CARTESIAN_POINT('',(-0.133338495398,0.976556466043,3.05));
#2637 = CARTESIAN_POINT('',(-6.811000035038E-02,0.980078969107,3.05));
#2638 = CARTESIAN_POINT('',(8.81843624474E-02,0.980366805058,3.05));
#2639 = CARTESIAN_POINT('',(0.179229054567,0.973904991331,3.05));
#2640 = CARTESIAN_POINT('',(0.269703747592,0.960820364865,3.05));
#2641 = CARTESIAN_POINT('',(0.358972079108,0.941054705347,3.05));
#2642 = CARTESIAN_POINT('',(0.44633044158,0.914551617,3.05));
#2643 = CARTESIAN_POINT('',(0.56385313299,0.868277415177,3.05));
#2644 = CARTESIAN_POINT('',(0.596299984709,0.854312937008,3.05));
#2645 = CARTESIAN_POINT('',(0.62828966701,0.839316259439,3.05));
#2646 = CARTESIAN_POINT('',(0.659769841639,0.823284005946,3.05));
#2647 = CARTESIAN_POINT('',(0.690683956897,0.806214099911,3.05));
#2648 = CARTESIAN_POINT('',(0.763752028132,0.762527840834,3.05));
#2649 = CARTESIAN_POINT('',(0.805280017084,0.734879757026,3.05));
#2650 = CARTESIAN_POINT('',(0.8453869529,0.705159434553,3.05));
#2651 = CARTESIAN_POINT('',(0.883878180278,0.673377072523,3.05));
#2652 = CARTESIAN_POINT('',(0.920538635733,0.639562759733,3.05));
#2653 = CARTESIAN_POINT('',(0.983960978924,0.573961981465,3.05));
#2654 = CARTESIAN_POINT('',(1.011352372855,0.542780962745,3.05));
#2655 = CARTESIAN_POINT('',(1.037179781688,0.510266044435,3.05));
#2656 = CARTESIAN_POINT('',(1.061299945417,0.476468758014,3.05));
#2657 = CARTESIAN_POINT('',(1.083566921813,0.441462533735,3.05));
#2658 = CARTESIAN_POINT('',(1.13847032164,0.343654823374,3.05));
#2659 = CARTESIAN_POINT('',(1.167302703999,0.278690849857,3.05));
#2660 = CARTESIAN_POINT('',(1.189579172728,0.211022125252,3.05));
#2661 = CARTESIAN_POINT('',(1.204699588029,0.141378858355,3.05));
#2662 = CARTESIAN_POINT('',(1.21225007306,7.066298039391E-02,3.05));
#2663 = CARTESIAN_POINT('',(1.212249975492,5.135654409311E-15,3.05));
#2664 = PCURVE('',#344,#2665);
#2665 = DEFINITIONAL_REPRESENTATION('',(#2666),#2789);
#2666 = B_SPLINE_CURVE_WITH_KNOTS('',6,(#2667,#2668,#2669,#2670,#2671,
    #2672,#2673,#2674,#2675,#2676,#2677,#2678,#2679,#2680,#2681,#2682,
    #2683,#2684,#2685,#2686,#2687,#2688,#2689,#2690,#2691,#2692,#2693,
    #2694,#2695,#2696,#2697,#2698,#2699,#2700,#2701,#2702,#2703,#2704,
    #2705,#2706,#2707,#2708,#2709,#2710,#2711,#2712,#2713,#2714,#2715,
    #2716,#2717,#2718,#2719,#2720,#2721,#2722,#2723,#2724,#2725,#2726,
    #2727,#2728,#2729,#2730,#2731,#2732,#2733,#2734,#2735,#2736,#2737,
    #2738,#2739,#2740,#2741,#2742,#2743,#2744,#2745,#2746,#2747,#2748,
    #2749,#2750,#2751,#2752,#2753,#2754,#2755,#2756,#2757,#2758,#2759,
    #2760,#2761,#2762,#2763,#2764,#2765,#2766,#2767,#2768,#2769,#2770,
    #2771,#2772,#2773,#2774,#2775,#2776,#2777,#2778,#2779,#2780,#2781,
    #2782,#2783,#2784,#2785,#2786,#2787,#2788),.UNSPECIFIED.,.F.,.F.,(7,
    5,5,5,5,5,5,5,5,5,5,5,5,5,5,5,5,5,5,5,5,5,5,5,7),(0.,
    6.080259264566E-02,9.67933262148E-02,0.139998068772,0.170591810649,
    0.19335057925,0.249734802931,0.328830290394,0.36048681903,
    0.403672421658,0.439639680928,0.459673353149,0.499595344308,
    0.5279924108,0.56056005456,0.59653779736,0.639736884793,
    0.670328573434,0.693086191131,0.74962461316,0.828537866388,
    0.859161045054,0.902416256466,0.938447995768,1.),.UNSPECIFIED.);
#2667 = CARTESIAN_POINT('',(0.137080756465,1.35622807451E-02));
#2668 = CARTESIAN_POINT('',(0.143953097152,-5.590081903531E-02));
#2669 = CARTESIAN_POINT('',(0.15816228611,-0.124688355473));
#2670 = CARTESIAN_POINT('',(0.1796198564,-0.19172135264));
#2671 = CARTESIAN_POINT('',(0.207848806335,-0.256170935943));
#2672 = CARTESIAN_POINT('',(0.242208340462,-0.317387867127));
#2673 = CARTESIAN_POINT('',(0.30542736615,-0.408931968901));
#2674 = CARTESIAN_POINT('',(0.330818005132,-0.441681922129));
#2675 = CARTESIAN_POINT('',(0.35794269711,-0.47305513008));
#2676 = CARTESIAN_POINT('',(0.38664931365,-0.502991590824));
#2677 = CARTESIAN_POINT('',(0.416790243481,-0.53145299784));
#2678 = CARTESIAN_POINT('',(0.485969835824,-0.590784926802));
#2679 = CARTESIAN_POINT('',(0.525579279714,-0.620993495267));
#2680 = CARTESIAN_POINT('',(0.566823225197,-0.649006035221));
#2681 = CARTESIAN_POINT('',(0.609484158715,-0.674812619963));
#2682 = CARTESIAN_POINT('',(0.653366739649,-0.698421467682));
#2683 = CARTESIAN_POINT('',(0.73012306688,-0.735024998422));
#2684 = CARTESIAN_POINT('',(0.762470245608,-0.749105673226));
#2685 = CARTESIAN_POINT('',(0.795284025776,-0.762099287473));
#2686 = CARTESIAN_POINT('',(0.828508114554,-0.774013350869));
#2687 = CARTESIAN_POINT('',(0.862090566867,-0.784856301574));
#2688 = CARTESIAN_POINT('',(0.921197035632,-0.801913732484));
#2689 = CARTESIAN_POINT('',(0.94658207735,-0.808602216549));
#2690 = CARTESIAN_POINT('',(0.972119221855,-0.814706659704));
#2691 = CARTESIAN_POINT('',(0.99778968746,-0.820230680732));
#2692 = CARTESIAN_POINT('',(1.023575599495,-0.825177815889));
#2693 = CARTESIAN_POINT('',(1.11358904017,-0.840387470237));
#2694 = CARTESIAN_POINT('',(1.178317833875,-0.847702716729));
#2695 = CARTESIAN_POINT('',(1.243396154844,-0.851550911413));
#2696 = CARTESIAN_POINT('',(1.308586406941,-0.851975379844));
#2697 = CARTESIAN_POINT('',(1.373663614455,-0.849009120106));
#2698 = CARTESIAN_POINT('',(1.529247335111,-0.833788954876));
#2699 = CARTESIAN_POINT('',(1.619407671118,-0.818277042423));
#2700 = CARTESIAN_POINT('',(1.708337022555,-0.796201626228));
#2701 = CARTESIAN_POINT('',(1.795391874196,-0.767567779613));
#2702 = CARTESIAN_POINT('',(1.879861302991,-0.732389506605));
#2703 = CARTESIAN_POINT('',(1.993406989367,-0.673942387196));
#2704 = CARTESIAN_POINT('',(2.025316993494,-0.656187184099));
#2705 = CARTESIAN_POINT('',(2.056628537599,-0.637383038011));
#2706 = CARTESIAN_POINT('',(2.087283536867,-0.617532080163));
#2707 = CARTESIAN_POINT('',(2.117219245288,-0.596638452024));
#2708 = CARTESIAN_POINT('',(2.186133138257,-0.544791457297));
#2709 = CARTESIAN_POINT('',(2.224431941777,-0.512947580696));
#2710 = CARTESIAN_POINT('',(2.261096437042,-0.479192264371));
#2711 = CARTESIAN_POINT('',(2.29593340314,-0.443556312188));
#2712 = CARTESIAN_POINT('',(2.328731471094,-0.406092759362));
#2713 = CARTESIAN_POINT('',(2.384700443131,-0.334228637405));
#2714 = CARTESIAN_POINT('',(2.408563185359,-0.3003639309));
#2715 = CARTESIAN_POINT('',(2.430727151396,-0.265339101308));
#2716 = CARTESIAN_POINT('',(2.451055205034,-0.229221063877));
#2717 = CARTESIAN_POINT('',(2.469410045235,-0.192098907219));
#2718 = CARTESIAN_POINT('',(2.494714467225,-0.132916772223));
#2719 = CARTESIAN_POINT('',(2.50311469259,-0.111469456757));
#2720 = CARTESIAN_POINT('',(2.510840079388,-8.976654267891E-02));
#2721 = CARTESIAN_POINT('',(2.517869495282,-6.783051169741E-02));
#2722 = CARTESIAN_POINT('',(2.524183406991,-4.568632161002E-02));
#2723 = CARTESIAN_POINT('',(2.540884550954,2.112649607965E-02));
#2724 = CARTESIAN_POINT('',(2.549094684296,6.633850785235E-02));
#2725 = CARTESIAN_POINT('',(2.554252673108,0.112045477848));
#2726 = CARTESIAN_POINT('',(2.556260095383,0.157999075314));
#2727 = CARTESIAN_POINT('',(2.555074633091,0.203931369634));
#2728 = CARTESIAN_POINT('',(2.547627813827,0.282006604434));
#2729 = CARTESIAN_POINT('',(2.542929927435,0.314307180093));
#2730 = CARTESIAN_POINT('',(2.536639585156,0.346355435439));
#2731 = CARTESIAN_POINT('',(2.528781650861,0.378056692268));
#2732 = CARTESIAN_POINT('',(2.519395598899,0.409322295743));
#2733 = CARTESIAN_POINT('',(2.496080245112,0.475332859388));
#2734 = CARTESIAN_POINT('',(2.481684309915,0.509917358502));
#2735 = CARTESIAN_POINT('',(2.46542739281,0.543699059991));
#2736 = CARTESIAN_POINT('',(2.447406419599,0.5765760893));
#2737 = CARTESIAN_POINT('',(2.427729048067,0.608465570825));
#2738 = CARTESIAN_POINT('',(2.383063237021,0.673363979404));
#2739 = CARTESIAN_POINT('',(2.357733571204,0.706141732786));
#2740 = CARTESIAN_POINT('',(2.330668076835,0.737545875528));
#2741 = CARTESIAN_POINT('',(2.302018935932,0.767516294461));
#2742 = CARTESIAN_POINT('',(2.271933742555,0.796014543227));
#2743 = CARTESIAN_POINT('',(2.202864112091,0.855441027785));
#2744 = CARTESIAN_POINT('',(2.163307252312,0.885707504724));
#2745 = CARTESIAN_POINT('',(2.122112471328,0.913780591265));
#2746 = CARTESIAN_POINT('',(2.07949729652,0.939650006157));
#2747 = CARTESIAN_POINT('',(2.035657076896,0.963323617716));
#2748 = CARTESIAN_POINT('',(1.958965324826,1.000041564026));
#2749 = CARTESIAN_POINT('',(1.926641972763,1.014170924363));
#2750 = CARTESIAN_POINT('',(1.893850287654,1.027213803145));
#2751 = CARTESIAN_POINT('',(1.860646588344,1.039177616249));
#2752 = CARTESIAN_POINT('',(1.827082847994,1.050070720421));
#2753 = CARTESIAN_POINT('',(1.768005721993,1.06721631879));
#2754 = CARTESIAN_POINT('',(1.742632040633,1.073942647924));
#2755 = CARTESIAN_POINT('',(1.717105351919,1.080085074114));
#2756 = CARTESIAN_POINT('',(1.691444450177,1.085647191764));
#2757 = CARTESIAN_POINT('',(1.665667222149,1.090632516241));
#2758 = CARTESIAN_POINT('',(1.575502389263,1.106005686918));
#2759 = CARTESIAN_POINT('',(1.510605646438,1.113426992038));
#2760 = CARTESIAN_POINT('',(1.445352956131,1.117362265904));
#2761 = CARTESIAN_POINT('',(1.37998400193,1.117854989574));
#2762 = CARTESIAN_POINT('',(1.314725613398,1.114938258495));
#2763 = CARTESIAN_POINT('',(1.159162278495,1.099836618661));
#2764 = CARTESIAN_POINT('',(1.069196135982,1.084442327471));
#2765 = CARTESIAN_POINT('',(0.98044927712,1.06251352062));
#2766 = CARTESIAN_POINT('',(0.893560704637,1.034054914195));
#2767 = CARTESIAN_POINT('',(0.809236160029,0.999079660624));
#2768 = CARTESIAN_POINT('',(0.696840421595,0.941459501544));
#2769 = CARTESIAN_POINT('',(0.665926098201,0.924368291929));
#2770 = CARTESIAN_POINT('',(0.635568348993,0.906294908879));
#2771 = CARTESIAN_POINT('',(0.605819590373,0.88724114528));
#2772 = CARTESIAN_POINT('',(0.576736303736,0.86721050244));
#2773 = CARTESIAN_POINT('',(0.508324401803,0.816542524979));
#2774 = CARTESIAN_POINT('',(0.469720292044,0.784940102375));
#2775 = CARTESIAN_POINT('',(0.43273435493,0.751415420061));
#2776 = CARTESIAN_POINT('',(0.397559295855,0.715997792524));
#2777 = CARTESIAN_POINT('',(0.364406170988,0.678738336608));
#2778 = CARTESIAN_POINT('',(0.307750742887,0.60721199047));
#2779 = CARTESIAN_POINT('',(0.283562382248,0.573485626902));
#2780 = CARTESIAN_POINT('',(0.261061738049,0.5385858279));
#2781 = CARTESIAN_POINT('',(0.240386300688,0.502577979343));
#2782 = CARTESIAN_POINT('',(0.221674073694,0.465549523569));
#2783 = CARTESIAN_POINT('',(0.176667156447,0.362811463832));
#2784 = CARTESIAN_POINT('',(0.154370934371,0.295324408712));
#2785 = CARTESIAN_POINT('',(0.138865071839,0.225791211059));
#2786 = CARTESIAN_POINT('',(0.130674899576,0.154997619109));
#2787 = CARTESIAN_POINT('',(0.13012348327,8.388193054407E-02));
#2788 = CARTESIAN_POINT('',(0.137080756465,1.356228074512E-02));
#2789 = ( GEOMETRIC_REPRESENTATION_CONTEXT(2) 
PARAMETRIC_REPRESENTATION_CONTEXT() REPRESENTATION_CONTEXT('2D SPACE',''
  ) );
#2790 = PCURVE('',#2039,#2791);
#2791 = DEFINITIONAL_REPRESENTATION('',(#2792),#3215);
#2792 = B_SPLINE_CURVE_WITH_KNOTS('',11,(#2793,#2794,#2795,#2796,#2797,
    #2798,#2799,#2800,#2801,#2802,#2803,#2804,#2805,#2806,#2807,#2808,
    #2809,#2810,#2811,#2812,#2813,#2814,#2815,#2816,#2817,#2818,#2819,
    #2820,#2821,#2822,#2823,#2824,#2825,#2826,#2827,#2828,#2829,#2830,
    #2831,#2832,#2833,#2834,#2835,#2836,#2837,#2838,#2839,#2840,#2841,
    #2842,#2843,#2844,#2845,#2846,#2847,#2848,#2849,#2850,#2851,#2852,
    #2853,#2854,#2855,#2856,#2857,#2858,#2859,#2860,#2861,#2862,#2863,
    #2864,#2865,#2866,#2867,#2868,#2869,#2870,#2871,#2872,#2873,#2874,
    #2875,#2876,#2877,#2878,#2879,#2880,#2881,#2882,#2883,#2884,#2885,
    #2886,#2887,#2888,#2889,#2890,#2891,#2892,#2893,#2894,#2895,#2896,
    #2897,#2898,#2899,#2900,#2901,#2902,#2903,#2904,#2905,#2906,#2907,
    #2908,#2909,#2910,#2911,#2912,#2913,#2914,#2915,#2916,#2917,#2918,
    #2919,#2920,#2921,#2922,#2923,#2924,#2925,#2926,#2927,#2928,#2929,
    #2930,#2931,#2932,#2933,#2934,#2935,#2936,#2937,#2938,#2939,#2940,
    #2941,#2942,#2943,#2944,#2945,#2946,#2947,#2948,#2949,#2950,#2951,
    #2952,#2953,#2954,#2955,#2956,#2957,#2958,#2959,#2960,#2961,#2962,
    #2963,#2964,#2965,#2966,#2967,#2968,#2969,#2970,#2971,#2972,#2973,
    #2974,#2975,#2976,#2977,#2978,#2979,#2980,#2981,#2982,#2983,#2984,
    #2985,#2986,#2987,#2988,#2989,#2990,#2991,#2992,#2993,#2994,#2995,
    #2996,#2997,#2998,#2999,#3000,#3001,#3002,#3003,#3004,#3005,#3006,
    #3007,#3008,#3009,#3010,#3011,#3012,#3013,#3014,#3015,#3016,#3017,
    #3018,#3019,#3020,#3021,#3022,#3023,#3024,#3025,#3026,#3027,#3028,
    #3029,#3030,#3031,#3032,#3033,#3034,#3035,#3036,#3037,#3038,#3039,
    #3040,#3041,#3042,#3043,#3044,#3045,#3046,#3047,#3048,#3049,#3050,
    #3051,#3052,#3053,#3054,#3055,#3056,#3057,#3058,#3059,#3060,#3061,
    #3062,#3063,#3064,#3065,#3066,#3067,#3068,#3069,#3070,#3071,#3072,
    #3073,#3074,#3075,#3076,#3077,#3078,#3079,#3080,#3081,#3082,#3083,
    #3084,#3085,#3086,#3087,#3088,#3089,#3090,#3091,#3092,#3093,#3094,
    #3095,#3096,#3097,#3098,#3099,#3100,#3101,#3102,#3103,#3104,#3105,
    #3106,#3107,#3108,#3109,#3110,#3111,#3112,#3113,#3114,#3115,#3116,
    #3117,#3118,#3119,#3120,#3121,#3122,#3123,#3124,#3125,#3126,#3127,
    #3128,#3129,#3130,#3131,#3132,#3133,#3134,#3135,#3136,#3137,#3138,
    #3139,#3140,#3141,#3142,#3143,#3144,#3145,#3146,#3147,#3148,#3149,
    #3150,#3151,#3152,#3153,#3154,#3155,#3156,#3157,#3158,#3159,#3160,
    #3161,#3162,#3163,#3164,#3165,#3166,#3167,#3168,#3169,#3170,#3171,
    #3172,#3173,#3174,#3175,#3176,#3177,#3178,#3179,#3180,#3181,#3182,
    #3183,#3184,#3185,#3186,#3187,#3188,#3189,#3190,#3191,#3192,#3193,
    #3194,#3195,#3196,#3197,#3198,#3199,#3200,#3201,#3202,#3203,#3204,
    #3205,#3206,#3207,#3208,#3209,#3210,#3211,#3212,#3213,#3214),
  .UNSPECIFIED.,.F.,.F.,(12,10,10,10,10,10,10,10,10,10,10,10,10,10,10,10
    ,10,10,10,10,10,10,10,10,10,10,10,10,10,10,10,10,10,10,10,10,10,10,
    10,10,10,10,12),(0.,3.125E-02,4.6875E-02,6.25E-02,9.375E-02,0.125,
    0.140625,0.15625,0.1875,0.21875,0.25,0.265625,0.28125,0.3125,
    0.328125,0.34375,0.359375,0.375,0.40625,0.4375,0.453125,0.46875,0.5,
    0.53125,0.5625,0.59375,0.625,0.640625,0.65625,0.6875,0.71875,0.75,
    0.765625,0.78125,0.8125,0.828125,0.84375,0.875,0.90625,0.9375,
    0.953125,0.96875,1.),.UNSPECIFIED.);
#2793 = CARTESIAN_POINT('',(1.,1.034620102008));
#2794 = CARTESIAN_POINT('',(0.996777906955,1.034627483457));
#2795 = CARTESIAN_POINT('',(0.993555087062,1.034627900924));
#2796 = CARTESIAN_POINT('',(0.990332851922,1.034621368417));
#2797 = CARTESIAN_POINT('',(0.987112408744,1.034607938384));
#2798 = CARTESIAN_POINT('',(0.983894869802,1.03458769889));
#2799 = CARTESIAN_POINT('',(0.9806812619,1.034560770794));
#2800 = CARTESIAN_POINT('',(0.977472535823,1.034527304915));
#2801 = CARTESIAN_POINT('',(0.97426957581,1.034487479215));
#2802 = CARTESIAN_POINT('',(0.971073208999,1.034441495966));
#2803 = CARTESIAN_POINT('',(0.967884214902,1.034389578931));
#2804 = CARTESIAN_POINT('',(0.96311289483,1.034303166329));
#2805 = CARTESIAN_POINT('',(0.961524483464,1.034272938941));
#2806 = CARTESIAN_POINT('',(0.959938191848,1.03424131916));
#2807 = CARTESIAN_POINT('',(0.958354108977,1.034208338653));
#2808 = CARTESIAN_POINT('',(0.956772321743,1.034174029958));
#2809 = CARTESIAN_POINT('',(0.955192914945,1.03413842649));
#2810 = CARTESIAN_POINT('',(0.953615971277,1.03410156253));
#2811 = CARTESIAN_POINT('',(0.952041571341,1.03406347324));
#2812 = CARTESIAN_POINT('',(0.950469793635,1.034024194648));
#2813 = CARTESIAN_POINT('',(0.94890071456,1.033983763657));
#2814 = CARTESIAN_POINT('',(0.94576810228,1.033900672429));
#2815 = CARTESIAN_POINT('',(0.944204552163,1.03385801125));
#2816 = CARTESIAN_POINT('',(0.942643991125,1.033814277069));
#2817 = CARTESIAN_POINT('',(0.941085806969,1.0337694849));
#2818 = CARTESIAN_POINT('',(0.939531955677,1.033723735933));
#2819 = CARTESIAN_POINT('',(0.937978884904,1.033676948056));
#2820 = CARTESIAN_POINT('',(0.936431765232,1.0336293307));
#2821 = CARTESIAN_POINT('',(0.934885340776,1.033580745241));
#2822 = CARTESIAN_POINT('',(0.933343724544,1.033531366631));
#2823 = CARTESIAN_POINT('',(0.931804938603,1.033481165797));
#2824 = CARTESIAN_POINT('',(0.92719848302,1.033328256882));
#2825 = CARTESIAN_POINT('',(0.924140574202,1.033223237547));
#2826 = CARTESIAN_POINT('',(0.92109604073,1.033115448551));
#2827 = CARTESIAN_POINT('',(0.91806513698,1.033005197273));
#2828 = CARTESIAN_POINT('',(0.915048061313,1.032892786832));
#2829 = CARTESIAN_POINT('',(0.912044959449,1.03277851484));
#2830 = CARTESIAN_POINT('',(0.909055927855,1.032662672165));
#2831 = CARTESIAN_POINT('',(0.906081017112,1.03254554168));
#2832 = CARTESIAN_POINT('',(0.903120235304,1.032427397029));
#2833 = CARTESIAN_POINT('',(0.900173551395,1.032308501376));
#2834 = CARTESIAN_POINT('',(0.894308245814,1.032069710953));
#2835 = CARTESIAN_POINT('',(0.891389592602,1.031949814989));
#2836 = CARTESIAN_POINT('',(0.888484978749,1.031829672364));
#2837 = CARTESIAN_POINT('',(0.885594235562,1.031709525712));
#2838 = CARTESIAN_POINT('',(0.882717187814,1.031589604858));
#2839 = CARTESIAN_POINT('',(0.879853676121,1.031470127996));
#2840 = CARTESIAN_POINT('',(0.877003521972,1.031351302931));
#2841 = CARTESIAN_POINT('',(0.874166507659,1.03123332721));
#2842 = CARTESIAN_POINT('',(0.871342393351,1.031116387264));
#2843 = CARTESIAN_POINT('',(0.868530943583,1.031000657947));
#2844 = CARTESIAN_POINT('',(0.864332356345,1.030829128734));
#2845 = CARTESIAN_POINT('',(0.862935923935,1.030772296285));
#2846 = CARTESIAN_POINT('',(0.861542557226,1.030715828688));
#2847 = CARTESIAN_POINT('',(0.860152222186,1.03065974601));
#2848 = CARTESIAN_POINT('',(0.858764882344,1.03060406755));
#2849 = CARTESIAN_POINT('',(0.857380499424,1.030548811918));
#2850 = CARTESIAN_POINT('',(0.855999033961,1.030493997082));
#2851 = CARTESIAN_POINT('',(0.854620445941,1.030439640458));
#2852 = CARTESIAN_POINT('',(0.853244695416,1.030385758953));
#2853 = CARTESIAN_POINT('',(0.851871743142,1.030332369053));
#2854 = CARTESIAN_POINT('',(0.849131359251,1.030226604693));
#2855 = CARTESIAN_POINT('',(0.84776393449,1.030174230897));
#2856 = CARTESIAN_POINT('',(0.846399236022,1.030122381053));
#2857 = CARTESIAN_POINT('',(0.845037222768,1.030071070281));
#2858 = CARTESIAN_POINT('',(0.84367785346,1.030020313253));
#2859 = CARTESIAN_POINT('',(0.842321086637,1.029970124195));
#2860 = CARTESIAN_POINT('',(0.84096688065,1.029920516883));
#2861 = CARTESIAN_POINT('',(0.839615193659,1.029871504649));
#2862 = CARTESIAN_POINT('',(0.838265983637,1.029823100373));
#2863 = CARTESIAN_POINT('',(0.836919208362,1.029775316491));
#2864 = CARTESIAN_POINT('',(0.832886059558,1.029633861987));
#2865 = CARTESIAN_POINT('',(0.830206858971,1.029542087775));
#2866 = CARTESIAN_POINT('',(0.827536897479,1.029452941247));
#2867 = CARTESIAN_POINT('',(0.8248758135,1.029366507645));
#2868 = CARTESIAN_POINT('',(0.822223246533,1.029282866459));
#2869 = CARTESIAN_POINT('',(0.819578847272,1.02920209385));
#2870 = CARTESIAN_POINT('',(0.816942271649,1.029124261713));
#2871 = CARTESIAN_POINT('',(0.814313169028,1.02904943549));
#2872 = CARTESIAN_POINT('',(0.811691174869,1.028977672887));
#2873 = CARTESIAN_POINT('',(0.80907591807,1.028909025575));
#2874 = CARTESIAN_POINT('',(0.803858188523,1.028778066496));
#2875 = CARTESIAN_POINT('',(0.801255737453,1.028715758386));
#2876 = CARTESIAN_POINT('',(0.798659147162,1.028656641877));
#2877 = CARTESIAN_POINT('',(0.796068456663,1.028600822175));
#2878 = CARTESIAN_POINT('',(0.793483117967,1.028548310382));
#2879 = CARTESIAN_POINT('',(0.790902632809,1.028499123769));
#2880 = CARTESIAN_POINT('',(0.78832676249,1.028453316214));
#2881 = CARTESIAN_POINT('',(0.78575519959,1.028410925283));
#2882 = CARTESIAN_POINT('',(0.783187449938,1.028371955673));
#2883 = CARTESIAN_POINT('',(0.780623260809,1.02833644955));
#2884 = CARTESIAN_POINT('',(0.775501233926,1.028272395622));
#2885 = CARTESIAN_POINT('',(0.772943393711,1.028243848668));
#2886 = CARTESIAN_POINT('',(0.770388420795,1.028218804324));
#2887 = CARTESIAN_POINT('',(0.76783585696,1.028197280133));
#2888 = CARTESIAN_POINT('',(0.765285475946,1.028179293991));
#2889 = CARTESIAN_POINT('',(0.762736909751,1.028164858949));
#2890 = CARTESIAN_POINT('',(0.760189698437,1.028153983897));
#2891 = CARTESIAN_POINT('',(0.757643553242,1.028146677266));
#2892 = CARTESIAN_POINT('',(0.755098241573,1.028142945568));
#2893 = CARTESIAN_POINT('',(0.752553131474,1.028142787184));
#2894 = CARTESIAN_POINT('',(0.748735543063,1.02814791303));
#2895 = CARTESIAN_POINT('',(0.747463046186,1.028150516016));
#2896 = CARTESIAN_POINT('',(0.746190532883,1.028154013402));
#2897 = CARTESIAN_POINT('',(0.744917954521,1.028158405065));
#2898 = CARTESIAN_POINT('',(0.743645262855,1.02816369074));
#2899 = CARTESIAN_POINT('',(0.742372410024,1.028169870008));
#2900 = CARTESIAN_POINT('',(0.741099348558,1.028176942305));
#2901 = CARTESIAN_POINT('',(0.739826031372,1.028184906917));
#2902 = CARTESIAN_POINT('',(0.738552411766,1.028193762985));
#2903 = CARTESIAN_POINT('',(0.73727844343,1.028203509498));
#2904 = CARTESIAN_POINT('',(0.734729717451,1.028224781098));
#2905 = CARTESIAN_POINT('',(0.733454959771,1.028236306199));
#2906 = CARTESIAN_POINT('',(0.732179783358,1.028248719075));
#2907 = CARTESIAN_POINT('',(0.730904077157,1.028262019246));
#2908 = CARTESIAN_POINT('',(0.729627831862,1.02827620479));
#2909 = CARTESIAN_POINT('',(0.728351058581,1.028291273321));
#2910 = CARTESIAN_POINT('',(0.727073696783,1.028307223149));
#2911 = CARTESIAN_POINT('',(0.725795633142,1.028324053085));
#2912 = CARTESIAN_POINT('',(0.724516815078,1.028341761027));
#2913 = CARTESIAN_POINT('',(0.72323730507,1.028360343264));
#2914 = CARTESIAN_POINT('',(0.719396341789,1.02841870775));
#2915 = CARTESIAN_POINT('',(0.716832520856,1.028461107012));
#2916 = CARTESIAN_POINT('',(0.714265172266,1.028506974954));
#2917 = CARTESIAN_POINT('',(0.711693948797,1.028556287563));
#2918 = CARTESIAN_POINT('',(0.709118503696,1.02860901756));
#2919 = CARTESIAN_POINT('',(0.706538489459,1.028665134212));
#2920 = CARTESIAN_POINT('',(0.703953556615,1.028724603154));
#2921 = CARTESIAN_POINT('',(0.701363352502,1.028787386201));
#2922 = CARTESIAN_POINT('',(0.698767520056,1.02885344117));
#2923 = CARTESIAN_POINT('',(0.696165696582,1.028922721695));
#2924 = CARTESIAN_POINT('',(0.692253420524,1.02903140472));
#2925 = CARTESIAN_POINT('',(0.690947738386,1.029068426063));
#2926 = CARTESIAN_POINT('',(0.689640420053,1.029106234768));
#2927 = CARTESIAN_POINT('',(0.688331418849,1.029144824232));
#2928 = CARTESIAN_POINT('',(0.687020687504,1.029184187556));
#2929 = CARTESIAN_POINT('',(0.685708178143,1.029224317539));
#2930 = CARTESIAN_POINT('',(0.6843938423,1.029265206689));
#2931 = CARTESIAN_POINT('',(0.683077630904,1.029306847211));
#2932 = CARTESIAN_POINT('',(0.68175949429,1.029349231017));
#2933 = CARTESIAN_POINT('',(0.680439382194,1.029392349719));
#2934 = CARTESIAN_POINT('',(0.677795105309,1.029480039548));
#2935 = CARTESIAN_POINT('',(0.676470940337,1.029524610595));
#2936 = CARTESIAN_POINT('',(0.675144759155,1.029569896283));
#2937 = CARTESIAN_POINT('',(0.673816506667,1.029615887984));
#2938 = CARTESIAN_POINT('',(0.672486121243,1.02966257696));
#2939 = CARTESIAN_POINT('',(0.67115355613,1.02970995327));
#2940 = CARTESIAN_POINT('',(0.669818776737,1.029758005919));
#2941 = CARTESIAN_POINT('',(0.668481747103,1.029806723531));
#2942 = CARTESIAN_POINT('',(0.667142418905,1.029856094919));
#2943 = CARTESIAN_POINT('',(0.6658007363,1.029906108825));
#2944 = CARTESIAN_POINT('',(0.663112603638,1.030007395569));
#2945 = CARTESIAN_POINT('',(0.661766149691,1.030058668602));
#2946 = CARTESIAN_POINT('',(0.660417265639,1.030110558916));
#2947 = CARTESIAN_POINT('',(0.65906590916,1.030163053672));
#2948 = CARTESIAN_POINT('',(0.657712038097,1.030216139573));
#2949 = CARTESIAN_POINT('',(0.656355610456,1.03026980286));
#2950 = CARTESIAN_POINT('',(0.654996584412,1.030324029317));
#2951 = CARTESIAN_POINT('',(0.653634918304,1.030378804267));
#2952 = CARTESIAN_POINT('',(0.652270570636,1.030434112574));
#2953 = CARTESIAN_POINT('',(0.650903500077,1.030489938643));
#2954 = CARTESIAN_POINT('',(0.648163830848,1.030602594196));
#2955 = CARTESIAN_POINT('',(0.646791230682,1.030659423839));
#2956 = CARTESIAN_POINT('',(0.645415839528,1.030716737556));
#2957 = CARTESIAN_POINT('',(0.644037618556,1.030774518323));
#2958 = CARTESIAN_POINT('',(0.642656523474,1.030832749138));
#2959 = CARTESIAN_POINT('',(0.641272510151,1.030891412462));
#2960 = CARTESIAN_POINT('',(0.639885537949,1.03095048992));
#2961 = CARTESIAN_POINT('',(0.638495570736,1.031009962177));
#2962 = CARTESIAN_POINT('',(0.637102575616,1.03106980907));
#2963 = CARTESIAN_POINT('',(0.635706519344,1.03113000993));
#2964 = CARTESIAN_POINT('',(0.631509048648,1.031311612546));
#2965 = CARTESIAN_POINT('',(0.628698343896,1.031434013579));
#2966 = CARTESIAN_POINT('',(0.625874960729,1.031557578034));
#2967 = CARTESIAN_POINT('',(0.623038674745,1.031682126569));
#2968 = CARTESIAN_POINT('',(0.620189236454,1.03180746945));
#2969 = CARTESIAN_POINT('',(0.617326412171,1.031933406316));
#2970 = CARTESIAN_POINT('',(0.614450020281,1.032059726194));
#2971 = CARTESIAN_POINT('',(0.611559908214,1.032186207716));
#2972 = CARTESIAN_POINT('',(0.608655894474,1.032312619188));
#2973 = CARTESIAN_POINT('',(0.605737779083,1.032438717893));
#2974 = CARTESIAN_POINT('',(0.59987343051,1.032689777499));
#2975 = CARTESIAN_POINT('',(0.596927165901,1.032814739831));
#2976 = CARTESIAN_POINT('',(0.593966734748,1.032938882667));
#2977 = CARTESIAN_POINT('',(0.590992096049,1.033061942911));
#2978 = CARTESIAN_POINT('',(0.588003247459,1.033183647743));
#2979 = CARTESIAN_POINT('',(0.585000228728,1.033303715982));
#2980 = CARTESIAN_POINT('',(0.581983125136,1.033421859429));
#2981 = CARTESIAN_POINT('',(0.57895207094,1.033537784237));
#2982 = CARTESIAN_POINT('',(0.575907252798,1.033651192253));
#2983 = CARTESIAN_POINT('',(0.57284891322,1.033761782381));
#2984 = CARTESIAN_POINT('',(0.568241574384,1.033922986707));
#2985 = CARTESIAN_POINT('',(0.566702489133,1.033975942078));
#2986 = CARTESIAN_POINT('',(0.565160136052,1.034028079813));
#2987 = CARTESIAN_POINT('',(0.563614556649,1.034079361978));
#2988 = CARTESIAN_POINT('',(0.562065796134,1.034129750937));
#2989 = CARTESIAN_POINT('',(0.560513903415,1.034179209351));
#2990 = CARTESIAN_POINT('',(0.558958931098,1.034227700181));
#2991 = CARTESIAN_POINT('',(0.557400935491,1.034275186683));
#2992 = CARTESIAN_POINT('',(0.555839976601,1.034321632412));
#2993 = CARTESIAN_POINT('',(0.554276118135,1.03436700122));
#2994 = CARTESIAN_POINT('',(0.55114273686,1.034455513296));
#2995 = CARTESIAN_POINT('',(0.549573189641,1.034498658196));
#2996 = CARTESIAN_POINT('',(0.548001052571,1.034540647013));
#2997 = CARTESIAN_POINT('',(0.546425640388,1.034581479065));
#2998 = CARTESIAN_POINT('',(0.544848676929,1.034621051545));
#2999 = CARTESIAN_POINT('',(0.543268149372,1.034659402119));
#3000 = CARTESIAN_POINT('',(0.541685512482,1.034696474543));
#3001 = CARTESIAN_POINT('',(0.540100546536,1.03473221464));
#3002 = CARTESIAN_POINT('',(0.538513178019,1.034766622124));
#3003 = CARTESIAN_POINT('',(0.536923675901,1.034799650575));
#3004 = CARTESIAN_POINT('',(0.53214889045,1.034894529366));
#3005 = CARTESIAN_POINT('',(0.528957374764,1.034952170955));
#3006 = CARTESIAN_POINT('',(0.525758219028,1.035003972861));
#3007 = CARTESIAN_POINT('',(0.522552749774,1.0350497464));
#3008 = CARTESIAN_POINT('',(0.519340445325,1.035089270103));
#3009 = CARTESIAN_POINT('',(0.516124815433,1.035122466737));
#3010 = CARTESIAN_POINT('',(0.51290307708,1.035149100834));
#3011 = CARTESIAN_POINT('',(0.509680144571,1.035169187749));
#3012 = CARTESIAN_POINT('',(0.50645387586,1.035182572373));
#3013 = CARTESIAN_POINT('',(0.503227282291,1.035189275087));
#3014 = CARTESIAN_POINT('',(0.49677411044,1.035189279817));
#3015 = CARTESIAN_POINT('',(0.493547459278,1.035182578094));
#3016 = CARTESIAN_POINT('',(0.490321943169,1.035169195249));
#3017 = CARTESIAN_POINT('',(0.487097967296,1.035149089541));
#3018 = CARTESIAN_POINT('',(0.483878367442,1.035122533837));
#3019 = CARTESIAN_POINT('',(0.480660429726,1.035089229059));
#3020 = CARTESIAN_POINT('',(0.477450348774,1.035049839944));
#3021 = CARTESIAN_POINT('',(0.474243473764,1.035003972906));
#3022 = CARTESIAN_POINT('',(0.471044923197,1.034952204177));
#3023 = CARTESIAN_POINT('',(0.467853501299,1.034894569384));
#3024 = CARTESIAN_POINT('',(0.461487391464,1.034768080171));
#3025 = CARTESIAN_POINT('',(0.458312660137,1.034699223692));
#3026 = CARTESIAN_POINT('',(0.455147092669,1.034624982003));
#3027 = CARTESIAN_POINT('',(0.451991368556,1.034545598939));
#3028 = CARTESIAN_POINT('',(0.448846159611,1.034461336751));
#3029 = CARTESIAN_POINT('',(0.445712084498,1.034372471709));
#3030 = CARTESIAN_POINT('',(0.442589658339,1.034279289703));
#3031 = CARTESIAN_POINT('',(0.439479322269,1.034182084232));
#3032 = CARTESIAN_POINT('',(0.436381529199,1.034081155969));
#3033 = CARTESIAN_POINT('',(0.433296753272,1.033976809783));
#3034 = CARTESIAN_POINT('',(0.427153610527,1.033761874039));
#3035 = CARTESIAN_POINT('',(0.424095260053,1.033651285644));
#3036 = CARTESIAN_POINT('',(0.421050431527,1.033537879349));
#3037 = CARTESIAN_POINT('',(0.418019367019,1.033421956192));
#3038 = CARTESIAN_POINT('',(0.415002252994,1.033303814269));
#3039 = CARTESIAN_POINT('',(0.411999223674,1.033183747389));
#3040 = CARTESIAN_POINT('',(0.409010364422,1.033062043712));
#3041 = CARTESIAN_POINT('',(0.406035715098,1.032938984413));
#3042 = CARTESIAN_POINT('',(0.403075273442,1.032814842314));
#3043 = CARTESIAN_POINT('',(0.400128998436,1.032689880543));
#3044 = CARTESIAN_POINT('',(0.394264628925,1.032438821819));
#3045 = CARTESIAN_POINT('',(0.391346510193,1.032312723466));
#3046 = CARTESIAN_POINT('',(0.388442464549,1.03218631192));
#3047 = CARTESIAN_POINT('',(0.385552344327,1.032059830227));
#3048 = CARTESIAN_POINT('',(0.382675960616,1.031933510184));
#3049 = CARTESIAN_POINT('',(0.379813127841,1.031807573032));
#3050 = CARTESIAN_POINT('',(0.376963663169,1.031682229656));
#3051 = CARTESIAN_POINT('',(0.374127364464,1.031557680469));
#3052 = CARTESIAN_POINT('',(0.371303990517,1.031434115284));
#3053 = CARTESIAN_POINT('',(0.368493267285,1.031311713364));
#3054 = CARTESIAN_POINT('',(0.364295782127,1.031130109239));
#3055 = CARTESIAN_POINT('',(0.36289971712,1.03106990747));
#3056 = CARTESIAN_POINT('',(0.361506717998,1.031010060083));
#3057 = CARTESIAN_POINT('',(0.360116750358,1.03095058764));
#3058 = CARTESIAN_POINT('',(0.358729777041,1.030891509903));
#3059 = CARTESIAN_POINT('',(0.357345758948,1.030832845922));
#3060 = CARTESIAN_POINT('',(0.355964655856,1.030774614114));
#3061 = CARTESIAN_POINT('',(0.354586427237,1.030716832352));
#3062 = CARTESIAN_POINT('',(0.35321103307,1.030659518047));
#3063 = CARTESIAN_POINT('',(0.351838434665,1.03060268823));
#3064 = CARTESIAN_POINT('',(0.349098756285,1.030490031047));
#3065 = CARTESIAN_POINT('',(0.347731681111,1.030434204127));
#3066 = CARTESIAN_POINT('',(0.346367328846,1.030378894943));
#3067 = CARTESIAN_POINT('',(0.345005658208,1.030324119101));
#3068 = CARTESIAN_POINT('',(0.343646627737,1.030269891742));
#3069 = CARTESIAN_POINT('',(0.342290195796,1.03021622755));
#3070 = CARTESIAN_POINT('',(0.340936320571,1.030163140742));
#3071 = CARTESIAN_POINT('',(0.339584960073,1.030110645078));
#3072 = CARTESIAN_POINT('',(0.338236072134,1.030058753852));
#3073 = CARTESIAN_POINT('',(0.33688961441,1.030007479901));
#3074 = CARTESIAN_POINT('',(0.332857404322,1.029855546988));
#3075 = CARTESIAN_POINT('',(0.330178811237,1.029756776364));
#3076 = CARTESIAN_POINT('',(0.327509437039,1.029660625281));
#3077 = CARTESIAN_POINT('',(0.32484891926,1.029567182048));
#3078 = CARTESIAN_POINT('',(0.322196897245,1.029476529019));
#3079 = CARTESIAN_POINT('',(0.319553021803,1.02938874478));
#3080 = CARTESIAN_POINT('',(0.31691694879,1.029303903235));
#3081 = CARTESIAN_POINT('',(0.314288327057,1.029222071568));
#3082 = CARTESIAN_POINT('',(0.311666791225,1.029143309069));
#3083 = CARTESIAN_POINT('',(0.309051969739,1.029067668811));
#3084 = CARTESIAN_POINT('',(0.303835067563,1.028922739529));
#3085 = CARTESIAN_POINT('',(0.301233002838,1.028853454234));
#3086 = CARTESIAN_POINT('',(0.298636783298,1.028787366781));
#3087 = CARTESIAN_POINT('',(0.296046455789,1.028724592702));
#3088 = CARTESIAN_POINT('',(0.293461442123,1.028665135317));
#3089 = CARTESIAN_POINT('',(0.29088124811,1.02860900986));
#3090 = CARTESIAN_POINT('',(0.288305661427,1.028556276638));
#3091 = CARTESIAN_POINT('',(0.285734368794,1.02850697325));
#3092 = CARTESIAN_POINT('',(0.283166848319,1.028461097102));
#3093 = CARTESIAN_POINT('',(0.280602879718,1.028418696708));
#3094 = CARTESIAN_POINT('',(0.275481247411,1.028340871961));
#3095 = CARTESIAN_POINT('',(0.272923582246,1.028305448846));
#3096 = CARTESIAN_POINT('',(0.270368772256,1.028273537651));
#3097 = CARTESIAN_POINT('',(0.267816335024,1.028245153747));
#3098 = CARTESIAN_POINT('',(0.265266071807,1.028220315854));
#3099 = CARTESIAN_POINT('',(0.262717610357,1.028199035804));
#3100 = CARTESIAN_POINT('',(0.260170466607,1.028181319901));
#3101 = CARTESIAN_POINT('',(0.25762436702,1.028167176188));
#3102 = CARTESIAN_POINT('',(0.255079107124,1.028156611465));
#3103 = CARTESIAN_POINT('',(0.252533993832,1.028149618948));
#3104 = CARTESIAN_POINT('',(0.24871639731,1.028144493849));
#3105 = CARTESIAN_POINT('',(0.247443892223,1.028143679952));
#3106 = CARTESIAN_POINT('',(0.246171365173,1.028143760382));
#3107 = CARTESIAN_POINT('',(0.244898767514,1.028144734851));
#3108 = CARTESIAN_POINT('',(0.243626051005,1.028146602924));
#3109 = CARTESIAN_POINT('',(0.242353167803,1.028149364024));
#3110 = CARTESIAN_POINT('',(0.241080070471,1.028153017426));
#3111 = CARTESIAN_POINT('',(0.239806711973,1.028157562262));
#3112 = CARTESIAN_POINT('',(0.238533045676,1.028162997517));
#3113 = CARTESIAN_POINT('',(0.23725902535,1.028169322032));
#3114 = CARTESIAN_POINT('',(0.234710184984,1.028183746973));
#3115 = CARTESIAN_POINT('',(0.233435364829,1.028191847416));
#3116 = CARTESIAN_POINT('',(0.232160121182,1.028200834216));
#3117 = CARTESIAN_POINT('',(0.230884341523,1.028210706596));
#3118 = CARTESIAN_POINT('',(0.229608017377,1.028221462593));
#3119 = CARTESIAN_POINT('',(0.228331161129,1.028233099835));
#3120 = CARTESIAN_POINT('',(0.227053711897,1.028245616481));
#3121 = CARTESIAN_POINT('',(0.225775554794,1.028259011061));
#3122 = CARTESIAN_POINT('',(0.224496637048,1.028273281357));
#3123 = CARTESIAN_POINT('',(0.223217023544,1.028288423835));
#3124 = CARTESIAN_POINT('',(0.219375733194,1.028336461902));
#3125 = CARTESIAN_POINT('',(0.216811673567,1.028371967535));
#3126 = CARTESIAN_POINT('',(0.214244065645,1.028410931873));
#3127 = CARTESIAN_POINT('',(0.211672562115,1.028453330444));
#3128 = CARTESIAN_POINT('',(0.209096816045,1.028499135696));
#3129 = CARTESIAN_POINT('',(0.206516479677,1.028548316803));
#3130 = CARTESIAN_POINT('',(0.203931203222,1.028600839524));
#3131 = CARTESIAN_POINT('',(0.201340633649,1.028656666002));
#3132 = CARTESIAN_POINT('',(0.198744413483,1.028715754618));
#3133 = CARTESIAN_POINT('',(0.196142179593,1.028778059802));
#3134 = CARTESIAN_POINT('',(0.192229253186,1.028876267909));
#3135 = CARTESIAN_POINT('',(0.190923348412,1.02890979563));
#3136 = CARTESIAN_POINT('',(0.189615801539,1.028944108862));
#3137 = CARTESIAN_POINT('',(0.188306565839,1.028979201144));
#3138 = CARTESIAN_POINT('',(0.186995593978,1.029015065737));
#3139 = CARTESIAN_POINT('',(0.18568283802,1.029051695621));
#3140 = CARTESIAN_POINT('',(0.184368249425,1.029089083493));
#3141 = CARTESIAN_POINT('',(0.183051779049,1.029127221769));
#3142 = CARTESIAN_POINT('',(0.181733377145,1.029166102584));
#3143 = CARTESIAN_POINT('',(0.180412993364,1.029205717791));
#3144 = CARTESIAN_POINT('',(0.177768160139,1.029286400135));
#3145 = CARTESIAN_POINT('',(0.176443723263,1.029327466621));
#3146 = CARTESIAN_POINT('',(0.175117259832,1.029369248179));
#3147 = CARTESIAN_POINT('',(0.173788716453,1.029411736321));
#3148 = CARTESIAN_POINT('',(0.172458035935,1.029454922318));
#3149 = CARTESIAN_POINT('',(0.17112517267,1.029498796465));
#3150 = CARTESIAN_POINT('',(0.169790090147,1.029543348225));
#3151 = CARTESIAN_POINT('',(0.168452750585,1.029588566674));
#3152 = CARTESIAN_POINT('',(0.167113106737,1.029634440913));
#3153 = CARTESIAN_POINT('',(0.16577110585,1.029680959858));
#3154 = CARTESIAN_POINT('',(0.161737935804,1.029822413396));
#3155 = CARTESIAN_POINT('',(0.159039569401,1.029919247366));
#3156 = CARTESIAN_POINT('',(0.15633145247,1.030018496734));
#3157 = CARTESIAN_POINT('',(0.153612425463,1.030120151052));
#3158 = CARTESIAN_POINT('',(0.150884529048,1.0302238409));
#3159 = CARTESIAN_POINT('',(0.148142864582,1.030329931911));
#3160 = CARTESIAN_POINT('',(0.145393017085,1.030437699841));
#3161 = CARTESIAN_POINT('',(0.14262966423,1.030547498308));
#3162 = CARTESIAN_POINT('',(0.139855289766,1.030658916225));
#3163 = CARTESIAN_POINT('',(0.137068583803,1.030771895123));
#3164 = CARTESIAN_POINT('',(0.131470436536,1.031000601216));
#3165 = CARTESIAN_POINT('',(0.128658978218,1.031116330351));
#3166 = CARTESIAN_POINT('',(0.125834824847,1.031233272241));
#3167 = CARTESIAN_POINT('',(0.122997830928,1.031351246355));
#3168 = CARTESIAN_POINT('',(0.120147660892,1.031470071839));
#3169 = CARTESIAN_POINT('',(0.117284103912,1.031589551207));
#3170 = CARTESIAN_POINT('',(0.114407064984,1.031709471886));
#3171 = CARTESIAN_POINT('',(0.111516341168,1.031829617569));
#3172 = CARTESIAN_POINT('',(0.108611650686,1.031949764111));
#3173 = CARTESIAN_POINT('',(0.105692998048,1.032069659704));
#3174 = CARTESIAN_POINT('',(9.982766248842E-02,1.032308452162));
#3175 = CARTESIAN_POINT('',(9.688096364196E-02,1.032427349077));
#3176 = CARTESIAN_POINT('',(9.392016670158E-02,1.032545495025));
#3177 = CARTESIAN_POINT('',(9.094524056157E-02,1.032662626763));
#3178 = CARTESIAN_POINT('',(8.795619335422E-02,1.032778470669));
#3179 = CARTESIAN_POINT('',(8.495307576478E-02,1.032892743933));
#3180 = CARTESIAN_POINT('',(8.193598434818E-02,1.033005155776));
#3181 = CARTESIAN_POINT('',(7.890506484381E-02,1.033115408632));
#3182 = CARTESIAN_POINT('',(7.586051549206E-02,1.03322319937));
#3183 = CARTESIAN_POINT('',(7.280259034953E-02,1.03332822048));
#3184 = CARTESIAN_POINT('',(6.819610873287E-02,1.033481131689));
#3185 = CARTESIAN_POINT('',(6.665740560341E-02,1.033531330111));
#3186 = CARTESIAN_POINT('',(6.511516587398E-02,1.033580730042));
#3187 = CARTESIAN_POINT('',(6.356977481128E-02,1.033629281306));
#3188 = CARTESIAN_POINT('',(6.202120519852E-02,1.033676947517));
#3189 = CARTESIAN_POINT('',(6.046943646537E-02,1.03372369229));
#3190 = CARTESIAN_POINT('',(5.891462273602E-02,1.033769473728));
#3191 = CARTESIAN_POINT('',(5.735686648772E-02,1.033814252001));
#3192 = CARTESIAN_POINT('',(5.579613710961E-02,1.033857992137));
#3193 = CARTESIAN_POINT('',(5.42325868496E-02,1.033900653667));
#3194 = CARTESIAN_POINT('',(5.109993401856E-02,1.033983746917));
#3195 = CARTESIAN_POINT('',(4.953083684716E-02,1.034024178838));
#3196 = CARTESIAN_POINT('',(4.795904265571E-02,1.034063458299));
#3197 = CARTESIAN_POINT('',(4.638462733495E-02,1.034101548413));
#3198 = CARTESIAN_POINT('',(4.480766893082E-02,1.034138413158));
#3199 = CARTESIAN_POINT('',(4.322824764395E-02,1.034174017394));
#3200 = CARTESIAN_POINT('',(4.164644583039E-02,1.034208326837));
#3201 = CARTESIAN_POINT('',(4.006234800076E-02,1.034241308085));
#3202 = CARTESIAN_POINT('',(3.847604082107E-02,1.034272928599));
#3203 = CARTESIAN_POINT('',(3.688761311206E-02,1.034303156713));
#3204 = CARTESIAN_POINT('',(3.21162413248E-02,1.034389571468));
#3205 = CARTESIAN_POINT('',(2.892720903996E-02,1.034441489899));
#3206 = CARTESIAN_POINT('',(2.573079924046E-02,1.034487474516));
#3207 = CARTESIAN_POINT('',(2.252779108424E-02,1.034527301521));
#3208 = CARTESIAN_POINT('',(1.931901216377E-02,1.034560768574));
#3209 = CARTESIAN_POINT('',(1.61053480277E-02,1.034587697642));
#3210 = CARTESIAN_POINT('',(1.288775170276E-02,1.034607937842));
#3211 = CARTESIAN_POINT('',(9.66725321548E-03,1.03462136829));
#3212 = CARTESIAN_POINT('',(6.444969114024E-03,1.034627900944));
#3213 = CARTESIAN_POINT('',(3.222111989945E-03,1.034627483454));
#3214 = CARTESIAN_POINT('',(-3.469446951954E-18,1.034620102008));
#3215 = ( GEOMETRIC_REPRESENTATION_CONTEXT(2) 
PARAMETRIC_REPRESENTATION_CONTEXT() REPRESENTATION_CONTEXT('2D SPACE',''
  ) );
#3216 = ORIENTED_EDGE('',*,*,#3217,.F.);
#3217 = EDGE_CURVE('',#368,#2538,#3218,.T.);
#3218 = SURFACE_CURVE('',#3219,(#3264,#3312),.PCURVE_S1.);
#3219 = B_SPLINE_CURVE_WITH_KNOTS('',8,(#3220,#3221,#3222,#3223,#3224,
    #3225,#3226,#3227,#3228,#3229,#3230,#3231,#3232,#3233,#3234,#3235,
    #3236,#3237,#3238,#3239,#3240,#3241,#3242,#3243,#3244,#3245,#3246,
    #3247,#3248,#3249,#3250,#3251,#3252,#3253,#3254,#3255,#3256,#3257,
    #3258,#3259,#3260,#3261,#3262,#3263),.UNSPECIFIED.,.T.,.F.,(9,7,7,7,
    7,7,9),(0.,0.250031982744,0.375126247626,0.500000000001,
    0.624873752375,0.749968017257,1.),.UNSPECIFIED.);
#3220 = CARTESIAN_POINT('',(-0.525555555556,-0.316666666667,3.05));
#3221 = CARTESIAN_POINT('',(-0.525555846479,-0.363273947594,3.05));
#3222 = CARTESIAN_POINT('',(-0.54476512169,-0.409942981595,3.05));
#3223 = CARTESIAN_POINT('',(-0.583286106272,-0.453299252831,3.05));
#3224 = CARTESIAN_POINT('',(-0.63836961097,-0.490209742872,3.05));
#3225 = CARTESIAN_POINT('',(-0.705620413775,-0.518791179526,3.05));
#3226 = CARTESIAN_POINT('',(-0.78076667114,-0.538104320308,3.05));
#3227 = CARTESIAN_POINT('',(-0.859786943852,-0.547777718995,3.05));
#3228 = CARTESIAN_POINT('',(-0.978464439512,-0.547777800077,3.05));
#3229 = CARTESIAN_POINT('',(-1.018033986356,-0.545356322638,3.05));
#3230 = CARTESIAN_POINT('',(-1.057108773742,-0.540514993584,3.05));
#3231 = CARTESIAN_POINT('',(-1.095193052049,-0.53327993256,3.05));
#3232 = CARTESIAN_POINT('',(-1.131779975994,-0.523707668135,3.05));
#3233 = CARTESIAN_POINT('',(-1.166355658588,-0.511891571049,3.05));
#3234 = CARTESIAN_POINT('',(-1.198411377512,-0.497968769697,3.05));
#3235 = CARTESIAN_POINT('',(-1.256465441279,-0.466314262734,3.05));
#3236 = CARTESIAN_POINT('',(-1.282476431426,-0.448587591919,3.05));
#3237 = CARTESIAN_POINT('',(-1.305004598168,-0.429141623857,3.05));
#3238 = CARTESIAN_POINT('',(-1.323587508593,-0.408223525626,3.05));
#3239 = CARTESIAN_POINT('',(-1.337827449049,-0.386139363014,3.05));
#3240 = CARTESIAN_POINT('',(-1.347426533562,-0.363249556939,3.05));
#3241 = CARTESIAN_POINT('',(-1.352222074656,-0.339953976215,3.05));
#3242 = CARTESIAN_POINT('',(-1.352222074656,-0.293379357118,3.05));
#3243 = CARTESIAN_POINT('',(-1.347426533562,-0.270083776394,3.05));
#3244 = CARTESIAN_POINT('',(-1.337827449049,-0.247193970319,3.05));
#3245 = CARTESIAN_POINT('',(-1.323587508593,-0.225109807707,3.05));
#3246 = CARTESIAN_POINT('',(-1.305004598168,-0.204191709476,3.05));
#3247 = CARTESIAN_POINT('',(-1.282476431426,-0.184745741414,3.05));
#3248 = CARTESIAN_POINT('',(-1.256465441279,-0.1670190706,3.05));
#3249 = CARTESIAN_POINT('',(-1.198411377512,-0.135364563636,3.05));
#3250 = CARTESIAN_POINT('',(-1.166355658588,-0.121441762284,3.05));
#3251 = CARTESIAN_POINT('',(-1.131779975994,-0.109625665198,3.05));
#3252 = CARTESIAN_POINT('',(-1.095193052049,-0.100053400774,3.05));
#3253 = CARTESIAN_POINT('',(-1.057108773742,-9.281833974923E-02,3.05));
#3254 = CARTESIAN_POINT('',(-1.018033986356,-8.797701069574E-02,3.05));
#3255 = CARTESIAN_POINT('',(-0.978464439512,-8.555553325599E-02,3.05));
#3256 = CARTESIAN_POINT('',(-0.859786943853,-8.555561433835E-02,3.05));
#3257 = CARTESIAN_POINT('',(-0.780766671138,-9.522901302554E-02,3.05));
#3258 = CARTESIAN_POINT('',(-0.705620413779,-0.114542153807,3.05));
#3259 = CARTESIAN_POINT('',(-0.638369610967,-0.143123590462,3.05));
#3260 = CARTESIAN_POINT('',(-0.583286106275,-0.180034080502,3.05));
#3261 = CARTESIAN_POINT('',(-0.544765121689,-0.223390351739,3.05));
#3262 = CARTESIAN_POINT('',(-0.52555584648,-0.270059385739,3.05));
#3263 = CARTESIAN_POINT('',(-0.525555555556,-0.316666666667,3.05));
#3264 = PCURVE('',#344,#3265);
#3265 = DEFINITIONAL_REPRESENTATION('',(#3266),#3311);
#3266 = B_SPLINE_CURVE_WITH_KNOTS('',8,(#3267,#3268,#3269,#3270,#3271,
    #3272,#3273,#3274,#3275,#3276,#3277,#3278,#3279,#3280,#3281,#3282,
    #3283,#3284,#3285,#3286,#3287,#3288,#3289,#3290,#3291,#3292,#3293,
    #3294,#3295,#3296,#3297,#3298,#3299,#3300,#3301,#3302,#3303,#3304,
    #3305,#3306,#3307,#3308,#3309,#3310),.UNSPECIFIED.,.F.,.F.,(9,7,7,7,
    7,7,9),(0.,0.250031982744,0.375126247626,0.500000000001,
    0.624873752375,0.749968017257,1.),.UNSPECIFIED.);
#3267 = CARTESIAN_POINT('',(1.897620690209,-0.130468907578));
#3268 = CARTESIAN_POINT('',(1.902209734102,-0.176849715157));
#3269 = CARTESIAN_POINT('',(1.925920514045,-0.221400740994));
#3270 = CARTESIAN_POINT('',(1.968523015568,-0.260753750698));
#3271 = CARTESIAN_POINT('',(2.02697294289,-0.292061621288));
#3272 = CARTESIAN_POINT('',(2.096711009534,-0.313882965424));
#3273 = CARTESIAN_POINT('',(2.173393653186,-0.325703691515));
#3274 = CARTESIAN_POINT('',(2.252982402062,-0.327550091815));
#3275 = CARTESIAN_POINT('',(2.371083302864,-0.31586569172));
#3276 = CARTESIAN_POINT('',(2.410222189966,-0.309560130138));
#3277 = CARTESIAN_POINT('',(2.448630473149,-0.300895185868));
#3278 = CARTESIAN_POINT('',(2.485817383056,-0.289945661045));
#3279 = CARTESIAN_POINT('',(2.521284102507,-0.27681771142));
#3280 = CARTESIAN_POINT('',(2.554528434154,-0.261654849209));
#3281 = CARTESIAN_POINT('',(2.585057628421,-0.24464362319));
#3282 = CARTESIAN_POINT('',(2.639713064553,-0.207427155973));
#3283 = CARTESIAN_POINT('',(2.66385238599,-0.187225680106));
#3284 = CARTESIAN_POINT('',(2.684356530876,-0.165656164277));
#3285 = CARTESIAN_POINT('',(2.700789648079,-0.143010103859));
#3286 = CARTESIAN_POINT('',(2.712786090202,-0.119631234792));
#3287 = CARTESIAN_POINT('',(2.720084904077,-9.590755544704E-02));
#3288 = CARTESIAN_POINT('',(2.722563562039,-7.225300936467E-02));
#3289 = CARTESIAN_POINT('',(2.717978023401,-2.590467628334E-02));
#3290 = CARTESIAN_POINT('',(2.710912198111,-3.194427305729E-03));
#3291 = CARTESIAN_POINT('',(2.699106118596,1.863908208084E-02));
#3292 = CARTESIAN_POINT('',(2.682761051282,3.921394336768E-02));
#3293 = CARTESIAN_POINT('',(2.662208920353,5.820081535108E-02));
#3294 = CARTESIAN_POINT('',(2.637875641074,7.533427647728E-02));
#3295 = CARTESIAN_POINT('',(2.610245734614,9.041388972209E-02));
#3296 = CARTESIAN_POINT('',(2.549357162599,0.116198845199));
#3297 = CARTESIAN_POINT('',(2.516086408883,0.126897932094));
#3298 = CARTESIAN_POINT('',(2.480515352045,0.1352524454));
#3299 = CARTESIAN_POINT('',(2.443163743819,0.141176009604));
#3300 = CARTESIAN_POINT('',(2.404552167322,0.144626302739));
#3301 = CARTESIAN_POINT('',(2.36519057086,0.14559697271));
#3302 = CARTESIAN_POINT('',(2.325574867047,0.144110836176));
#3303 = CARTESIAN_POINT('',(2.20747398221,0.132426274704));
#3304 = CARTESIAN_POINT('',(2.129790036605,0.115019875386));
#3305 = CARTESIAN_POINT('',(2.056910372134,8.840198838072E-02));
#3306 = CARTESIAN_POINT('',(1.992800318536,5.333818898843E-02));
#3307 = CARTESIAN_POINT('',(1.94161849052,1.118374384846E-02));
#3308 = CARTESIAN_POINT('',(1.907553336623,-3.575449002384E-02));
#3309 = CARTESIAN_POINT('',(1.893032225337,-8.408804271308E-02));
#3310 = CARTESIAN_POINT('',(1.897620690209,-0.130468907578));
#3311 = ( GEOMETRIC_REPRESENTATION_CONTEXT(2) 
PARAMETRIC_REPRESENTATION_CONTEXT() REPRESENTATION_CONTEXT('2D SPACE',''
  ) );
#3312 = PCURVE('',#411,#3313);
#3313 = DEFINITIONAL_REPRESENTATION('',(#3314),#3359);
#3314 = B_SPLINE_CURVE_WITH_KNOTS('',8,(#3315,#3316,#3317,#3318,#3319,
    #3320,#3321,#3322,#3323,#3324,#3325,#3326,#3327,#3328,#3329,#3330,
    #3331,#3332,#3333,#3334,#3335,#3336,#3337,#3338,#3339,#3340,#3341,
    #3342,#3343,#3344,#3345,#3346,#3347,#3348,#3349,#3350,#3351,#3352,
    #3353,#3354,#3355,#3356,#3357,#3358),.UNSPECIFIED.,.F.,.F.,(9,7,7,7,
    7,7,9),(0.,0.250031982744,0.375126247626,0.500000000001,
    0.624873752375,0.749968017257,1.),.UNSPECIFIED.);
#3315 = CARTESIAN_POINT('',(6.28318530718,0.111111111111));
#3316 = CARTESIAN_POINT('',(6.081519557849,0.111111111111));
#3317 = CARTESIAN_POINT('',(5.879581586447,0.111111111111));
#3318 = CARTESIAN_POINT('',(5.679501686642,0.111111111111));
#3319 = CARTESIAN_POINT('',(5.482112650799,0.111111111111));
#3320 = CARTESIAN_POINT('',(5.287415066276,0.111111111111));
#3321 = CARTESIAN_POINT('',(5.094946988578,0.111111111111));
#3322 = CARTESIAN_POINT('',(4.903763964499,0.111111111111));
#3323 = CARTESIAN_POINT('',(4.616641577625,0.111111111111));
#3324 = CARTESIAN_POINT('',(4.520909155465,0.111111111111));
#3325 = CARTESIAN_POINT('',(4.425035281651,0.111111111111));
#3326 = CARTESIAN_POINT('',(4.328885229743,0.111111111111));
#3327 = CARTESIAN_POINT('',(4.232343938046,0.111111111111));
#3328 = CARTESIAN_POINT('',(4.135316935385,0.111111111111));
#3329 = CARTESIAN_POINT('',(4.037734233719,0.111111111111));
#3330 = CARTESIAN_POINT('',(3.841553205108,0.111111111111));
#3331 = CARTESIAN_POINT('',(3.74294849077,0.111111111111));
#3332 = CARTESIAN_POINT('',(3.64374896308,0.111111111111));
#3333 = CARTESIAN_POINT('',(3.54399291046,0.111111111111));
#3334 = CARTESIAN_POINT('',(3.443755074813,0.111111111111));
#3335 = CARTESIAN_POINT('',(3.343152942502,0.111111111111));
#3336 = CARTESIAN_POINT('',(3.242355242768,0.111111111111));
#3337 = CARTESIAN_POINT('',(3.040830064412,0.111111111111));
#3338 = CARTESIAN_POINT('',(2.940032364678,0.111111111111));
#3339 = CARTESIAN_POINT('',(2.839430232366,0.111111111111));
#3340 = CARTESIAN_POINT('',(2.73919239672,0.111111111111));
#3341 = CARTESIAN_POINT('',(2.6394363441,0.111111111111));
#3342 = CARTESIAN_POINT('',(2.54023681641,0.111111111111));
#3343 = CARTESIAN_POINT('',(2.441632102072,0.111111111111));
#3344 = CARTESIAN_POINT('',(2.245451073461,0.111111111111));
#3345 = CARTESIAN_POINT('',(2.147868371794,0.111111111111));
#3346 = CARTESIAN_POINT('',(2.050841369134,0.111111111111));
#3347 = CARTESIAN_POINT('',(1.954300077437,0.111111111111));
#3348 = CARTESIAN_POINT('',(1.858150025529,0.111111111111));
#3349 = CARTESIAN_POINT('',(1.762276151714,0.111111111111));
#3350 = CARTESIAN_POINT('',(1.666543729555,0.111111111111));
#3351 = CARTESIAN_POINT('',(1.379421342681,0.111111111111));
#3352 = CARTESIAN_POINT('',(1.188238318602,0.111111111111));
#3353 = CARTESIAN_POINT('',(0.995770240902,0.111111111111));
#3354 = CARTESIAN_POINT('',(0.801072656384,0.111111111111));
#3355 = CARTESIAN_POINT('',(0.603683620535,0.111111111111));
#3356 = CARTESIAN_POINT('',(0.403603720733,0.111111111111));
#3357 = CARTESIAN_POINT('',(0.201665749331,0.111111111111));
#3358 = CARTESIAN_POINT('',(0.,0.111111111111));
#3359 = ( GEOMETRIC_REPRESENTATION_CONTEXT(2) 
PARAMETRIC_REPRESENTATION_CONTEXT() REPRESENTATION_CONTEXT('2D SPACE',''
  ) );
#3360 = ADVANCED_FACE('',(#3361),#411,.T.);
#3361 = FACE_BOUND('',#3362,.T.);
#3362 = EDGE_LOOP('',(#3363,#3387,#3416,#3470,#3471,#3472,#3473,#3529,
    #3551,#3552));
#3363 = ORIENTED_EDGE('',*,*,#3364,.F.);
#3364 = EDGE_CURVE('',#3365,#3367,#3369,.T.);
#3365 = VERTEX_POINT('',#3366);
#3366 = CARTESIAN_POINT('',(-0.45,-0.3,2.9));
#3367 = VERTEX_POINT('',#3368);
#3368 = CARTESIAN_POINT('',(-1.13,-0.45,4.25));
#3369 = SEAM_CURVE('',#3370,(#3373,#3380),.PCURVE_S1.);
#3370 = B_SPLINE_CURVE_WITH_KNOTS('',1,(#3371,#3372),.UNSPECIFIED.,.F.,
  .F.,(2,2),(0.,1.),.PIECEWISE_BEZIER_KNOTS.);
#3371 = CARTESIAN_POINT('',(-0.45,-0.3,2.9));
#3372 = CARTESIAN_POINT('',(-1.13,-0.45,4.25));
#3373 = PCURVE('',#411,#3374);
#3374 = DEFINITIONAL_REPRESENTATION('',(#3375),#3379);
#3375 = LINE('',#3376,#3377);
#3376 = CARTESIAN_POINT('',(0.,0.));
#3377 = VECTOR('',#3378,1.);
#3378 = DIRECTION('',(0.,1.));
#3379 = ( GEOMETRIC_REPRESENTATION_CONTEXT(2) 
PARAMETRIC_REPRESENTATION_CONTEXT() REPRESENTATION_CONTEXT('2D SPACE',''
  ) );
#3380 = PCURVE('',#411,#3381);
#3381 = DEFINITIONAL_REPRESENTATION('',(#3382),#3386);
#3382 = LINE('',#3383,#3384);
#3383 = CARTESIAN_POINT('',(6.28318530718,0.));
#3384 = VECTOR('',#3385,1.);
#3385 = DIRECTION('',(0.,1.));
#3386 = ( GEOMETRIC_REPRESENTATION_CONTEXT(2) 
PARAMETRIC_REPRESENTATION_CONTEXT() REPRESENTATION_CONTEXT('2D SPACE',''
  ) );
#3387 = ORIENTED_EDGE('',*,*,#3388,.T.);
#3388 = EDGE_CURVE('',#3365,#3389,#3391,.T.);
#3389 = VERTEX_POINT('',#3390);
#3390 = CARTESIAN_POINT('',(-1.323078156209,-0.214826115152,2.9));
#3391 = SURFACE_CURVE('',#3392,(#3397,#3404),.PCURVE_S1.);
#3392 = ELLIPSE('',#3393,0.45,0.25);
#3393 = AXIS2_PLACEMENT_3D('',#3394,#3395,#3396);
#3394 = CARTESIAN_POINT('',(-0.9,-0.3,2.9));
#3395 = DIRECTION('',(0.,0.,1.));
#3396 = DIRECTION('',(1.,0.,0.));
#3397 = PCURVE('',#411,#3398);
#3398 = DEFINITIONAL_REPRESENTATION('',(#3399),#3403);
#3399 = LINE('',#3400,#3401);
#3400 = CARTESIAN_POINT('',(0.,0.));
#3401 = VECTOR('',#3402,1.);
#3402 = DIRECTION('',(1.,0.));
#3403 = ( GEOMETRIC_REPRESENTATION_CONTEXT(2) 
PARAMETRIC_REPRESENTATION_CONTEXT() REPRESENTATION_CONTEXT('2D SPACE',''
  ) );
#3404 = PCURVE('',#3405,#3410);
#3405 = PLANE('',#3406);
#3406 = AXIS2_PLACEMENT_3D('',#3407,#3408,#3409);
#3407 = CARTESIAN_POINT('',(-0.9,-0.3,2.9));
#3408 = DIRECTION('',(0.,0.,1.));
#3409 = DIRECTION('',(1.,0.,0.));
#3410 = DEFINITIONAL_REPRESENTATION('',(#3411),#3415);
#3411 = ELLIPSE('',#3412,0.45,0.25);
#3412 = AXIS2_PLACEMENT_2D('',#3413,#3414);
#3413 = CARTESIAN_POINT('',(0.,0.));
#3414 = DIRECTION('',(1.,0.));
#3415 = ( GEOMETRIC_REPRESENTATION_CONTEXT(2) 
PARAMETRIC_REPRESENTATION_CONTEXT() REPRESENTATION_CONTEXT('2D SPACE',''
  ) );
#3416 = ORIENTED_EDGE('',*,*,#3417,.T.);
#3417 = EDGE_CURVE('',#3389,#2538,#3418,.T.);
#3418 = SURFACE_CURVE('',#3419,(#3434,#3452),.PCURVE_S1.);
#3419 = B_SPLINE_CURVE_WITH_KNOTS('',5,(#3420,#3421,#3422,#3423,#3424,
    #3425,#3426,#3427,#3428,#3429,#3430,#3431,#3432,#3433),
  .UNSPECIFIED.,.F.,.F.,(6,4,4,6),(0.,0.568935136805,0.594239063499,1.),
  .UNSPECIFIED.);
#3420 = CARTESIAN_POINT('',(-1.32307815037,-0.214826137514,
    2.900000000129));
#3421 = CARTESIAN_POINT('',(-1.313880551069,-0.202293737369,
    2.914404719068));
#3422 = CARTESIAN_POINT('',(-1.30290954361,-0.19076319606,2.929990953014
    ));
#3423 = CARTESIAN_POINT('',(-1.290410667025,-0.180297899988,
    2.946416596188));
#3424 = CARTESIAN_POINT('',(-1.276623867579,-0.170905763068,
    2.96339403669));
#3425 = CARTESIAN_POINT('',(-1.261086872599,-0.162207970623,
    2.981482284403));
#3426 = CARTESIAN_POINT('',(-1.260422663564,-0.161839408823,
    2.982253431112));
#3427 = CARTESIAN_POINT('',(-1.259756172499,-0.161473057754,
    2.983026673684));
#3428 = CARTESIAN_POINT('',(-1.259087674445,-0.161109119687,
    2.983802116791));
#3429 = CARTESIAN_POINT('',(-1.247669045307,-0.154950395687,
    2.997033053921));
#3430 = CARTESIAN_POINT('',(-1.236425126657,-0.149762808238,
    3.009900536012));
#3431 = CARTESIAN_POINT('',(-1.224776384736,-0.145184764975,
    3.023111091053));
#3432 = CARTESIAN_POINT('',(-1.212803891671,-0.141209332109,
    3.036598370534));
#3433 = CARTESIAN_POINT('',(-1.200579040837,-0.13782271134,3.05029981832
    ));
#3434 = PCURVE('',#411,#3435);
#3435 = DEFINITIONAL_REPRESENTATION('',(#3436),#3451);
#3436 = B_SPLINE_CURVE_WITH_KNOTS('',5,(#3437,#3438,#3439,#3440,#3441,
    #3442,#3443,#3444,#3445,#3446,#3447,#3448,#3449,#3450),
  .UNSPECIFIED.,.F.,.F.,(6,4,4,6),(0.,0.568935136805,0.594239063499,1.),
  .UNSPECIFIED.);
#3437 = CARTESIAN_POINT('',(2.793936019072,9.58330737086E-11));
#3438 = CARTESIAN_POINT('',(2.7311777309,1.067016227272E-02));
#3439 = CARTESIAN_POINT('',(2.668985382597,2.221552075132E-02));
#3440 = CARTESIAN_POINT('',(2.607299777735,3.438266384285E-02));
#3441 = CARTESIAN_POINT('',(2.546029669277,4.695854569642E-02));
#3442 = CARTESIAN_POINT('',(2.482349081393,6.035724770624E-02));
#3443 = CARTESIAN_POINT('',(2.479636222766,6.092846749008E-02));
#3444 = CARTESIAN_POINT('',(2.476923049521,6.150123976594E-02));
#3445 = CARTESIAN_POINT('',(2.474210492204,6.207564206719E-02));
#3446 = CARTESIAN_POINT('',(2.428027725152,7.187633623744E-02));
#3447 = CARTESIAN_POINT('',(2.384803487833,8.140780447916E-02));
#3448 = CARTESIAN_POINT('',(2.341795345657,9.119340079237E-02));
#3449 = CARTESIAN_POINT('',(2.298967023263,0.101183978139));
#3450 = CARTESIAN_POINT('',(2.25627743117,0.111333198721));
#3451 = ( GEOMETRIC_REPRESENTATION_CONTEXT(2) 
PARAMETRIC_REPRESENTATION_CONTEXT() REPRESENTATION_CONTEXT('2D SPACE',''
  ) );
#3452 = PCURVE('',#2039,#3453);
#3453 = DEFINITIONAL_REPRESENTATION('',(#3454),#3469);
#3454 = B_SPLINE_CURVE_WITH_KNOTS('',5,(#3455,#3456,#3457,#3458,#3459,
    #3460,#3461,#3462,#3463,#3464,#3465,#3466,#3467,#3468),
  .UNSPECIFIED.,.F.,.F.,(6,4,4,6),(0.,0.568935136805,0.594239063499,1.),
  .UNSPECIFIED.);
#3455 = CARTESIAN_POINT('',(0.532492975521,0.955400634548));
#3456 = CARTESIAN_POINT('',(0.530823552256,0.963190469802));
#3457 = CARTESIAN_POINT('',(0.529306620323,0.97165234813));
#3458 = CARTESIAN_POINT('',(0.527945225484,0.980617115446));
#3459 = CARTESIAN_POINT('',(0.526739297133,0.989939454373));
#3460 = CARTESIAN_POINT('',(0.525642989929,0.999935573359));
#3461 = CARTESIAN_POINT('',(0.525596942984,1.000346619102));
#3462 = CARTESIAN_POINT('',(0.52555146608,1.000748825286));
#3463 = CARTESIAN_POINT('',(0.525506433858,1.001148610294));
#3464 = CARTESIAN_POINT('',(0.524743717033,1.008038283523));
#3465 = CARTESIAN_POINT('',(0.524117517794,1.014683597223));
#3466 = CARTESIAN_POINT('',(0.523584297572,1.021447862282));
#3467 = CARTESIAN_POINT('',(0.523145098202,1.028294061442));
#3468 = CARTESIAN_POINT('',(0.522800769702,1.035189279817));
#3469 = ( GEOMETRIC_REPRESENTATION_CONTEXT(2) 
PARAMETRIC_REPRESENTATION_CONTEXT() REPRESENTATION_CONTEXT('2D SPACE',''
  ) );
#3470 = ORIENTED_EDGE('',*,*,#3217,.F.);
#3471 = ORIENTED_EDGE('',*,*,#367,.F.);
#3472 = ORIENTED_EDGE('',*,*,#1639,.F.);
#3473 = ORIENTED_EDGE('',*,*,#3474,.T.);
#3474 = EDGE_CURVE('',#1640,#3475,#3477,.T.);
#3475 = VERTEX_POINT('',#3476);
#3476 = CARTESIAN_POINT('',(-1.20626438505,-0.483166697376,2.9));
#3477 = SURFACE_CURVE('',#3478,(#3493,#3511),.PCURVE_S1.);
#3478 = B_SPLINE_CURVE_WITH_KNOTS('',5,(#3479,#3480,#3481,#3482,#3483,
    #3484,#3485,#3486,#3487,#3488,#3489,#3490,#3491,#3492),
  .UNSPECIFIED.,.F.,.F.,(6,4,4,6),(0.,0.416539843155,0.448311637287,1.),
  .UNSPECIFIED.);
#3479 = CARTESIAN_POINT('',(-1.003251010014,-0.544986619357,
    3.05460383124));
#3480 = CARTESIAN_POINT('',(-1.020074266172,-0.543442246344,
    3.040161688175));
#3481 = CARTESIAN_POINT('',(-1.037184625215,-0.541172592912,
    3.025958012846));
#3482 = CARTESIAN_POINT('',(-1.054492493344,-0.538157849445,
    3.012056956419));
#3483 = CARTESIAN_POINT('',(-1.071895967672,-0.53438403145,
    2.998526605219));
#3484 = CARTESIAN_POINT('',(-1.09060687615,-0.529496608457,
    2.984440715336));
#3485 = CARTESIAN_POINT('',(-1.091929862724,-0.529146529004,
    2.983446673427));
#3486 = CARTESIAN_POINT('',(-1.093254858369,-0.528791314907,
    2.982450193453));
#3487 = CARTESIAN_POINT('',(-1.094577702402,-0.528432120156,
    2.981456934729));
#3488 = CARTESIAN_POINT('',(-1.11886569235,-0.52175270245,2.963228023826
    ));
#3489 = CARTESIAN_POINT('',(-1.141625916986,-0.514107358604,
    2.946343501284));
#3490 = CARTESIAN_POINT('',(-1.163960176501,-0.50511944294,
    2.929997327897));
#3491 = CARTESIAN_POINT('',(-1.185608710154,-0.494790782052,
    2.914439323316));
#3492 = CARTESIAN_POINT('',(-1.206264389368,-0.483166705914,
    2.899999989465));
#3493 = PCURVE('',#411,#3494);
#3494 = DEFINITIONAL_REPRESENTATION('',(#3495),#3510);
#3495 = B_SPLINE_CURVE_WITH_KNOTS('',5,(#3496,#3497,#3498,#3499,#3500,
    #3501,#3502,#3503,#3504,#3505,#3506,#3507,#3508,#3509),
  .UNSPECIFIED.,.F.,.F.,(6,4,4,6),(0.,0.416539843155,0.448311637287,1.),
  .UNSPECIFIED.);
#3496 = CARTESIAN_POINT('',(4.558538404422,0.11452135643));
#3497 = CARTESIAN_POINT('',(4.50937416339,0.103823472678));
#3498 = CARTESIAN_POINT('',(4.460218868306,9.330223175372E-02));
#3499 = CARTESIAN_POINT('',(4.411025705941,8.300515293648E-02));
#3500 = CARTESIAN_POINT('',(4.361745417713,7.298267053236E-02));
#3501 = CARTESIAN_POINT('',(4.308556830647,6.254867802684E-02));
#3502 = CARTESIAN_POINT('',(4.304794688996,6.181235068638E-02));
#3503 = CARTESIAN_POINT('',(4.301024157191,6.107421737265E-02));
#3504 = CARTESIAN_POINT('',(4.297257963682,6.033847016992E-02));
#3505 = CARTESIAN_POINT('',(4.228064626064,4.683557320428E-02));
#3506 = CARTESIAN_POINT('',(4.162522950783,3.432851946931E-02));
#3507 = CARTESIAN_POINT('',(4.096727113048,2.222024288696E-02));
#3508 = CARTESIAN_POINT('',(4.030542957324,1.069579504864E-02));
#3509 = CARTESIAN_POINT('',(3.9638247484,-7.803882935573E-09));
#3510 = ( GEOMETRIC_REPRESENTATION_CONTEXT(2) 
PARAMETRIC_REPRESENTATION_CONTEXT() REPRESENTATION_CONTEXT('2D SPACE',''
  ) );
#3511 = PCURVE('',#2039,#3512);
#3512 = DEFINITIONAL_REPRESENTATION('',(#3513),#3528);
#3513 = B_SPLINE_CURVE_WITH_KNOTS('',5,(#3514,#3515,#3516,#3517,#3518,
    #3519,#3520,#3521,#3522,#3523,#3524,#3525,#3526,#3527),
  .UNSPECIFIED.,.F.,.F.,(6,4,4,6),(0.,0.416539843155,0.448311637287,1.),
  .UNSPECIFIED.);
#3514 = CARTESIAN_POINT('',(0.595284218869,1.035189279817));
#3515 = CARTESIAN_POINT('',(0.593902023084,1.028019953273));
#3516 = CARTESIAN_POINT('',(0.592444497899,1.020892969437));
#3517 = CARTESIAN_POINT('',(0.590917229145,1.013843996954));
#3518 = CARTESIAN_POINT('',(0.58932523066,1.006914070321));
#3519 = CARTESIAN_POINT('',(0.587546915282,0.99963362561));
#3520 = CARTESIAN_POINT('',(0.587425272162,0.999044411083));
#3521 = CARTESIAN_POINT('',(0.587298291343,0.998533154191));
#3522 = CARTESIAN_POINT('',(0.587173717976,0.99797980333));
#3523 = CARTESIAN_POINT('',(0.584867292703,0.988017340256));
#3524 = CARTESIAN_POINT('',(0.58257571941,0.97886023008));
#3525 = CARTESIAN_POINT('',(0.580183666792,0.970060868919));
#3526 = CARTESIAN_POINT('',(0.577700760191,0.961743780033));
#3527 = CARTESIAN_POINT('',(0.575138966776,0.954071616028));
#3528 = ( GEOMETRIC_REPRESENTATION_CONTEXT(2) 
PARAMETRIC_REPRESENTATION_CONTEXT() REPRESENTATION_CONTEXT('2D SPACE',''
  ) );
#3529 = ORIENTED_EDGE('',*,*,#3530,.T.);
#3530 = EDGE_CURVE('',#3475,#3365,#3531,.T.);
#3531 = SURFACE_CURVE('',#3532,(#3537,#3544),.PCURVE_S1.);
#3532 = ELLIPSE('',#3533,0.45,0.25);
#3533 = AXIS2_PLACEMENT_3D('',#3534,#3535,#3536);
#3534 = CARTESIAN_POINT('',(-0.9,-0.3,2.9));
#3535 = DIRECTION('',(0.,0.,1.));
#3536 = DIRECTION('',(1.,0.,0.));
#3537 = PCURVE('',#411,#3538);
#3538 = DEFINITIONAL_REPRESENTATION('',(#3539),#3543);
#3539 = LINE('',#3540,#3541);
#3540 = CARTESIAN_POINT('',(0.,0.));
#3541 = VECTOR('',#3542,1.);
#3542 = DIRECTION('',(1.,0.));
#3543 = ( GEOMETRIC_REPRESENTATION_CONTEXT(2) 
PARAMETRIC_REPRESENTATION_CONTEXT() REPRESENTATION_CONTEXT('2D SPACE',''
  ) );
#3544 = PCURVE('',#3405,#3545);
#3545 = DEFINITIONAL_REPRESENTATION('',(#3546),#3550);
#3546 = ELLIPSE('',#3547,0.45,0.25);
#3547 = AXIS2_PLACEMENT_2D('',#3548,#3549);
#3548 = CARTESIAN_POINT('',(0.,0.));
#3549 = DIRECTION('',(1.,0.));
#3550 = ( GEOMETRIC_REPRESENTATION_CONTEXT(2) 
PARAMETRIC_REPRESENTATION_CONTEXT() REPRESENTATION_CONTEXT('2D SPACE',''
  ) );
#3551 = ORIENTED_EDGE('',*,*,#3364,.T.);
#3552 = ORIENTED_EDGE('',*,*,#3553,.F.);
#3553 = EDGE_CURVE('',#3367,#3367,#3554,.T.);
#3554 = SURFACE_CURVE('',#3555,(#3560,#3567),.PCURVE_S1.);
#3555 = ELLIPSE('',#3556,0.12,8.E-02);
#3556 = AXIS2_PLACEMENT_3D('',#3557,#3558,#3559);
#3557 = CARTESIAN_POINT('',(-1.25,-0.45,4.25));
#3558 = DIRECTION('',(0.,0.,1.));
#3559 = DIRECTION('',(1.,0.,0.));
#3560 = PCURVE('',#411,#3561);
#3561 = DEFINITIONAL_REPRESENTATION('',(#3562),#3566);
#3562 = LINE('',#3563,#3564);
#3563 = CARTESIAN_POINT('',(0.,1.));
#3564 = VECTOR('',#3565,1.);
#3565 = DIRECTION('',(1.,0.));
#3566 = ( GEOMETRIC_REPRESENTATION_CONTEXT(2) 
PARAMETRIC_REPRESENTATION_CONTEXT() REPRESENTATION_CONTEXT('2D SPACE',''
  ) );
#3567 = PCURVE('',#3568,#3573);
#3568 = PLANE('',#3569);
#3569 = AXIS2_PLACEMENT_3D('',#3570,#3571,#3572);
#3570 = CARTESIAN_POINT('',(-1.25,-0.45,4.25));
#3571 = DIRECTION('',(0.,0.,1.));
#3572 = DIRECTION('',(1.,0.,0.));
#3573 = DEFINITIONAL_REPRESENTATION('',(#3574),#3578);
#3574 = ELLIPSE('',#3575,0.12,8.E-02);
#3575 = AXIS2_PLACEMENT_2D('',#3576,#3577);
#3576 = CARTESIAN_POINT('',(0.,0.));
#3577 = DIRECTION('',(1.,0.));
#3578 = ( GEOMETRIC_REPRESENTATION_CONTEXT(2) 
PARAMETRIC_REPRESENTATION_CONTEXT() REPRESENTATION_CONTEXT('2D SPACE',''
  ) );
#3579 = ADVANCED_FACE('',(#3580),#592,.F.);
#3580 = FACE_BOUND('',#3581,.T.);
#3581 = EDGE_LOOP('',(#3582,#3720,#3741,#3742));
#3582 = ORIENTED_EDGE('',*,*,#3583,.T.);
#3583 = EDGE_CURVE('',#3584,#3584,#3586,.T.);
#3584 = VERTEX_POINT('',#3585);
#3585 = CARTESIAN_POINT('',(1.691902584867,0.28,2.1));
#3586 = SURFACE_CURVE('',#3587,(#3618,#3669),.PCURVE_S1.);
#3587 = B_SPLINE_CURVE_WITH_KNOTS('',7,(#3588,#3589,#3590,#3591,#3592,
    #3593,#3594,#3595,#3596,#3597,#3598,#3599,#3600,#3601,#3602,#3603,
    #3604,#3605,#3606,#3607,#3608,#3609,#3610,#3611,#3612,#3613,#3614,
    #3615,#3616,#3617),.UNSPECIFIED.,.T.,.F.,(8,6,4,6,6,8),(0.,
    0.250947503252,1.,1.805210279373,2.725541732918,3.317824709034),
  .UNSPECIFIED.);
#3588 = CARTESIAN_POINT('',(1.691902584867,0.28,2.1));
#3589 = CARTESIAN_POINT('',(1.692856873797,0.28,2.094570208682));
#3590 = CARTESIAN_POINT('',(1.693909373478,0.279570057112,2.089140620349
    ));
#3591 = CARTESIAN_POINT('',(1.695052806517,0.278710182784,2.083752071155
    ));
#3592 = CARTESIAN_POINT('',(1.696278254604,0.277425332835,2.078445344653
    ));
#3593 = CARTESIAN_POINT('',(1.697575421995,0.275725224863,2.073260444317
    ));
#3594 = CARTESIAN_POINT('',(1.698932898977,0.273624155657,2.068235866047
    ));
#3595 = CARTESIAN_POINT('',(1.704533777075,0.26372831285,2.048996800938)
  );
#3596 = CARTESIAN_POINT('',(1.709157460542,0.252909407947,2.036336455436
    ));
#3597 = CARTESIAN_POINT('',(1.713884516885,0.239180056043,2.026392971765
    ));
#3598 = CARTESIAN_POINT('',(1.718325043304,0.223377548619,2.019956557062
    ));
#3599 = CARTESIAN_POINT('',(1.726196553532,0.188561183589,2.014817558491
    ));
#3600 = CARTESIAN_POINT('',(1.730342784649,0.154530314228,2.026831036926
    ));
#3601 = CARTESIAN_POINT('',(1.72989182637,0.130524109126,2.052905020541)
  );
#3602 = CARTESIAN_POINT('',(1.72847248517,0.12189975394,2.069263608397)
  );
#3603 = CARTESIAN_POINT('',(1.726060405844,0.117778833928,2.087146568868
    ));
#3604 = CARTESIAN_POINT('',(1.722876768924,0.11828506534,2.1051157463));
#3605 = CARTESIAN_POINT('',(1.714938674754,0.128492561463,2.141026512815
    ));
#3606 = CARTESIAN_POINT('',(1.710023343701,0.139499396679,2.158601258194
    ));
#3607 = CARTESIAN_POINT('',(1.704800884121,0.155519352537,2.172657518601
    ));
#3608 = CARTESIAN_POINT('',(1.699680858349,0.175158881472,2.181494105498
    ));
#3609 = CARTESIAN_POINT('',(1.695090928088,0.196318121398,2.184154058327
    ));
#3610 = CARTESIAN_POINT('',(1.69150203891,0.216783871243,2.180717280227)
  );
#3611 = CARTESIAN_POINT('',(1.687748407176,0.246283305834,2.166500139531
    ));
#3612 = CARTESIAN_POINT('',(1.686819209905,0.256793262199,2.158773381685
    ));
#3613 = CARTESIAN_POINT('',(1.686511689522,0.265776740635,2.149120164316
    ));
#3614 = CARTESIAN_POINT('',(1.686883457865,0.272813834339,2.13791313139)
  );
#3615 = CARTESIAN_POINT('',(1.687944963456,0.277605051458,2.125631767466
    ));
#3616 = CARTESIAN_POINT('',(1.689650311336,0.28,2.112815170414));
#3617 = CARTESIAN_POINT('',(1.691902584867,0.28,2.1));
#3618 = PCURVE('',#592,#3619);
#3619 = DEFINITIONAL_REPRESENTATION('',(#3620),#3668);
#3620 = B_SPLINE_CURVE_WITH_KNOTS('',3,(#3621,#3622,#3623,#3624,#3625,
    #3626,#3627,#3628,#3629,#3630,#3631,#3632,#3633,#3634,#3635,#3636,
    #3637,#3638,#3639,#3640,#3641,#3642,#3643,#3644,#3645,#3646,#3647,
    #3648,#3649,#3650,#3651,#3652,#3653,#3654,#3655,#3656,#3657,#3658,
    #3659,#3660,#3661,#3662,#3663,#3664,#3665,#3666,#3667),
  .UNSPECIFIED.,.F.,.F.,(4,1,1,1,1,1,1,1,1,1,1,1,1,1,1,1,1,1,1,1,1,1,1,1
    ,1,1,1,1,1,1,1,1,1,1,1,1,1,1,1,1,1,1,1,1,4),(0.,7.54051070235E-02,
    0.150810214047,0.22621532107,0.301620428094,0.377025535117,
    0.452430642141,0.527835749164,0.603240856188,0.678645963211,
    0.754051070235,0.829456177258,0.904861284282,0.980266391305,
    1.055671498329,1.131076605352,1.206481712376,1.281886819399,
    1.357291926423,1.432697033446,1.50810214047,1.583507247493,
    1.658912354517,1.73431746154,1.809722568564,1.885127675587,
    1.960532782611,2.035937889634,2.111342996658,2.186748103681,
    2.262153210705,2.337558317728,2.412963424752,2.488368531775,
    2.563773638799,2.639178745822,2.714583852846,2.789988959869,
    2.865394066893,2.940799173916,3.01620428094,3.091609387963,
    3.167014494987,3.24241960201,3.317824709034),.QUASI_UNIFORM_KNOTS.);
#3621 = CARTESIAN_POINT('',(-6.28318530718,-0.141902584867));
#3622 = CARTESIAN_POINT('',(-6.23559829675,-0.142570885735));
#3623 = CARTESIAN_POINT('',(-6.140427798298,-0.144034612908));
#3624 = CARTESIAN_POINT('',(-5.997678948493,-0.146554477315));
#3625 = CARTESIAN_POINT('',(-5.854933750249,-0.149344788059));
#3626 = CARTESIAN_POINT('',(-5.712187476609,-0.152340254124));
#3627 = CARTESIAN_POINT('',(-5.56943312978,-0.155470481894));
#3628 = CARTESIAN_POINT('',(-5.426670323896,-0.158660830883));
#3629 = CARTESIAN_POINT('',(-5.283896501936,-0.161835319854));
#3630 = CARTESIAN_POINT('',(-5.141109562964,-0.164919002707));
#3631 = CARTESIAN_POINT('',(-4.998307902622,-0.167840350632));
#3632 = CARTESIAN_POINT('',(-4.855491009257,-0.170533400767));
#3633 = CARTESIAN_POINT('',(-4.712659758429,-0.172939634326));
#3634 = CARTESIAN_POINT('',(-4.569816609903,-0.17500948878));
#3635 = CARTESIAN_POINT('',(-4.426965605246,-0.176703439335));
#3636 = CARTESIAN_POINT('',(-4.284111700665,-0.177992520791));
#3637 = CARTESIAN_POINT('',(-4.141260251619,-0.178858428166));
#3638 = CARTESIAN_POINT('',(-3.998416717077,-0.17929340417));
#3639 = CARTESIAN_POINT('',(-3.855584969612,-0.179299440469));
#3640 = CARTESIAN_POINT('',(-3.712766987022,-0.178887307772));
#3641 = CARTESIAN_POINT('',(-3.569963068126,-0.178075448942));
#3642 = CARTESIAN_POINT('',(-3.427172316713,-0.176888811857));
#3643 = CARTESIAN_POINT('',(-3.284393026346,-0.175357683181));
#3644 = CARTESIAN_POINT('',(-3.141623538909,-0.173516603401));
#3645 = CARTESIAN_POINT('',(-2.998861380478,-0.171403382238));
#3646 = CARTESIAN_POINT('',(-2.85610891624,-0.169058459322));
#3647 = CARTESIAN_POINT('',(-2.713354193674,-0.16652400899));
#3648 = CARTESIAN_POINT('',(-2.570590751009,-0.163843829379));
#3649 = CARTESIAN_POINT('',(-2.42782116481,-0.161063126169));
#3650 = CARTESIAN_POINT('',(-2.285043975039,-0.158228138702));
#3651 = CARTESIAN_POINT('',(-2.142257717445,-0.155386103552));
#3652 = CARTESIAN_POINT('',(-1.999460584918,-0.152585084144));
#3653 = CARTESIAN_POINT('',(-1.856651162605,-0.149873748722));
#3654 = CARTESIAN_POINT('',(-1.713828777413,-0.147301030725));
#3655 = CARTESIAN_POINT('',(-1.570993938157,-0.144915644857));
#3656 = CARTESIAN_POINT('',(-1.42814908035,-0.14276542353));
#3657 = CARTESIAN_POINT('',(-1.285298706536,-0.140896433519));
#3658 = CARTESIAN_POINT('',(-1.142451819708,-0.139351860685));
#3659 = CARTESIAN_POINT('',(-0.999614116313,-0.138170543291));
#3660 = CARTESIAN_POINT('',(-0.856777865557,-0.137385736575));
#3661 = CARTESIAN_POINT('',(-0.713950958325,-0.137023931328));
#3662 = CARTESIAN_POINT('',(-0.571135447998,-0.137103245443));
#3663 = CARTESIAN_POINT('',(-0.428332413414,-0.137632268361));
#3664 = CARTESIAN_POINT('',(-0.285541640069,-0.138608716168));
#3665 = CARTESIAN_POINT('',(-0.142763318846,-0.140020254762));
#3666 = CARTESIAN_POINT('',(-4.758631431092E-02,-0.14123255661));
#3667 = CARTESIAN_POINT('',(8.881784197001E-16,-0.141902584867));
#3668 = ( GEOMETRIC_REPRESENTATION_CONTEXT(2) 
PARAMETRIC_REPRESENTATION_CONTEXT() REPRESENTATION_CONTEXT('2D SPACE',''
  ) );
#3669 = PCURVE('',#2039,#3670);
#3670 = DEFINITIONAL_REPRESENTATION('',(#3671),#3719);
#3671 = B_SPLINE_CURVE_WITH_KNOTS('',3,(#3672,#3673,#3674,#3675,#3676,
    #3677,#3678,#3679,#3680,#3681,#3682,#3683,#3684,#3685,#3686,#3687,
    #3688,#3689,#3690,#3691,#3692,#3693,#3694,#3695,#3696,#3697,#3698,
    #3699,#3700,#3701,#3702,#3703,#3704,#3705,#3706,#3707,#3708,#3709,
    #3710,#3711,#3712,#3713,#3714,#3715,#3716,#3717,#3718),
  .UNSPECIFIED.,.T.,.F.,(4,1,1,1,1,1,1,1,1,1,1,1,1,1,1,1,1,1,1,1,1,1,1,1
    ,1,1,1,1,1,1,1,1,1,1,1,1,1,1,1,1,1,1,1,1,4),(0.,7.54051070235E-02,
    0.150810214047,0.22621532107,0.301620428094,0.377025535117,
    0.452430642141,0.527835749164,0.603240856188,0.678645963211,
    0.754051070235,0.829456177258,0.904861284282,0.980266391305,
    1.055671498329,1.131076605352,1.206481712376,1.281886819399,
    1.357291926423,1.432697033446,1.50810214047,1.583507247493,
    1.658912354517,1.73431746154,1.809722568564,1.885127675587,
    1.960532782611,2.035937889634,2.111342996658,2.186748103681,
    2.262153210705,2.337558317728,2.412963424752,2.488368531775,
    2.563773638799,2.639178745822,2.714583852846,2.789988959869,
    2.865394066893,2.940799173916,3.01620428094,3.091609387963,
    3.167014494987,3.24241960201,3.317824709034),.QUASI_UNIFORM_KNOTS.);
#3672 = CARTESIAN_POINT('',(3.426000456573E-02,0.567779433873));
#3673 = CARTESIAN_POINT('',(3.424848318049E-02,0.566114083738));
#3674 = CARTESIAN_POINT('',(3.415731116163E-02,0.562789561345));
#3675 = CARTESIAN_POINT('',(3.3823882934E-02,0.557918040693));
#3676 = CARTESIAN_POINT('',(3.33000139197E-02,0.553260328691));
#3677 = CARTESIAN_POINT('',(3.259714199707E-02,0.548908613623));
#3678 = CARTESIAN_POINT('',(3.172979758681E-02,0.5449487235));
#3679 = CARTESIAN_POINT('',(3.071583793831E-02,0.541458410367));
#3680 = CARTESIAN_POINT('',(2.957590923709E-02,0.538505840375));
#3681 = CARTESIAN_POINT('',(2.833307494662E-02,0.536148483497));
#3682 = CARTESIAN_POINT('',(2.701235462578E-02,0.534432153566));
#3683 = CARTESIAN_POINT('',(2.564024657954E-02,0.533390246011));
#3684 = CARTESIAN_POINT('',(2.424422195772E-02,0.53304316));
#3685 = CARTESIAN_POINT('',(2.285220122235E-02,0.533397914264));
#3686 = CARTESIAN_POINT('',(2.149201854305E-02,0.534447967403));
#3687 = CARTESIAN_POINT('',(2.019087921384E-02,0.536173260778));
#3688 = CARTESIAN_POINT('',(1.897482376935E-02,0.538540512742));
#3689 = CARTESIAN_POINT('',(1.786822262031E-02,0.541503798698));
#3690 = CARTESIAN_POINT('',(1.689330124677E-02,0.545005363359));
#3691 = CARTESIAN_POINT('',(1.606971626173E-02,0.548976630884));
#3692 = CARTESIAN_POINT('',(1.541418200221E-02,0.553339406701));
#3693 = CARTESIAN_POINT('',(1.494014894297E-02,0.558007260057));
#3694 = CARTESIAN_POINT('',(1.465753568534E-02,0.562887084046));
#3695 = CARTESIAN_POINT('',(1.45725148266E-02,0.56788080162));
#3696 = CARTESIAN_POINT('',(1.468736308232E-02,0.572887277312));
#3697 = CARTESIAN_POINT('',(1.500035428166E-02,0.577804129865));
#3698 = CARTESIAN_POINT('',(1.550579947291E-02,0.582530471825));
#3699 = CARTESIAN_POINT('',(1.619408850815E-02,0.58696831472));
#3700 = CARTESIAN_POINT('',(1.705176234784E-02,0.591024635113));
#3701 = CARTESIAN_POINT('',(1.806177738227E-02,0.594613907529));
#3702 = CARTESIAN_POINT('',(1.920380111737E-02,0.597659944624));
#3703 = CARTESIAN_POINT('',(2.045460315184E-02,0.600097714524));
#3704 = CARTESIAN_POINT('',(2.178851857175E-02,0.601874895074));
#3705 = CARTESIAN_POINT('',(2.317798068203E-02,0.602953168449));
#3706 = CARTESIAN_POINT('',(2.45941117272E-02,0.603309197526));
#3707 = CARTESIAN_POINT('',(2.600735638628E-02,0.602935252796));
#3708 = CARTESIAN_POINT('',(2.738815110812E-02,0.601839452118));
#3709 = CARTESIAN_POINT('',(2.870758211715E-02,0.600045629224));
#3710 = CARTESIAN_POINT('',(2.993813312557E-02,0.597592701396));
#3711 = CARTESIAN_POINT('',(3.105436358232E-02,0.594533289315));
#3712 = CARTESIAN_POINT('',(3.203322192132E-02,0.590932962135));
#3713 = CARTESIAN_POINT('',(3.285473637518E-02,0.586868287552));
#3714 = CARTESIAN_POINT('',(3.350233002017E-02,0.582425019169));
#3715 = CARTESIAN_POINT('',(3.396327671358E-02,0.577696143473));
#3716 = CARTESIAN_POINT('',(3.422838805634E-02,0.572779650755));
#3717 = CARTESIAN_POINT('',(3.427219582859E-02,0.569444575602));
#3718 = CARTESIAN_POINT('',(3.426000456573E-02,0.567779433873));
#3719 = ( GEOMETRIC_REPRESENTATION_CONTEXT(2) 
PARAMETRIC_REPRESENTATION_CONTEXT() REPRESENTATION_CONTEXT('2D SPACE',''
  ) );
#3720 = ORIENTED_EDGE('',*,*,#3721,.T.);
#3721 = EDGE_CURVE('',#3584,#506,#3722,.T.);
#3722 = SEAM_CURVE('',#3723,(#3727,#3734),.PCURVE_S1.);
#3723 = LINE('',#3724,#3725);
#3724 = CARTESIAN_POINT('',(1.55,0.28,2.1));
#3725 = VECTOR('',#3726,1.);
#3726 = DIRECTION('',(1.,0.,0.));
#3727 = PCURVE('',#592,#3728);
#3728 = DEFINITIONAL_REPRESENTATION('',(#3729),#3733);
#3729 = LINE('',#3730,#3731);
#3730 = CARTESIAN_POINT('',(-0.,0.));
#3731 = VECTOR('',#3732,1.);
#3732 = DIRECTION('',(-0.,-1.));
#3733 = ( GEOMETRIC_REPRESENTATION_CONTEXT(2) 
PARAMETRIC_REPRESENTATION_CONTEXT() REPRESENTATION_CONTEXT('2D SPACE',''
  ) );
#3734 = PCURVE('',#592,#3735);
#3735 = DEFINITIONAL_REPRESENTATION('',(#3736),#3740);
#3736 = LINE('',#3737,#3738);
#3737 = CARTESIAN_POINT('',(-6.28318530718,0.));
#3738 = VECTOR('',#3739,1.);
#3739 = DIRECTION('',(-0.,-1.));
#3740 = ( GEOMETRIC_REPRESENTATION_CONTEXT(2) 
PARAMETRIC_REPRESENTATION_CONTEXT() REPRESENTATION_CONTEXT('2D SPACE',''
  ) );
#3741 = ORIENTED_EDGE('',*,*,#505,.F.);
#3742 = ORIENTED_EDGE('',*,*,#3721,.F.);
#3743 = ADVANCED_FACE('',(#3744),#853,.F.);
#3744 = FACE_BOUND('',#3745,.F.);
#3745 = EDGE_LOOP('',(#3746,#4066,#4087,#4088));
#3746 = ORIENTED_EDGE('',*,*,#3747,.F.);
#3747 = EDGE_CURVE('',#3748,#3748,#3750,.T.);
#3748 = VERTEX_POINT('',#3749);
#3749 = CARTESIAN_POINT('',(0.85,1.13599242027,2.25));
#3750 = SURFACE_CURVE('',#3751,(#3832,#3949),.PCURVE_S1.);
#3751 = B_SPLINE_CURVE_WITH_KNOTS('',7,(#3752,#3753,#3754,#3755,#3756,
    #3757,#3758,#3759,#3760,#3761,#3762,#3763,#3764,#3765,#3766,#3767,
    #3768,#3769,#3770,#3771,#3772,#3773,#3774,#3775,#3776,#3777,#3778,
    #3779,#3780,#3781,#3782,#3783,#3784,#3785,#3786,#3787,#3788,#3789,
    #3790,#3791,#3792,#3793,#3794,#3795,#3796,#3797,#3798,#3799,#3800,
    #3801,#3802,#3803,#3804,#3805,#3806,#3807,#3808,#3809,#3810,#3811,
    #3812,#3813,#3814,#3815,#3816,#3817,#3818,#3819,#3820,#3821,#3822,
    #3823,#3824,#3825,#3826,#3827,#3828,#3829,#3830,#3831),
  .UNSPECIFIED.,.T.,.F.,(8,6,6,6,6,6,6,6,6,6,6,6,6,8),(0.,0.160918881248
    ,0.202599197709,0.296358870385,0.375115632441,0.410251329028,
    0.46301752708,0.512372432674,0.623349968978,0.7552815854,
    0.824387371197,1.,1.155925689939,1.352906395059),.UNSPECIFIED.);
#3752 = CARTESIAN_POINT('',(0.85,1.13599242027,2.25));
#3753 = CARTESIAN_POINT('',(0.85,1.119711056752,2.323133030295));
#3754 = CARTESIAN_POINT('',(0.841086362759,1.103900119667,2.396227385429
    ));
#3755 = CARTESIAN_POINT('',(0.823273828676,1.088775809029,2.468100265758
    ));
#3756 = CARTESIAN_POINT('',(0.796733748002,1.074603406919,2.537570469885
    ));
#3757 = CARTESIAN_POINT('',(0.761782873593,1.061797485733,2.60346263599)
  );
#3758 = CARTESIAN_POINT('',(0.718908706733,1.050860440467,2.664617544644
    ));
#3759 = CARTESIAN_POINT('',(0.655860648645,1.039905635536,2.734229635446
    ));
#3760 = CARTESIAN_POINT('',(0.642407970999,1.037802051327,2.748156101959
    ));
#3761 = CARTESIAN_POINT('',(0.628486505408,1.035855273478,2.761667764109
    ));
#3762 = CARTESIAN_POINT('',(0.614110750194,1.034071052226,2.774744938707
    ));
#3763 = CARTESIAN_POINT('',(0.59929655968,1.032454206968,2.787368377918)
  );
#3764 = CARTESIAN_POINT('',(0.584061144189,1.031008626268,2.799519269256
    ));
#3765 = CARTESIAN_POINT('',(0.533245296999,1.026877353173,2.837408274122
    ));
#3766 = CARTESIAN_POINT('',(0.496026059019,1.024898154705,2.861156554379
    ));
#3767 = CARTESIAN_POINT('',(0.456983568147,1.023832156722,2.882210902685
    ));
#3768 = CARTESIAN_POINT('',(0.416366445156,1.023678664683,2.9003850039)
  );
#3769 = CARTESIAN_POINT('',(0.374451800712,1.024401174795,2.915523571988
    ));
#3770 = CARTESIAN_POINT('',(0.331542354342,1.025937780399,2.927508910354
    ));
#3771 = CARTESIAN_POINT('',(0.251356223681,1.030145523151,2.943628933944
    ));
#3772 = CARTESIAN_POINT('',(0.214271715932,1.032595935559,2.948713996304
    ));
#3773 = CARTESIAN_POINT('',(0.176898424313,1.035538014192,2.951482312305
    ));
#3774 = CARTESIAN_POINT('',(0.13942773182,1.038931882648,2.951914965206)
  );
#3775 = CARTESIAN_POINT('',(0.102050774944,1.042744365973,2.950015577367
    ));
#3776 = CARTESIAN_POINT('',(6.495601773745E-02,1.046951015943,
    2.945809621955));
#3777 = CARTESIAN_POINT('',(1.198525039088E-02,1.053574875195,
    2.936459970066));
#3778 = CARTESIAN_POINT('',(-4.263911878113E-03,1.055692721516,
    2.933125843992));
#3779 = CARTESIAN_POINT('',(-2.040469359398E-02,1.057883276608,
    2.929346133525));
#3780 = CARTESIAN_POINT('',(-3.642140306956E-02,1.060144936605,
    2.925125741175));
#3781 = CARTESIAN_POINT('',(-5.229877704868E-02,1.062476178123,
    2.920470287469));
#3782 = CARTESIAN_POINT('',(-6.802198070611E-02,1.064875558259,
    2.915386110956));
#3783 = CARTESIAN_POINT('',(-0.106936284715,1.071045346692,
    2.901611686174));
#3784 = CARTESIAN_POINT('',(-0.129915951987,1.074899492006,
    2.892391983614));
#3785 = CARTESIAN_POINT('',(-0.152466804395,1.07889927764,2.882244895451
    ));
#3786 = CARTESIAN_POINT('',(-0.17454300087,1.083039501436,2.871197229505
    ));
#3787 = CARTESIAN_POINT('',(-0.196101666708,1.087314278024,
    2.859278379387));
#3788 = CARTESIAN_POINT('',(-0.217102895928,1.091716684875,
    2.846519837386));
#3789 = CARTESIAN_POINT('',(-0.256597324326,1.100467806021,
    2.820266552139));
#3790 = CARTESIAN_POINT('',(-0.275164879688,1.1048016996,2.806872558544)
  );
#3791 = CARTESIAN_POINT('',(-0.293182510314,1.109233246337,2.79280003172
    ));
#3792 = CARTESIAN_POINT('',(-0.310622447009,1.113754880372,
    2.778077001161));
#3793 = CARTESIAN_POINT('',(-0.327459060791,1.11835831273,2.762732220712
    ));
#3794 = CARTESIAN_POINT('',(-0.343668862888,1.123034531325,2.74679516857
    ));
#3795 = CARTESIAN_POINT('',(-0.394221812155,1.138430339774,
    2.693196759804));
#3796 = CARTESIAN_POINT('',(-0.425933648618,1.149405444996,
    2.653257084944));
#3797 = CARTESIAN_POINT('',(-0.454125379736,1.160592605398,
    2.610814463079));
#3798 = CARTESIAN_POINT('',(-0.478599666211,1.171872391247,
    2.566217590866));
#3799 = CARTESIAN_POINT('',(-0.499194351681,1.183132342381,
    2.519823897861));
#3800 = CARTESIAN_POINT('',(-0.515778896953,1.194277613776,
    2.471998908764));
#3801 = CARTESIAN_POINT('',(-0.543087551656,1.218255553154,
    2.365006592121));
#3802 = CARTESIAN_POINT('',(-0.552113477903,1.23100931525,2.305404029795
    ));
#3803 = CARTESIAN_POINT('',(-0.555167592559,1.243363293208,
    2.244945243523));
#3804 = CARTESIAN_POINT('',(-0.552149328878,1.255225412156,
    2.184293886178));
#3805 = CARTESIAN_POINT('',(-0.543035477045,1.266532061717,
    2.124141155242));
#3806 = CARTESIAN_POINT('',(-0.527894145246,1.277228983563,
    2.065196471116));
#3807 = CARTESIAN_POINT('',(-0.495903730564,1.292488157549,
    1.978298774579));
#3808 = CARTESIAN_POINT('',(-0.483301449824,1.297546049795,
    1.948954303514));
#3809 = CARTESIAN_POINT('',(-0.469118698287,1.302406310564,
    1.920238222222));
#3810 = CARTESIAN_POINT('',(-0.45338866888,1.307057359822,1.892252434306
    ));
#3811 = CARTESIAN_POINT('',(-0.436152934519,1.311486023106,
    1.865097728728));
#3812 = CARTESIAN_POINT('',(-0.41746187075,1.31567727213,1.838872894191)
  );
#3813 = CARTESIAN_POINT('',(-0.346330229252,1.329617947612,
    1.749637613724));
#3814 = CARTESIAN_POINT('',(-0.286232503749,1.337986167143,
    1.692175746151));
#3815 = CARTESIAN_POINT('',(-0.218090133592,1.344423801032,
    1.642949392261));
#3816 = CARTESIAN_POINT('',(-0.14330593777,1.348585829854,1.603386642484
    ));
#3817 = CARTESIAN_POINT('',(-6.359904208116E-02,1.350082208724,
    1.574602280711));
#3818 = CARTESIAN_POINT('',(1.900662006582E-02,1.348700085996,
    1.557316034052));
#3819 = CARTESIAN_POINT('',(0.176257986101,1.340748760569,1.546575769479
    ));
#3820 = CARTESIAN_POINT('',(0.25081864717,1.334775283041,1.550663143152)
  );
#3821 = CARTESIAN_POINT('',(0.32445363777,1.326594746441,1.563984705105)
  );
#3822 = CARTESIAN_POINT('',(0.395709527605,1.316382074405,1.586248238919
    ));
#3823 = CARTESIAN_POINT('',(0.463291697745,1.304452587851,1.616894083502
    ));
#3824 = CARTESIAN_POINT('',(0.526068779555,1.291164087698,1.65515221613)
  );
#3825 = CARTESIAN_POINT('',(0.655166547293,1.258797067135,1.756826754962
    ));
#3826 = CARTESIAN_POINT('',(0.718108706006,1.239105583347,1.824247276147
    ));
#3827 = CARTESIAN_POINT('',(0.77010757475,1.21846354578,1.900503158435)
  );
#3828 = CARTESIAN_POINT('',(0.809891727325,1.197498476997,1.983464428568
    ));
#3829 = CARTESIAN_POINT('',(0.836641810096,1.176561372487,2.070885059028
    ));
#3830 = CARTESIAN_POINT('',(0.85,1.155923284515,2.160474052303));
#3831 = CARTESIAN_POINT('',(0.85,1.13599242027,2.25));
#3832 = PCURVE('',#853,#3833);
#3833 = DEFINITIONAL_REPRESENTATION('',(#3834),#3948);
#3834 = B_SPLINE_CURVE_WITH_KNOTS('',3,(#3835,#3836,#3837,#3838,#3839,
    #3840,#3841,#3842,#3843,#3844,#3845,#3846,#3847,#3848,#3849,#3850,
    #3851,#3852,#3853,#3854,#3855,#3856,#3857,#3858,#3859,#3860,#3861,
    #3862,#3863,#3864,#3865,#3866,#3867,#3868,#3869,#3870,#3871,#3872,
    #3873,#3874,#3875,#3876,#3877,#3878,#3879,#3880,#3881,#3882,#3883,
    #3884,#3885,#3886,#3887,#3888,#3889,#3890,#3891,#3892,#3893,#3894,
    #3895,#3896,#3897,#3898,#3899,#3900,#3901,#3902,#3903,#3904,#3905,
    #3906,#3907,#3908,#3909,#3910,#3911,#3912,#3913,#3914,#3915,#3916,
    #3917,#3918,#3919,#3920,#3921,#3922,#3923,#3924,#3925,#3926,#3927,
    #3928,#3929,#3930,#3931,#3932,#3933,#3934,#3935,#3936,#3937,#3938,
    #3939,#3940,#3941,#3942,#3943,#3944,#3945,#3946,#3947),
  .UNSPECIFIED.,.F.,.F.,(4,1,1,1,1,1,1,1,1,1,1,1,1,1,1,1,1,1,1,1,1,1,1,1
    ,1,1,1,1,1,1,1,1,1,1,1,1,1,1,1,1,1,1,1,1,1,1,1,1,1,1,1,1,1,1,1,1,1,1
    ,1,1,1,1,1,1,1,1,1,1,1,1,1,1,1,1,1,1,1,1,1,1,1,1,1,1,1,1,1,1,1,1,1,1
    ,1,1,1,1,1,1,1,1,1,1,1,1,1,1,1,1,1,1,4),(0.,1.2299149046E-02,
    2.459829809199E-02,3.689744713799E-02,4.919659618398E-02,
    6.149574522998E-02,7.379489427597E-02,8.609404332197E-02,
    9.839319236796E-02,0.110692341414,0.12299149046,0.135290639506,
    0.147589788552,0.159888937598,0.172188086644,0.18448723569,
    0.196786384736,0.209085533782,0.221384682828,0.233683831874,
    0.24598298092,0.258282129966,0.270581279012,0.282880428058,
    0.295179577104,0.30747872615,0.319777875196,0.332077024242,
    0.344376173288,0.356675322334,0.36897447138,0.381273620426,
    0.393572769472,0.405871918518,0.418171067564,0.43047021661,
    0.442769365656,0.455068514702,0.467367663748,0.479666812794,
    0.49196596184,0.504265110886,0.516564259932,0.528863408978,
    0.541162558024,0.55346170707,0.565760856116,0.578060005162,
    0.590359154208,0.602658303254,0.6149574523,0.627256601346,
    0.639555750392,0.651854899438,0.664154048484,0.67645319753,
    0.688752346576,0.701051495622,0.713350644668,0.725649793714,
    0.73794894276,0.750248091806,0.762547240852,0.774846389898,
    0.787145538944,0.79944468799,0.811743837036,0.824042986082,
    0.836342135128,0.848641284174,0.86094043322,0.873239582266,
    0.885538731312,0.897837880358,0.910137029404,0.92243617845,
    0.934735327496,0.947034476542,0.959333625588,0.971632774634,
    0.98393192368,0.996231072726,1.008530221772,1.020829370818,
    1.033128519864,1.04542766891,1.057726817956,1.070025967002,
    1.082325116048,1.094624265094,1.10692341414,1.119222563186,
    1.131521712232,1.143820861278,1.156120010324,1.16841915937,
    1.180718308416,1.193017457462,1.205316606508,1.217615755554,
    1.2299149046,1.242214053646,1.254513202692,1.266812351738,
    1.279111500784,1.29141064983,1.303709798875,1.316008947921,
    1.328308096967,1.340607246013,1.352906395059),
  .QUASI_UNIFORM_KNOTS.);
#3835 = CARTESIAN_POINT('',(0.,-2.23599242027));
#3836 = CARTESIAN_POINT('',(1.863202349102E-02,-2.233088999917));
#3837 = CARTESIAN_POINT('',(5.589160801444E-02,-2.227319993509));
#3838 = CARTESIAN_POINT('',(0.11178351539,-2.218803296564));
#3839 = CARTESIAN_POINT('',(0.167693947986,-2.210445815194));
#3840 = CARTESIAN_POINT('',(0.223638632112,-2.202273126338));
#3841 = CARTESIAN_POINT('',(0.279633107187,-2.194313251225));
#3842 = CARTESIAN_POINT('',(0.335692700753,-2.186597008692));
#3843 = CARTESIAN_POINT('',(0.391832522218,-2.179157872294));
#3844 = CARTESIAN_POINT('',(0.448067420467,-2.172031754557));
#3845 = CARTESIAN_POINT('',(0.504411917671,-2.165256604237));
#3846 = CARTESIAN_POINT('',(0.560880051731,-2.158871849819));
#3847 = CARTESIAN_POINT('',(0.617485325009,-2.152917670409));
#3848 = CARTESIAN_POINT('',(0.674239992464,-2.147434136185));
#3849 = CARTESIAN_POINT('',(0.731156535471,-2.142460068623));
#3850 = CARTESIAN_POINT('',(0.788240703044,-2.138032177422));
#3851 = CARTESIAN_POINT('',(0.845486681272,-2.134184432923));
#3852 = CARTESIAN_POINT('',(0.902895127799,-2.130944348827));
#3853 = CARTESIAN_POINT('',(0.960460784071,-2.128333828426));
#3854 = CARTESIAN_POINT('',(1.018178843498,-2.126367432031));
#3855 = CARTESIAN_POINT('',(1.076033891454,-2.125052060215));
#3856 = CARTESIAN_POINT('',(1.13401167008,-2.124386282727));
#3857 = CARTESIAN_POINT('',(1.19209650401,-2.124360856383));
#3858 = CARTESIAN_POINT('',(1.25027133388,-2.124959452408));
#3859 = CARTESIAN_POINT('',(1.308517414998,-2.126159765383));
#3860 = CARTESIAN_POINT('',(1.366812579739,-2.127934894946));
#3861 = CARTESIAN_POINT('',(1.425135255898,-2.130255263566));
#3862 = CARTESIAN_POINT('',(1.483468802113,-2.133090438563));
#3863 = CARTESIAN_POINT('',(1.541791105148,-2.136410419341));
#3864 = CARTESIAN_POINT('',(1.600083206815,-2.140187246561));
#3865 = CARTESIAN_POINT('',(1.658326260197,-2.144395790411));
#3866 = CARTESIAN_POINT('',(1.716501930648,-2.149014186223));
#3867 = CARTESIAN_POINT('',(1.774590848137,-2.154023551926));
#3868 = CARTESIAN_POINT('',(1.832578039078,-2.159408131687));
#3869 = CARTESIAN_POINT('',(1.890448616943,-2.165153858618));
#3870 = CARTESIAN_POINT('',(1.948189609422,-2.171247675536));
#3871 = CARTESIAN_POINT('',(2.005790113578,-2.177676510421));
#3872 = CARTESIAN_POINT('',(2.063241581245,-2.184426081115));
#3873 = CARTESIAN_POINT('',(2.120538492349,-2.191480308009));
#3874 = CARTESIAN_POINT('',(2.177677706841,-2.198820614949));
#3875 = CARTESIAN_POINT('',(2.23465931484,-2.206425680598));
#3876 = CARTESIAN_POINT('',(2.291486515655,-2.214271226338));
#3877 = CARTESIAN_POINT('',(2.348165114836,-2.222330697939));
#3878 = CARTESIAN_POINT('',(2.404703678242,-2.230575113763));
#3879 = CARTESIAN_POINT('',(2.461110972328,-2.238973432817));
#3880 = CARTESIAN_POINT('',(2.517401019288,-2.247494186836));
#3881 = CARTESIAN_POINT('',(2.573588501941,-2.256105191274));
#3882 = CARTESIAN_POINT('',(2.629688807292,-2.264774382948));
#3883 = CARTESIAN_POINT('',(2.685717772523,-2.273470370612));
#3884 = CARTESIAN_POINT('',(2.741691558903,-2.282162951296));
#3885 = CARTESIAN_POINT('',(2.797626570971,-2.290823532776));
#3886 = CARTESIAN_POINT('',(2.853539265675,-2.299425447895));
#3887 = CARTESIAN_POINT('',(2.909446483103,-2.307944277505));
#3888 = CARTESIAN_POINT('',(2.965363577246,-2.316357693822));
#3889 = CARTESIAN_POINT('',(3.021304789035,-2.324645391452));
#3890 = CARTESIAN_POINT('',(3.077283679864,-2.332789311912));
#3891 = CARTESIAN_POINT('',(3.133312864492,-2.340773319848));
#3892 = CARTESIAN_POINT('',(3.189404096012,-2.348582967111));
#3893 = CARTESIAN_POINT('',(3.245568249209,-2.356205194468));
#3894 = CARTESIAN_POINT('',(3.301815323712,-2.363628010737));
#3895 = CARTESIAN_POINT('',(3.358154430552,-2.370840140386));
#3896 = CARTESIAN_POINT('',(3.41459377389,-2.377830635641));
#3897 = CARTESIAN_POINT('',(3.471140597733,-2.384588477892));
#3898 = CARTESIAN_POINT('',(3.527801180943,-2.391102073213));
#3899 = CARTESIAN_POINT('',(3.584580294974,-2.397359090652));
#3900 = CARTESIAN_POINT('',(3.641482079885,-2.403346138347));
#3901 = CARTESIAN_POINT('',(3.698509555629,-2.409048460633));
#3902 = CARTESIAN_POINT('',(3.755665780577,-2.414449967233));
#3903 = CARTESIAN_POINT('',(3.81294905006,-2.41953270474));
#3904 = CARTESIAN_POINT('',(3.870369954812,-2.424278241131));
#3905 = CARTESIAN_POINT('',(3.927932030262,-2.428665967878));
#3906 = CARTESIAN_POINT('',(3.985623137968,-2.432672900736));
#3907 = CARTESIAN_POINT('',(4.043436105785,-2.436275701576));
#3908 = CARTESIAN_POINT('',(4.101362862587,-2.439450485355));
#3909 = CARTESIAN_POINT('',(4.159395650904,-2.442173331458));
#3910 = CARTESIAN_POINT('',(4.217526326518,-2.444420699528));
#3911 = CARTESIAN_POINT('',(4.275746150125,-2.44616994538));
#3912 = CARTESIAN_POINT('',(4.334045423996,-2.447399865862));
#3913 = CARTESIAN_POINT('',(4.392413136666,-2.448091272938));
#3914 = CARTESIAN_POINT('',(4.450836583657,-2.448227578402));
#3915 = CARTESIAN_POINT('',(4.509300891393,-2.44779537461));
#3916 = CARTESIAN_POINT('',(4.567788715643,-2.446784999667));
#3917 = CARTESIAN_POINT('',(4.626279033285,-2.445191059247));
#3918 = CARTESIAN_POINT('',(4.684748993653,-2.44301293927));
#3919 = CARTESIAN_POINT('',(4.743198049613,-2.440253643319));
#3920 = CARTESIAN_POINT('',(4.801600709564,-2.436921749942));
#3921 = CARTESIAN_POINT('',(4.859941036374,-2.433030241173));
#3922 = CARTESIAN_POINT('',(4.918204384313,-2.428596443941));
#3923 = CARTESIAN_POINT('',(4.976378973318,-2.423641631222));
#3924 = CARTESIAN_POINT('',(5.03445489009,-2.418190632573));
#3925 = CARTESIAN_POINT('',(5.092423834602,-2.412271375769));
#3926 = CARTESIAN_POINT('',(5.150278686173,-2.405914400354));
#3927 = CARTESIAN_POINT('',(5.208013229174,-2.399152335423));
#3928 = CARTESIAN_POINT('',(5.265621572179,-2.392019408867));
#3929 = CARTESIAN_POINT('',(5.323098762027,-2.38455080414));
#3930 = CARTESIAN_POINT('',(5.380437033143,-2.376782610362));
#3931 = CARTESIAN_POINT('',(5.437638416642,-2.368749642571));
#3932 = CARTESIAN_POINT('',(5.494711258205,-2.360485077631));
#3933 = CARTESIAN_POINT('',(5.551656392427,-2.352022205393));
#3934 = CARTESIAN_POINT('',(5.608478370688,-2.343392531878));
#3935 = CARTESIAN_POINT('',(5.665182107553,-2.33462593716));
#3936 = CARTESIAN_POINT('',(5.721773512726,-2.325750417104));
#3937 = CARTESIAN_POINT('',(5.778259120673,-2.316792061397));
#3938 = CARTESIAN_POINT('',(5.834646042124,-2.307775083513));
#3939 = CARTESIAN_POINT('',(5.890941871748,-2.298721942331));
#3940 = CARTESIAN_POINT('',(5.94715464128,-2.289653535488));
#3941 = CARTESIAN_POINT('',(6.003292787158,-2.280589459106));
#3942 = CARTESIAN_POINT('',(6.059365139537,-2.271548329853));
#3943 = CARTESIAN_POINT('',(6.115380921327,-2.262548145549));
#3944 = CARTESIAN_POINT('',(6.171349794195,-2.253606738124));
#3945 = CARTESIAN_POINT('',(6.227281826133,-2.244742082168));
#3946 = CARTESIAN_POINT('',(6.264552520535,-2.238896232007));
#3947 = CARTESIAN_POINT('',(6.28318530718,-2.23599242027));
#3948 = ( GEOMETRIC_REPRESENTATION_CONTEXT(2) 
PARAMETRIC_REPRESENTATION_CONTEXT() REPRESENTATION_CONTEXT('2D SPACE',''
  ) );
#3949 = PCURVE('',#2039,#3950);
#3950 = DEFINITIONAL_REPRESENTATION('',(#3951),#4065);
#3951 = B_SPLINE_CURVE_WITH_KNOTS('',3,(#3952,#3953,#3954,#3955,#3956,
    #3957,#3958,#3959,#3960,#3961,#3962,#3963,#3964,#3965,#3966,#3967,
    #3968,#3969,#3970,#3971,#3972,#3973,#3974,#3975,#3976,#3977,#3978,
    #3979,#3980,#3981,#3982,#3983,#3984,#3985,#3986,#3987,#3988,#3989,
    #3990,#3991,#3992,#3993,#3994,#3995,#3996,#3997,#3998,#3999,#4000,
    #4001,#4002,#4003,#4004,#4005,#4006,#4007,#4008,#4009,#4010,#4011,
    #4012,#4013,#4014,#4015,#4016,#4017,#4018,#4019,#4020,#4021,#4022,
    #4023,#4024,#4025,#4026,#4027,#4028,#4029,#4030,#4031,#4032,#4033,
    #4034,#4035,#4036,#4037,#4038,#4039,#4040,#4041,#4042,#4043,#4044,
    #4045,#4046,#4047,#4048,#4049,#4050,#4051,#4052,#4053,#4054,#4055,
    #4056,#4057,#4058,#4059,#4060,#4061,#4062,#4063,#4064),
  .UNSPECIFIED.,.F.,.F.,(4,1,1,1,1,1,1,1,1,1,1,1,1,1,1,1,1,1,1,1,1,1,1,1
    ,1,1,1,1,1,1,1,1,1,1,1,1,1,1,1,1,1,1,1,1,1,1,1,1,1,1,1,1,1,1,1,1,1,1
    ,1,1,1,1,1,1,1,1,1,1,1,1,1,1,1,1,1,1,1,1,1,1,1,1,1,1,1,1,1,1,1,1,1,1
    ,1,1,1,1,1,1,1,1,1,1,1,1,1,1,1,1,1,1,4),(0.,1.2299149046E-02,
    2.459829809199E-02,3.689744713799E-02,4.919659618398E-02,
    6.149574522998E-02,7.379489427597E-02,8.609404332197E-02,
    9.839319236796E-02,0.110692341414,0.12299149046,0.135290639506,
    0.147589788552,0.159888937598,0.172188086644,0.18448723569,
    0.196786384736,0.209085533782,0.221384682828,0.233683831874,
    0.24598298092,0.258282129966,0.270581279012,0.282880428058,
    0.295179577104,0.30747872615,0.319777875196,0.332077024242,
    0.344376173288,0.356675322334,0.36897447138,0.381273620426,
    0.393572769472,0.405871918518,0.418171067564,0.43047021661,
    0.442769365656,0.455068514702,0.467367663748,0.479666812794,
    0.49196596184,0.504265110886,0.516564259932,0.528863408978,
    0.541162558024,0.55346170707,0.565760856116,0.578060005162,
    0.590359154208,0.602658303254,0.6149574523,0.627256601346,
    0.639555750392,0.651854899438,0.664154048484,0.67645319753,
    0.688752346576,0.701051495622,0.713350644668,0.725649793714,
    0.73794894276,0.750248091806,0.762547240852,0.774846389898,
    0.787145538944,0.79944468799,0.811743837036,0.824042986082,
    0.836342135128,0.848641284174,0.86094043322,0.873239582266,
    0.885538731312,0.897837880358,0.910137029404,0.92243617845,
    0.934735327496,0.947034476542,0.959333625588,0.971632774634,
    0.98393192368,0.996231072726,1.008530221772,1.020829370818,
    1.033128519864,1.04542766891,1.057726817956,1.070025967002,
    1.082325116048,1.094624265094,1.10692341414,1.119222563186,
    1.131521712232,1.143820861278,1.156120010324,1.16841915937,
    1.180718308416,1.193017457462,1.205316606508,1.217615755554,
    1.2299149046,1.242214053646,1.254513202692,1.266812351738,
    1.279111500784,1.29141064983,1.303709798875,1.316008947921,
    1.328308096967,1.340607246013,1.352906395059),
  .QUASI_UNIFORM_KNOTS.);
#3952 = CARTESIAN_POINT('',(0.167454568114,0.632154199022));
#3953 = CARTESIAN_POINT('',(0.167265901384,0.637991356313));
#3954 = CARTESIAN_POINT('',(0.166945235495,0.649721279292));
#3955 = CARTESIAN_POINT('',(0.166638290187,0.667433437003));
#3956 = CARTESIAN_POINT('',(0.166509211398,0.685214097787));
#3957 = CARTESIAN_POINT('',(0.166562644508,0.703011755234));
#3958 = CARTESIAN_POINT('',(0.166803835657,0.720773050425));
#3959 = CARTESIAN_POINT('',(0.167238718794,0.738442507069));
#3960 = CARTESIAN_POINT('',(0.167873881539,0.755962607291));
#3961 = CARTESIAN_POINT('',(0.168716521099,0.773273808706));
#3962 = CARTESIAN_POINT('',(0.169774353708,0.79031461334));
#3963 = CARTESIAN_POINT('',(0.171055477432,0.807021646375));
#3964 = CARTESIAN_POINT('',(0.172568187505,0.823329806869));
#3965 = CARTESIAN_POINT('',(0.174320708248,0.839172298286));
#3966 = CARTESIAN_POINT('',(0.176320947696,0.854481276331));
#3967 = CARTESIAN_POINT('',(0.1785758529,0.869186409805));
#3968 = CARTESIAN_POINT('',(0.181090635715,0.883214434726));
#3969 = CARTESIAN_POINT('',(0.183868894999,0.896494782099));
#3970 = CARTESIAN_POINT('',(0.186911694758,0.908956755588));
#3971 = CARTESIAN_POINT('',(0.190217267996,0.920531971273));
#3972 = CARTESIAN_POINT('',(0.193779842919,0.931153115308));
#3973 = CARTESIAN_POINT('',(0.197589814616,0.940757421231));
#3974 = CARTESIAN_POINT('',(0.201633305297,0.949286905416));
#3975 = CARTESIAN_POINT('',(0.205891979929,0.956689240161));
#3976 = CARTESIAN_POINT('',(0.210343022909,0.962918513557));
#3977 = CARTESIAN_POINT('',(0.21495919115,0.967935873656));
#3978 = CARTESIAN_POINT('',(0.219709538917,0.971710610268));
#3979 = CARTESIAN_POINT('',(0.224560428243,0.974220579446));
#3980 = CARTESIAN_POINT('',(0.229475471905,0.975451815638));
#3981 = CARTESIAN_POINT('',(0.234417155681,0.975399227502));
#3982 = CARTESIAN_POINT('',(0.23934758654,0.974066317526));
#3983 = CARTESIAN_POINT('',(0.244229522427,0.971465074037));
#3984 = CARTESIAN_POINT('',(0.249027197606,0.967615873376));
#3985 = CARTESIAN_POINT('',(0.253707619335,0.962546744274));
#3986 = CARTESIAN_POINT('',(0.258240884699,0.956293023588));
#3987 = CARTESIAN_POINT('',(0.26260083868,0.948896677192));
#3988 = CARTESIAN_POINT('',(0.266765384233,0.940405531231));
#3989 = CARTESIAN_POINT('',(0.270716608411,0.930872493505));
#3990 = CARTESIAN_POINT('',(0.274440751101,0.920354580177));
#3991 = CARTESIAN_POINT('',(0.277927930612,0.908912172069));
#3992 = CARTESIAN_POINT('',(0.281171848821,0.896608018276));
#3993 = CARTESIAN_POINT('',(0.284169388875,0.883506591726));
#3994 = CARTESIAN_POINT('',(0.286920026657,0.869673023182));
#3995 = CARTESIAN_POINT('',(0.28942544908,0.855172871992));
#3996 = CARTESIAN_POINT('',(0.291688954652,0.840072033187));
#3997 = CARTESIAN_POINT('',(0.293715205003,0.824434824801));
#3998 = CARTESIAN_POINT('',(0.295509652545,0.808324866689));
#3999 = CARTESIAN_POINT('',(0.29707821765,0.791804745929));
#4000 = CARTESIAN_POINT('',(0.298427013842,0.77493587204));
#4001 = CARTESIAN_POINT('',(0.299562126484,0.757778336609));
#4002 = CARTESIAN_POINT('',(0.300489439451,0.740390804323));
#4003 = CARTESIAN_POINT('',(0.301214504285,0.722830475188));
#4004 = CARTESIAN_POINT('',(0.301742452108,0.705152910441));
#4005 = CARTESIAN_POINT('',(0.302077920715,0.687412587638));
#4006 = CARTESIAN_POINT('',(0.302225057307,0.669662786648));
#4007 = CARTESIAN_POINT('',(0.30218752074,0.651955413671));
#4008 = CARTESIAN_POINT('',(0.301968509739,0.634341098234));
#4009 = CARTESIAN_POINT('',(0.301570805988,0.616869167663));
#4010 = CARTESIAN_POINT('',(0.300996828491,0.59958765668));
#4011 = CARTESIAN_POINT('',(0.300248697934,0.582543312141));
#4012 = CARTESIAN_POINT('',(0.299328309499,0.565781604838));
#4013 = CARTESIAN_POINT('',(0.298237412856,0.549346743412));
#4014 = CARTESIAN_POINT('',(0.296977698478,0.533281694544));
#4015 = CARTESIAN_POINT('',(0.295550888109,0.517628188391));
#4016 = CARTESIAN_POINT('',(0.293958835424,0.502426842357));
#4017 = CARTESIAN_POINT('',(0.292203597172,0.487716907664));
#4018 = CARTESIAN_POINT('',(0.290287534007,0.473536373755));
#4019 = CARTESIAN_POINT('',(0.288213346344,0.459921682669));
#4020 = CARTESIAN_POINT('',(0.285984348273,0.446908753956));
#4021 = CARTESIAN_POINT('',(0.283603852916,0.434529173936));
#4022 = CARTESIAN_POINT('',(0.281075927834,0.422814866266));
#4023 = CARTESIAN_POINT('',(0.278405975166,0.411799138628));
#4024 = CARTESIAN_POINT('',(0.275599918497,0.401512125105));
#4025 = CARTESIAN_POINT('',(0.272664456769,0.391982062769));
#4026 = CARTESIAN_POINT('',(0.269607024581,0.383234988398));
#4027 = CARTESIAN_POINT('',(0.266435821653,0.375294835791));
#4028 = CARTESIAN_POINT('',(0.263159813059,0.368183399407));
#4029 = CARTESIAN_POINT('',(0.259788725533,0.361920303667));
#4030 = CARTESIAN_POINT('',(0.256333032564,0.356522937232));
#4031 = CARTESIAN_POINT('',(0.252803928511,0.35200635742));
#4032 = CARTESIAN_POINT('',(0.249213295815,0.348383165775));
#4033 = CARTESIAN_POINT('',(0.245573647777,0.345663325165));
#4034 = CARTESIAN_POINT('',(0.241898113453,0.343854013917));
#4035 = CARTESIAN_POINT('',(0.238200218038,0.342959140285));
#4036 = CARTESIAN_POINT('',(0.234492221676,0.342979647584));
#4037 = CARTESIAN_POINT('',(0.230787999561,0.343914080957));
#4038 = CARTESIAN_POINT('',(0.227100742903,0.345757820244));
#4039 = CARTESIAN_POINT('',(0.223443362501,0.34850359216));
#4040 = CARTESIAN_POINT('',(0.219828286008,0.352141621197));
#4041 = CARTESIAN_POINT('',(0.216267428946,0.356659824008));
#4042 = CARTESIAN_POINT('',(0.212772130615,0.362043944494));
#4043 = CARTESIAN_POINT('',(0.209353112436,0.368277656516));
#4044 = CARTESIAN_POINT('',(0.206020438181,0.37534264729));
#4045 = CARTESIAN_POINT('',(0.202783500458,0.383218618052));
#4046 = CARTESIAN_POINT('',(0.199650954891,0.391883456443));
#4047 = CARTESIAN_POINT('',(0.196630889221,0.401312638491));
#4048 = CARTESIAN_POINT('',(0.193730153014,0.411481386782));
#4049 = CARTESIAN_POINT('',(0.190954632005,0.422364737967));
#4050 = CARTESIAN_POINT('',(0.188309958528,0.433934979068));
#4051 = CARTESIAN_POINT('',(0.185800967861,0.44616361923));
#4052 = CARTESIAN_POINT('',(0.183431917697,0.459020855916));
#4053 = CARTESIAN_POINT('',(0.1812065095,0.472475698239));
#4054 = CARTESIAN_POINT('',(0.179127969026,0.486495901231));
#4055 = CARTESIAN_POINT('',(0.177199116684,0.501047939342));
#4056 = CARTESIAN_POINT('',(0.175422445775,0.516096960126));
#4057 = CARTESIAN_POINT('',(0.173800203284,0.531606736027));
#4058 = CARTESIAN_POINT('',(0.172334473682,0.547539614029));
#4059 = CARTESIAN_POINT('',(0.171027266209,0.563856460696));
#4060 = CARTESIAN_POINT('',(0.16988060001,0.580516629074));
#4061 = CARTESIAN_POINT('',(0.168896605592,0.597477861411));
#4062 = CARTESIAN_POINT('',(0.168077570457,0.614696462634));
#4063 = CARTESIAN_POINT('',(0.167643319856,0.626316491986));
#4064 = CARTESIAN_POINT('',(0.167454568114,0.632154199022));
#4065 = ( GEOMETRIC_REPRESENTATION_CONTEXT(2) 
PARAMETRIC_REPRESENTATION_CONTEXT() REPRESENTATION_CONTEXT('2D SPACE',''
  ) );
#4066 = ORIENTED_EDGE('',*,*,#4067,.T.);
#4067 = EDGE_CURVE('',#3748,#651,#4068,.T.);
#4068 = SEAM_CURVE('',#4069,(#4073,#4080),.PCURVE_S1.);
#4069 = LINE('',#4070,#4071);
#4070 = CARTESIAN_POINT('',(0.85,-1.1,2.25));
#4071 = VECTOR('',#4072,1.);
#4072 = DIRECTION('',(-0.,1.,-0.));
#4073 = PCURVE('',#853,#4074);
#4074 = DEFINITIONAL_REPRESENTATION('',(#4075),#4079);
#4075 = LINE('',#4076,#4077);
#4076 = CARTESIAN_POINT('',(0.,0.));
#4077 = VECTOR('',#4078,1.);
#4078 = DIRECTION('',(0.,-1.));
#4079 = ( GEOMETRIC_REPRESENTATION_CONTEXT(2) 
PARAMETRIC_REPRESENTATION_CONTEXT() REPRESENTATION_CONTEXT('2D SPACE',''
  ) );
#4080 = PCURVE('',#853,#4081);
#4081 = DEFINITIONAL_REPRESENTATION('',(#4082),#4086);
#4082 = LINE('',#4083,#4084);
#4083 = CARTESIAN_POINT('',(6.28318530718,0.));
#4084 = VECTOR('',#4085,1.);
#4085 = DIRECTION('',(0.,-1.));
#4086 = ( GEOMETRIC_REPRESENTATION_CONTEXT(2) 
PARAMETRIC_REPRESENTATION_CONTEXT() REPRESENTATION_CONTEXT('2D SPACE',''
  ) );
#4087 = ORIENTED_EDGE('',*,*,#650,.T.);
#4088 = ORIENTED_EDGE('',*,*,#4067,.F.);
#4089 = ADVANCED_FACE('',(#4090),#1180,.F.);
#4090 = FACE_BOUND('',#4091,.T.);
#4091 = EDGE_LOOP('',(#4092,#4132,#4153,#4154,#4155,#4351));
#4092 = ORIENTED_EDGE('',*,*,#4093,.T.);
#4093 = EDGE_CURVE('',#4094,#4096,#4098,.T.);
#4094 = VERTEX_POINT('',#4095);
#4095 = CARTESIAN_POINT('',(0.829981584096,-1.1,2.416207837633));
#4096 = VERTEX_POINT('',#4097);
#4097 = CARTESIAN_POINT('',(0.85,-1.13599242027,2.25));
#4098 = SURFACE_CURVE('',#4099,(#4108,#4120),.PCURVE_S1.);
#4099 = B_SPLINE_CURVE_WITH_KNOTS('',4,(#4100,#4101,#4102,#4103,#4104,
    #4105,#4106,#4107),.UNSPECIFIED.,.F.,.F.,(5,3,5),(0.,0.606061771196,
    1.),.UNSPECIFIED.);
#4100 = CARTESIAN_POINT('',(0.829980886545,-1.0999994,2.416210691394));
#4101 = CARTESIAN_POINT('',(0.836025479927,-1.105198621185,
    2.391481788985));
#4102 = CARTESIAN_POINT('',(0.840866001299,-1.110522606357,
    2.366480188781));
#4103 = CARTESIAN_POINT('',(0.844487485931,-1.115949386134,
    2.341286307769));
#4104 = CARTESIAN_POINT('',(0.848440651816,-1.125044769626,
    2.299533955771));
#4105 = CARTESIAN_POINT('',(0.849480137934,-1.128663936852,2.28303937539
    ));
#4106 = CARTESIAN_POINT('',(0.85,-1.132314516777,2.266520497641));
#4107 = CARTESIAN_POINT('',(0.85,-1.13599242027,2.25));
#4108 = PCURVE('',#1180,#4109);
#4109 = DEFINITIONAL_REPRESENTATION('',(#4110),#4119);
#4110 = B_SPLINE_CURVE_WITH_KNOTS('',4,(#4111,#4112,#4113,#4114,#4115,
    #4116,#4117,#4118),.UNSPECIFIED.,.F.,.F.,(5,3,5),(0.,0.606061771196,
    1.),.UNSPECIFIED.);
#4111 = CARTESIAN_POINT('',(-0.239733591033,6.000000000034E-07));
#4112 = CARTESIAN_POINT('',(-0.203366535873,-5.198621185426E-03));
#4113 = CARTESIAN_POINT('',(-0.167029487247,-1.052260635711E-02));
#4114 = CARTESIAN_POINT('',(-0.13071082286,-1.59493861336E-02));
#4115 = CARTESIAN_POINT('',(-7.07978516595E-02,-2.50447696257E-02));
#4116 = CARTESIAN_POINT('',(-4.719910668941E-02,-2.866393685187E-02));
#4117 = CARTESIAN_POINT('',(-2.360071091601E-02,-3.23145167765E-02));
#4118 = CARTESIAN_POINT('',(0.,-3.599242026957E-02));
#4119 = ( GEOMETRIC_REPRESENTATION_CONTEXT(2) 
PARAMETRIC_REPRESENTATION_CONTEXT() REPRESENTATION_CONTEXT('2D SPACE',''
  ) );
#4120 = PCURVE('',#2039,#4121);
#4121 = DEFINITIONAL_REPRESENTATION('',(#4122),#4131);
#4122 = B_SPLINE_CURVE_WITH_KNOTS('',4,(#4123,#4124,#4125,#4126,#4127,
    #4128,#4129,#4130),.UNSPECIFIED.,.F.,.F.,(5,3,5),(0.,0.606061771196,
    1.),.UNSPECIFIED.);
#4123 = CARTESIAN_POINT('',(0.833355953389,0.70811344231));
#4124 = CARTESIAN_POINT('',(0.833486857656,0.696572334037));
#4125 = CARTESIAN_POINT('',(0.833511173597,0.685001661541));
#4126 = CARTESIAN_POINT('',(0.833433114128,0.673441515717));
#4127 = CARTESIAN_POINT('',(0.833140315466,0.654445127845));
#4128 = CARTESIAN_POINT('',(0.832982979115,0.646981654384));
#4129 = CARTESIAN_POINT('',(0.832784471266,0.639548178221));
#4130 = CARTESIAN_POINT('',(0.832545431886,0.632154199022));
#4131 = ( GEOMETRIC_REPRESENTATION_CONTEXT(2) 
PARAMETRIC_REPRESENTATION_CONTEXT() REPRESENTATION_CONTEXT('2D SPACE',''
  ) );
#4132 = ORIENTED_EDGE('',*,*,#4133,.T.);
#4133 = EDGE_CURVE('',#4096,#978,#4134,.T.);
#4134 = SEAM_CURVE('',#4135,(#4139,#4146),.PCURVE_S1.);
#4135 = LINE('',#4136,#4137);
#4136 = CARTESIAN_POINT('',(0.85,-1.1,2.25));
#4137 = VECTOR('',#4138,1.);
#4138 = DIRECTION('',(0.,-1.,0.));
#4139 = PCURVE('',#1180,#4140);
#4140 = DEFINITIONAL_REPRESENTATION('',(#4141),#4145);
#4141 = LINE('',#4142,#4143);
#4142 = CARTESIAN_POINT('',(-0.,0.));
#4143 = VECTOR('',#4144,1.);
#4144 = DIRECTION('',(-0.,-1.));
#4145 = ( GEOMETRIC_REPRESENTATION_CONTEXT(2) 
PARAMETRIC_REPRESENTATION_CONTEXT() REPRESENTATION_CONTEXT('2D SPACE',''
  ) );
#4146 = PCURVE('',#1180,#4147);
#4147 = DEFINITIONAL_REPRESENTATION('',(#4148),#4152);
#4148 = LINE('',#4149,#4150);
#4149 = CARTESIAN_POINT('',(-6.28318530718,0.));
#4150 = VECTOR('',#4151,1.);
#4151 = DIRECTION('',(-0.,-1.));
#4152 = ( GEOMETRIC_REPRESENTATION_CONTEXT(2) 
PARAMETRIC_REPRESENTATION_CONTEXT() REPRESENTATION_CONTEXT('2D SPACE',''
  ) );
#4153 = ORIENTED_EDGE('',*,*,#977,.F.);
#4154 = ORIENTED_EDGE('',*,*,#4133,.F.);
#4155 = ORIENTED_EDGE('',*,*,#4156,.T.);
#4156 = EDGE_CURVE('',#4096,#4157,#4159,.T.);
#4157 = VERTEX_POINT('',#4158);
#4158 = CARTESIAN_POINT('',(-0.254156213225,-1.1,2.821539810785));
#4159 = SURFACE_CURVE('',#4160,(#4205,#4278),.PCURVE_S1.);
#4160 = B_SPLINE_CURVE_WITH_KNOTS('',7,(#4161,#4162,#4163,#4164,#4165,
    #4166,#4167,#4168,#4169,#4170,#4171,#4172,#4173,#4174,#4175,#4176,
    #4177,#4178,#4179,#4180,#4181,#4182,#4183,#4184,#4185,#4186,#4187,
    #4188,#4189,#4190,#4191,#4192,#4193,#4194,#4195,#4196,#4197,#4198,
    #4199,#4200,#4201,#4202,#4203,#4204),.UNSPECIFIED.,.F.,.F.,(8,6,6,6,
    6,6,6,8),(0.,0.49096452962,1.,1.337464765198,1.50363275487,
    1.825788988299,2.090736398069,2.211000156886),.UNSPECIFIED.);
#4161 = CARTESIAN_POINT('',(0.85,-1.13599242027,2.25));
#4162 = CARTESIAN_POINT('',(0.85,-1.155841527493,2.160841290512));
#4163 = CARTESIAN_POINT('',(0.83675117624,-1.176391977976,2.071620408146
    ));
#4164 = CARTESIAN_POINT('',(0.810220435944,-1.197240690716,
    1.984541123611));
#4165 = CARTESIAN_POINT('',(0.770759523552,-1.218119265165,
    1.901865764596));
#4166 = CARTESIAN_POINT('',(0.719173843567,-1.238681942983,
    1.825813332858));
#4167 = CARTESIAN_POINT('',(0.65671366086,-1.25831193432,1.758489143393)
  );
#4168 = CARTESIAN_POINT('',(0.511003888663,-1.295039121249,
    1.642840043687));
#4169 = CARTESIAN_POINT('',(0.426952514507,-1.312046279954,
    1.595208897348));
#4170 = CARTESIAN_POINT('',(0.335140344677,-1.326567918318,
    1.561045533015));
#4171 = CARTESIAN_POINT('',(0.238289587288,-1.337786507585,
    1.541939198875));
#4172 = CARTESIAN_POINT('',(0.139477338504,-1.345096941348,1.53878996131
    ));
#4173 = CARTESIAN_POINT('',(4.212697894831E-02,-1.348447272562,
    1.551644692433));
#4174 = CARTESIAN_POINT('',(-0.11182913239,-1.347930955615,
    1.597658821098));
#4175 = CARTESIAN_POINT('',(-0.171167711026,-1.346116467065,
    1.622532053694));
#4176 = CARTESIAN_POINT('',(-0.227554223798,-1.342774690846,
    1.653627529363));
#4177 = CARTESIAN_POINT('',(-0.280185450943,-1.338054506762,
    1.690468715993));
#4178 = CARTESIAN_POINT('',(-0.328378428808,-1.332120529702,
    1.732461829597));
#4179 = CARTESIAN_POINT('',(-0.371576518243,-1.325122118709,
    1.778931287256));
#4180 = CARTESIAN_POINT('',(-0.42795380741,-1.313274028502,
    1.853860410578));
#4181 = CARTESIAN_POINT('',(-0.445242344109,-1.309136423032,
    1.879491411238));
#4182 = CARTESIAN_POINT('',(-0.461168238222,-1.30478500733,1.90594532231
    ));
#4183 = CARTESIAN_POINT('',(-0.475689171846,-1.300232603402,
    1.933133865611));
#4184 = CARTESIAN_POINT('',(-0.488770275255,-1.295490471049,
    1.960967257314));
#4185 = CARTESIAN_POINT('',(-0.500383769163,-1.290568574182,
    1.98935491571));
#4186 = CARTESIAN_POINT('',(-0.530138017084,-1.275602382484,
    2.074141196511));
#4187 = CARTESIAN_POINT('',(-0.544171904152,-1.26508678371,
    2.131818352863));
#4188 = CARTESIAN_POINT('',(-0.552457434213,-1.253995795555,
    2.190577788625));
#4189 = CARTESIAN_POINT('',(-0.554937808094,-1.24238034655,
    2.249761148663));
#4190 = CARTESIAN_POINT('',(-0.551638436469,-1.230300894868,
    2.308727134629));
#4191 = CARTESIAN_POINT('',(-0.542654555157,-1.217844191208,
    2.366859537228));
#4192 = CARTESIAN_POINT('',(-0.516203465439,-1.194676265782,
    2.470205640553));
#4193 = CARTESIAN_POINT('',(-0.500526282731,-1.184048001828,
    2.515879429779));
#4194 = CARTESIAN_POINT('',(-0.481194009445,-1.173312750442,
    2.560263201793));
#4195 = CARTESIAN_POINT('',(-0.458319001365,-1.162552185847,
    2.603038886947));
#4196 = CARTESIAN_POINT('',(-0.432039828537,-1.151862690704,
    2.643895387649));
#4197 = CARTESIAN_POINT('',(-0.402523853067,-1.141347226567,
    2.682528934765));
#4198 = CARTESIAN_POINT('',(-0.355198022948,-1.12644856151,
    2.735038154684));
#4199 = CARTESIAN_POINT('',(-0.339797923779,-1.121852442451,
    2.750912633372));
#4200 = CARTESIAN_POINT('',(-0.323791984626,-1.117320739401,
    2.766240091403));
#4201 = CARTESIAN_POINT('',(-0.307201116266,-1.112861995433,
    2.780993099682));
#4202 = CARTESIAN_POINT('',(-0.290048107444,-1.108484157038,
    2.795144807495));
#4203 = CARTESIAN_POINT('',(-0.272357624871,-1.104194574121,
    2.808668942513));
#4204 = CARTESIAN_POINT('',(-0.254156213225,-1.1,2.821539810785));
#4205 = PCURVE('',#1180,#4206);
#4206 = DEFINITIONAL_REPRESENTATION('',(#4207),#4277);
#4207 = B_SPLINE_CURVE_WITH_KNOTS('',3,(#4208,#4209,#4210,#4211,#4212,
    #4213,#4214,#4215,#4216,#4217,#4218,#4219,#4220,#4221,#4222,#4223,
    #4224,#4225,#4226,#4227,#4228,#4229,#4230,#4231,#4232,#4233,#4234,
    #4235,#4236,#4237,#4238,#4239,#4240,#4241,#4242,#4243,#4244,#4245,
    #4246,#4247,#4248,#4249,#4250,#4251,#4252,#4253,#4254,#4255,#4256,
    #4257,#4258,#4259,#4260,#4261,#4262,#4263,#4264,#4265,#4266,#4267,
    #4268,#4269,#4270,#4271,#4272,#4273,#4274,#4275,#4276),
  .UNSPECIFIED.,.F.,.F.,(4,1,1,1,1,1,1,1,1,1,1,1,1,1,1,1,1,1,1,1,1,1,1,1
    ,1,1,1,1,1,1,1,1,1,1,1,1,1,1,1,1,1,1,1,1,1,1,1,1,1,1,1,1,1,1,1,1,1,1
    ,1,1,1,1,1,1,1,1,4),(0.,3.350000237707E-02,6.700000475414E-02,
    0.100500007131,0.134000009508,0.167500011885,0.201000014262,
    0.234500016639,0.268000019017,0.301500021394,0.335000023771,
    0.368500026148,0.402000028525,0.435500030902,0.469000033279,
    0.502500035656,0.536000038033,0.56950004041,0.603000042787,
    0.636500045164,0.670000047541,0.703500049918,0.737000052295,
    0.770500054673,0.80400005705,0.837500059427,0.871000061804,
    0.904500064181,0.938000066558,0.971500068935,1.005000071312,
    1.038500073689,1.072000076066,1.105500078443,1.13900008082,
    1.172500083197,1.206000085574,1.239500087952,1.273000090329,
    1.306500092706,1.340000095083,1.37350009746,1.407000099837,
    1.440500102214,1.474000104591,1.507500106968,1.541000109345,
    1.574500111722,1.608000114099,1.641500116476,1.675000118853,
    1.70850012123,1.742000123608,1.775500125985,1.809000128362,
    1.842500130739,1.876000133116,1.909500135493,1.94300013787,
    1.976500140247,2.010000142624,2.043500145001,2.077000147378,
    2.110500149755,2.144000152132,2.177500154509,2.211000156886),
  .QUASI_UNIFORM_KNOTS.);
#4208 = CARTESIAN_POINT('',(-6.28318530718,-3.599242026957E-02));
#4209 = CARTESIAN_POINT('',(-6.262906814507,-3.915273156381E-02));
#4210 = CARTESIAN_POINT('',(-6.222343756153,-4.551856691694E-02));
#4211 = CARTESIAN_POINT('',(-6.161467328867,-5.517887525334E-02));
#4212 = CARTESIAN_POINT('',(-6.100545134508,-6.49262363876E-02));
#4213 = CARTESIAN_POINT('',(-6.039564318827,-7.473761613671E-02));
#4214 = CARTESIAN_POINT('',(-5.978512581447,-8.459001585411E-02));
#4215 = CARTESIAN_POINT('',(-5.917378225419,-9.445999004514E-02));
#4216 = CARTESIAN_POINT('',(-5.856150102849,-0.104322987404));
#4217 = CARTESIAN_POINT('',(-5.794817627436,-0.114152834951));
#4218 = CARTESIAN_POINT('',(-5.733370811465,-0.123921296326));
#4219 = CARTESIAN_POINT('',(-5.671800318122,-0.133597743115));
#4220 = CARTESIAN_POINT('',(-5.610097625556,-0.143148935444));
#4221 = CARTESIAN_POINT('',(-5.548254969118,-0.152538970807));
#4222 = CARTESIAN_POINT('',(-5.486266366354,-0.161729251823));
#4223 = CARTESIAN_POINT('',(-5.424124926828,-0.170679093929));
#4224 = CARTESIAN_POINT('',(-5.361834435202,-0.179344721119));
#4225 = CARTESIAN_POINT('',(-5.2993545703,-0.187686912562));
#4226 = CARTESIAN_POINT('',(-5.236701954616,-0.195657769569));
#4227 = CARTESIAN_POINT('',(-5.173890570497,-0.203210256967));
#4228 = CARTESIAN_POINT('',(-5.110933035667,-0.210298753477));
#4229 = CARTESIAN_POINT('',(-5.047840946076,-0.216879889989));
#4230 = CARTESIAN_POINT('',(-4.984625451643,-0.222913297123));
#4231 = CARTESIAN_POINT('',(-4.921297769739,-0.228362341297));
#4232 = CARTESIAN_POINT('',(-4.857869725467,-0.233194805839));
#4233 = CARTESIAN_POINT('',(-4.794354311896,-0.237383506565));
#4234 = CARTESIAN_POINT('',(-4.730766252158,-0.240906822393));
#4235 = CARTESIAN_POINT('',(-4.66712268541,-0.243749124062));
#4236 = CARTESIAN_POINT('',(-4.603443558887,-0.245901082957));
#4237 = CARTESIAN_POINT('',(-4.539753346108,-0.247359843737));
#4238 = CARTESIAN_POINT('',(-4.476078127515,-0.248129038749));
#4239 = CARTESIAN_POINT('',(-4.412460401672,-0.248218643453));
#4240 = CARTESIAN_POINT('',(-4.348905791464,-0.247644596473));
#4241 = CARTESIAN_POINT('',(-4.285423789321,-0.246426930374));
#4242 = CARTESIAN_POINT('',(-4.222035952939,-0.244589865811));
#4243 = CARTESIAN_POINT('',(-4.158755985221,-0.242160642719));
#4244 = CARTESIAN_POINT('',(-4.095596015163,-0.239168548225));
#4245 = CARTESIAN_POINT('',(-4.032565706162,-0.2356440204));
#4246 = CARTESIAN_POINT('',(-3.969673095605,-0.231617853456));
#4247 = CARTESIAN_POINT('',(-3.906925130107,-0.227120522895));
#4248 = CARTESIAN_POINT('',(-3.844327348809,-0.222181530972));
#4249 = CARTESIAN_POINT('',(-3.781887148487,-0.216829152474));
#4250 = CARTESIAN_POINT('',(-3.719603485762,-0.211089148084));
#4251 = CARTESIAN_POINT('',(-3.657471557512,-0.204984970433));
#4252 = CARTESIAN_POINT('',(-3.595489966355,-0.198538185751));
#4253 = CARTESIAN_POINT('',(-3.533654503214,-0.191768178321));
#4254 = CARTESIAN_POINT('',(-3.471960015122,-0.184692506477));
#4255 = CARTESIAN_POINT('',(-3.410400349876,-0.177327115086));
#4256 = CARTESIAN_POINT('',(-3.348967545337,-0.169686949359));
#4257 = CARTESIAN_POINT('',(-3.287652079102,-0.161786199411));
#4258 = CARTESIAN_POINT('',(-3.22644313441,-0.153639031492));
#4259 = CARTESIAN_POINT('',(-3.165328607076,-0.145260209927));
#4260 = CARTESIAN_POINT('',(-3.104295148091,-0.13666567946));
#4261 = CARTESIAN_POINT('',(-3.043328170498,-0.127873087107));
#4262 = CARTESIAN_POINT('',(-2.982411856136,-0.118902257384));
#4263 = CARTESIAN_POINT('',(-2.921529123142,-0.109775586397));
#4264 = CARTESIAN_POINT('',(-2.860661691848,-0.100518478907));
#4265 = CARTESIAN_POINT('',(-2.799790169376,-9.115934445248E-02));
#4266 = CARTESIAN_POINT('',(-2.73889296216,-8.172946407641E-02));
#4267 = CARTESIAN_POINT('',(-2.677948865695,-7.226327095179E-02));
#4268 = CARTESIAN_POINT('',(-2.61693673488,-6.279787774422E-02));
#4269 = CARTESIAN_POINT('',(-2.555835742856,-5.337258799151E-02));
#4270 = CARTESIAN_POINT('',(-2.494625476417,-4.4028206662E-02));
#4271 = CARTESIAN_POINT('',(-2.433286344884,-3.480627446087E-02));
#4272 = CARTESIAN_POINT('',(-2.371799265828,-2.574791244496E-02));
#4273 = CARTESIAN_POINT('',(-2.31015107881,-1.689374724694E-02));
#4274 = CARTESIAN_POINT('',(-2.248329448897,-8.282329679197E-03));
#4275 = CARTESIAN_POINT('',(-2.206994445086,-2.726055348177E-03));
#4276 = CARTESIAN_POINT('',(-2.186295324965,-2.22044604925E-16));
#4277 = ( GEOMETRIC_REPRESENTATION_CONTEXT(2) 
PARAMETRIC_REPRESENTATION_CONTEXT() REPRESENTATION_CONTEXT('2D SPACE',''
  ) );
#4278 = PCURVE('',#2039,#4279);
#4279 = DEFINITIONAL_REPRESENTATION('',(#4280),#4350);
#4280 = B_SPLINE_CURVE_WITH_KNOTS('',3,(#4281,#4282,#4283,#4284,#4285,
    #4286,#4287,#4288,#4289,#4290,#4291,#4292,#4293,#4294,#4295,#4296,
    #4297,#4298,#4299,#4300,#4301,#4302,#4303,#4304,#4305,#4306,#4307,
    #4308,#4309,#4310,#4311,#4312,#4313,#4314,#4315,#4316,#4317,#4318,
    #4319,#4320,#4321,#4322,#4323,#4324,#4325,#4326,#4327,#4328,#4329,
    #4330,#4331,#4332,#4333,#4334,#4335,#4336,#4337,#4338,#4339,#4340,
    #4341,#4342,#4343,#4344,#4345,#4346,#4347,#4348,#4349),
  .UNSPECIFIED.,.F.,.F.,(4,1,1,1,1,1,1,1,1,1,1,1,1,1,1,1,1,1,1,1,1,1,1,1
    ,1,1,1,1,1,1,1,1,1,1,1,1,1,1,1,1,1,1,1,1,1,1,1,1,1,1,1,1,1,1,1,1,1,1
    ,1,1,1,1,1,1,1,1,4),(0.,3.350000237707E-02,6.700000475414E-02,
    0.100500007131,0.134000009508,0.167500011885,0.201000014262,
    0.234500016639,0.268000019017,0.301500021394,0.335000023771,
    0.368500026148,0.402000028525,0.435500030902,0.469000033279,
    0.502500035656,0.536000038033,0.56950004041,0.603000042787,
    0.636500045164,0.670000047541,0.703500049918,0.737000052295,
    0.770500054673,0.80400005705,0.837500059427,0.871000061804,
    0.904500064181,0.938000066558,0.971500068935,1.005000071312,
    1.038500073689,1.072000076066,1.105500078443,1.13900008082,
    1.172500083197,1.206000085574,1.239500087952,1.273000090329,
    1.306500092706,1.340000095083,1.37350009746,1.407000099837,
    1.440500102214,1.474000104591,1.507500106968,1.541000109345,
    1.574500111722,1.608000114099,1.641500116476,1.675000118853,
    1.70850012123,1.742000123608,1.775500125985,1.809000128362,
    1.842500130739,1.876000133116,1.909500135493,1.94300013787,
    1.976500140247,2.010000142624,2.043500145001,2.077000147378,
    2.110500149755,2.144000152132,2.177500154509,2.211000156886),
  .QUASI_UNIFORM_KNOTS.);
#4281 = CARTESIAN_POINT('',(0.832545431886,0.632154199022));
#4282 = CARTESIAN_POINT('',(0.832340000678,0.625800840036));
#4283 = CARTESIAN_POINT('',(0.831861945654,0.613159844938));
#4284 = CARTESIAN_POINT('',(0.830946560508,0.594453596845));
#4285 = CARTESIAN_POINT('',(0.829836305632,0.576061561647));
#4286 = CARTESIAN_POINT('',(0.828534062061,0.55803958422));
#4287 = CARTESIAN_POINT('',(0.827042522563,0.540441505181));
#4288 = CARTESIAN_POINT('',(0.825364268413,0.523318926509));
#4289 = CARTESIAN_POINT('',(0.823501921825,0.506721357317));
#4290 = CARTESIAN_POINT('',(0.821458275179,0.490696268811));
#4291 = CARTESIAN_POINT('',(0.819236422395,0.475289178922));
#4292 = CARTESIAN_POINT('',(0.816839883105,0.460543724277));
#4293 = CARTESIAN_POINT('',(0.814272725551,0.446501738146));
#4294 = CARTESIAN_POINT('',(0.81153966815,0.433203274901));
#4295 = CARTESIAN_POINT('',(0.808646228872,0.420686777102));
#4296 = CARTESIAN_POINT('',(0.805598661349,0.408988641584));
#4297 = CARTESIAN_POINT('',(0.802404649177,0.398144948523));
#4298 = CARTESIAN_POINT('',(0.7990704231,0.388182754103));
#4299 = CARTESIAN_POINT('',(0.795606043165,0.379137280077));
#4300 = CARTESIAN_POINT('',(0.792022564379,0.371039909726));
#4301 = CARTESIAN_POINT('',(0.788331989503,0.363918810588));
#4302 = CARTESIAN_POINT('',(0.784547232435,0.357798919176));
#4303 = CARTESIAN_POINT('',(0.780682064318,0.352702039156));
#4304 = CARTESIAN_POINT('',(0.776751048717,0.348646850218));
#4305 = CARTESIAN_POINT('',(0.772769463393,0.345648880557));
#4306 = CARTESIAN_POINT('',(0.768753209682,0.34372042606));
#4307 = CARTESIAN_POINT('',(0.764718707903,0.342870420325));
#4308 = CARTESIAN_POINT('',(0.760682786566,0.343104242045));
#4309 = CARTESIAN_POINT('',(0.756662540673,0.344423491585));
#4310 = CARTESIAN_POINT('',(0.752675256957,0.346825600435));
#4311 = CARTESIAN_POINT('',(0.748738047694,0.350303759813));
#4312 = CARTESIAN_POINT('',(0.744868537875,0.354845328028));
#4313 = CARTESIAN_POINT('',(0.741081443936,0.360435757878));
#4314 = CARTESIAN_POINT('',(0.737391030936,0.367057389557));
#4315 = CARTESIAN_POINT('',(0.733811420587,0.374687775964));
#4316 = CARTESIAN_POINT('',(0.7303553206,0.383301679543));
#4317 = CARTESIAN_POINT('',(0.72703435166,0.392870809163));
#4318 = CARTESIAN_POINT('',(0.723858966825,0.403364100906));
#4319 = CARTESIAN_POINT('',(0.720838497793,0.414747811678));
#4320 = CARTESIAN_POINT('',(0.717981196157,0.426985553471));
#4321 = CARTESIAN_POINT('',(0.715294259481,0.440038493941));
#4322 = CARTESIAN_POINT('',(0.712784008246,0.453864699545));
#4323 = CARTESIAN_POINT('',(0.710455545356,0.468421533059));
#4324 = CARTESIAN_POINT('',(0.708313123104,0.483665065071));
#4325 = CARTESIAN_POINT('',(0.706360492144,0.499548352631));
#4326 = CARTESIAN_POINT('',(0.704600780157,0.516022910286));
#4327 = CARTESIAN_POINT('',(0.703036692676,0.533038334669));
#4328 = CARTESIAN_POINT('',(0.701670632516,0.550542329168));
#4329 = CARTESIAN_POINT('',(0.700504821943,0.568480946338));
#4330 = CARTESIAN_POINT('',(0.699541444203,0.586798556001));
#4331 = CARTESIAN_POINT('',(0.698782786248,0.60543776804));
#4332 = CARTESIAN_POINT('',(0.698231368095,0.624339420455));
#4333 = CARTESIAN_POINT('',(0.697890062754,0.643442553924));
#4334 = CARTESIAN_POINT('',(0.697762202939,0.662684398628));
#4335 = CARTESIAN_POINT('',(0.697851672853,0.682000363929));
#4336 = CARTESIAN_POINT('',(0.698162981202,0.701324046249));
#4337 = CARTESIAN_POINT('',(0.69870131543,0.720587193586));
#4338 = CARTESIAN_POINT('',(0.699472551913,0.739719711059));
#4339 = CARTESIAN_POINT('',(0.70048326126,0.758650021356));
#4340 = CARTESIAN_POINT('',(0.701740610448,0.777304288902));
#4341 = CARTESIAN_POINT('',(0.703252225643,0.795606631311));
#4342 = CARTESIAN_POINT('',(0.705025986797,0.813479190486));
#4343 = CARTESIAN_POINT('',(0.707069753774,0.83084231808));
#4344 = CARTESIAN_POINT('',(0.709390993928,0.847614740894));
#4345 = CARTESIAN_POINT('',(0.711996384007,0.863714035609));
#4346 = CARTESIAN_POINT('',(0.714890950742,0.87905569004));
#4347 = CARTESIAN_POINT('',(0.718078010806,0.893555076876));
#4348 = CARTESIAN_POINT('',(0.720397189612,0.902603769857));
#4349 = CARTESIAN_POINT('',(0.7216054615,0.906959685753));
#4350 = ( GEOMETRIC_REPRESENTATION_CONTEXT(2) 
PARAMETRIC_REPRESENTATION_CONTEXT() REPRESENTATION_CONTEXT('2D SPACE',''
  ) );
#4351 = ORIENTED_EDGE('',*,*,#4352,.T.);
#4352 = EDGE_CURVE('',#4157,#4094,#4353,.T.);
#4353 = SURFACE_CURVE('',#4354,(#4387,#4423),.PCURVE_S1.);
#4354 = B_SPLINE_CURVE_WITH_KNOTS('',6,(#4355,#4356,#4357,#4358,#4359,
    #4360,#4361,#4362,#4363,#4364,#4365,#4366,#4367,#4368,#4369,#4370,
    #4371,#4372,#4373,#4374,#4375,#4376,#4377,#4378,#4379,#4380,#4381,
    #4382,#4383,#4384,#4385,#4386),.UNSPECIFIED.,.F.,.F.,(7,5,5,5,5,5,7)
  ,(0.,0.1297837354,0.213252680735,0.418931544815,0.637500081973,
    0.734027202759,1.),.UNSPECIFIED.);
#4355 = CARTESIAN_POINT('',(-0.254158816782,-1.1000006,2.821537969707));
#4356 = CARTESIAN_POINT('',(-0.230280866416,-1.094497815,2.838423084396)
  );
#4357 = CARTESIAN_POINT('',(-0.205498486755,-1.089163010545,
    2.854152046089));
#4358 = CARTESIAN_POINT('',(-0.179878446876,-1.084012847068,
    2.868661323911));
#4359 = CARTESIAN_POINT('',(-0.153495113585,-1.079060417126,
    2.881891040381));
#4360 = CARTESIAN_POINT('',(-0.126430575163,-1.074316368711,
    2.893786881512));
#4361 = CARTESIAN_POINT('',(-8.098824285358E-02,-1.066878963962,
    2.911064691188));
#4362 = CARTESIAN_POINT('',(-6.29570410514E-02,-1.064058005356,
    2.917256346358));
#4363 = CARTESIAN_POINT('',(-4.470508460842E-02,-1.06132951652,
    2.922864426167));
#4364 = CARTESIAN_POINT('',(-2.625730615861E-02,-1.058695964088,
    2.927877933408));
#4365 = CARTESIAN_POINT('',(-7.639646061555E-03,-1.05615991755,
    2.932287419917));
#4366 = CARTESIAN_POINT('',(5.73496087816E-02,-1.047721737604,
    2.945442708701));
#4367 = CARTESIAN_POINT('',(0.104449942868,-1.042327553061,
    2.951085842479));
#4368 = CARTESIAN_POINT('',(0.152013416458,-1.037585116887,
    2.952895313763));
#4369 = CARTESIAN_POINT('',(0.199612299182,-1.033548101152,
    2.950822502729));
#4370 = CARTESIAN_POINT('',(0.246813486462,-1.030309683097,
    2.944889858066));
#4371 = CARTESIAN_POINT('',(0.342474104393,-1.025452137215,
    2.924898996415));
#4372 = CARTESIAN_POINT('',(0.390836775343,-1.023946893769,2.91035282893
    ));
#4373 = CARTESIAN_POINT('',(0.437760964918,-1.023540894128,
    2.891678604571));
#4374 = CARTESIAN_POINT('',(0.482774728119,-1.024329741958,
    2.869090999717));
#4375 = CARTESIAN_POINT('',(0.525463298926,-1.026332854236,
    2.842873482423));
#4376 = CARTESIAN_POINT('',(0.583145369891,-1.030899761288,
    2.800333680442));
#4377 = CARTESIAN_POINT('',(0.600294647728,-1.032526173645,2.78665934602
    ));
#4378 = CARTESIAN_POINT('',(0.616893337813,-1.034375551766,
    2.772371140075));
#4379 = CARTESIAN_POINT('',(0.632914784441,-1.036441551495,
    2.757498709953));
#4380 = CARTESIAN_POINT('',(0.648335084931,-1.038715894413,2.74207262718
    ));
#4381 = CARTESIAN_POINT('',(0.703907813545,-1.048001071549,
    2.682180282483));
#4382 = CARTESIAN_POINT('',(0.739953451442,-1.056318123698,
    2.634275445438));
#4383 = CARTESIAN_POINT('',(0.770835027753,-1.065935109484,
    2.583056967119));
#4384 = CARTESIAN_POINT('',(0.796256159206,-1.07656880196,2.529194991174
    ));
#4385 = CARTESIAN_POINT('',(0.816013035011,-1.087984571031,
    2.473356339805));
#4386 = CARTESIAN_POINT('',(0.829982281633,-1.1000006,2.416204983876));
#4387 = PCURVE('',#1180,#4388);
#4388 = DEFINITIONAL_REPRESENTATION('',(#4389),#4422);
#4389 = B_SPLINE_CURVE_WITH_KNOTS('',6,(#4390,#4391,#4392,#4393,#4394,
    #4395,#4396,#4397,#4398,#4399,#4400,#4401,#4402,#4403,#4404,#4405,
    #4406,#4407,#4408,#4409,#4410,#4411,#4412,#4413,#4414,#4415,#4416,
    #4417,#4418,#4419,#4420,#4421),.UNSPECIFIED.,.F.,.F.,(7,5,5,5,5,5,7)
  ,(0.,0.1297837354,0.213252680735,0.418931544815,0.637500081973,
    0.734027202759,1.),.UNSPECIFIED.);
#4390 = CARTESIAN_POINT('',(-2.18629988031,-6.000000000034E-07));
#4391 = CARTESIAN_POINT('',(-2.144521465522,5.502184999799E-03));
#4392 = CARTESIAN_POINT('',(-2.102641707626,1.0836989455E-02));
#4393 = CARTESIAN_POINT('',(-2.06065974514,1.598715293179E-02));
#4394 = CARTESIAN_POINT('',(-2.018577040127,2.093958287408E-02));
#4395 = CARTESIAN_POINT('',(-1.976397949574,2.56836312894E-02));
#4396 = CARTESIAN_POINT('',(-1.906946332692,3.312103603773E-02));
#4397 = CARTESIAN_POINT('',(-1.879725613744,3.594199464393E-02));
#4398 = CARTESIAN_POINT('',(-1.852470134432,3.867048347962E-02));
#4399 = CARTESIAN_POINT('',(-1.825182226945,4.13040359121E-02));
#4400 = CARTESIAN_POINT('',(-1.797864561153,4.384008244971E-02));
#4401 = CARTESIAN_POINT('',(-1.70313977324,5.227826239628E-02));
#4402 = CARTESIAN_POINT('',(-1.635591748833,5.767244693905E-02));
#4403 = CARTESIAN_POINT('',(-1.567931009621,6.241488311326E-02));
#4404 = CARTESIAN_POINT('',(-1.500206494622,6.645189884799E-02));
#4405 = CARTESIAN_POINT('',(-1.432468429123,6.96903169031E-02));
#4406 = CARTESIAN_POINT('',(-1.292858269469,7.454786278545E-02));
#4407 = CARTESIAN_POINT('',(-1.220978955822,7.60531062309E-02));
#4408 = CARTESIAN_POINT('',(-1.149234809712,7.645910587244E-02));
#4409 = CARTESIAN_POINT('',(-1.077684106836,7.567025804228E-02));
#4410 = CARTESIAN_POINT('',(-1.006373967524,7.366714576352E-02));
#4411 = CARTESIAN_POINT('',(-0.903985590638,6.910023871248E-02));
#4412 = CARTESIAN_POINT('',(-0.872674118479,6.747382635548E-02));
#4413 = CARTESIAN_POINT('',(-0.841419481983,6.562444823418E-02));
#4414 = CARTESIAN_POINT('',(-0.810223049562,6.355844850545E-02));
#4415 = CARTESIAN_POINT('',(-0.77908513855,6.128410558739E-02));
#4416 = CARTESIAN_POINT('',(-0.662366209468,5.199892845055E-02));
#4417 = CARTESIAN_POINT('',(-0.577174941432,4.368187630218E-02));
#4418 = CARTESIAN_POINT('',(-0.492400338007,3.40648905163E-02));
#4419 = CARTESIAN_POINT('',(-0.407963157351,2.343119803991E-02));
#4420 = CARTESIAN_POINT('',(-0.323773499056,1.201542896915E-02));
#4421 = CARTESIAN_POINT('',(-0.239725197397,-6.000000000034E-07));
#4422 = ( GEOMETRIC_REPRESENTATION_CONTEXT(2) 
PARAMETRIC_REPRESENTATION_CONTEXT() REPRESENTATION_CONTEXT('2D SPACE',''
  ) );
#4423 = PCURVE('',#2039,#4424);
#4424 = DEFINITIONAL_REPRESENTATION('',(#4425),#4458);
#4425 = B_SPLINE_CURVE_WITH_KNOTS('',6,(#4426,#4427,#4428,#4429,#4430,
    #4431,#4432,#4433,#4434,#4435,#4436,#4437,#4438,#4439,#4440,#4441,
    #4442,#4443,#4444,#4445,#4446,#4447,#4448,#4449,#4450,#4451,#4452,
    #4453,#4454,#4455,#4456,#4457),.UNSPECIFIED.,.F.,.F.,(7,5,5,5,5,5,7)
  ,(0.,0.1297837354,0.213252680735,0.418931544815,0.637500081973,
    0.734027202759,1.),.UNSPECIFIED.);
#4426 = CARTESIAN_POINT('',(0.721605195649,0.906958727099));
#4427 = CARTESIAN_POINT('',(0.724043388514,0.915750848463));
#4428 = CARTESIAN_POINT('',(0.72663846095,0.923994508381));
#4429 = CARTESIAN_POINT('',(0.729387471807,0.931644424375));
#4430 = CARTESIAN_POINT('',(0.732284135706,0.938656956811));
#4431 = CARTESIAN_POINT('',(0.735318145544,0.944991933937));
#4432 = CARTESIAN_POINT('',(0.74050446553,0.954230552014));
#4433 = CARTESIAN_POINT('',(0.742585070217,0.957551998631));
#4434 = CARTESIAN_POINT('',(0.7447123096,0.96056944632));
#4435 = CARTESIAN_POINT('',(0.74688150237,0.963274652768));
#4436 = CARTESIAN_POINT('',(0.749087285362,0.965660503804));
#4437 = CARTESIAN_POINT('',(0.756834231197,0.972798390016));
#4438 = CARTESIAN_POINT('',(0.762530810807,0.975900913805));
#4439 = CARTESIAN_POINT('',(0.768323400098,0.97693922034));
#4440 = CARTESIAN_POINT('',(0.774100834533,0.975875090807));
#4441 = CARTESIAN_POINT('',(0.779750731661,0.972727941735));
#4442 = CARTESIAN_POINT('',(0.790952916905,0.962098600782));
#4443 = CARTESIAN_POINT('',(0.796478018552,0.954356034126));
#4444 = CARTESIAN_POINT('',(0.801645737961,0.94443820406));
#4445 = CARTESIAN_POINT('',(0.806374699266,0.93250793867));
#4446 = CARTESIAN_POINT('',(0.810630436452,0.918776719938));
#4447 = CARTESIAN_POINT('',(0.816071089531,0.896727018792));
#4448 = CARTESIAN_POINT('',(0.817643862779,0.889666823683));
#4449 = CARTESIAN_POINT('',(0.819122241431,0.882321486005));
#4450 = CARTESIAN_POINT('',(0.820506532463,0.874711506909));
#4451 = CARTESIAN_POINT('',(0.821797815628,0.866857591775));
#4452 = CARTESIAN_POINT('',(0.826304800138,0.83652528069));
#4453 = CARTESIAN_POINT('',(0.82891876192,0.812578197356));
#4454 = CARTESIAN_POINT('',(0.830876016659,0.787368771822));
#4455 = CARTESIAN_POINT('',(0.832238659749,0.761313415245));
#4456 = CARTESIAN_POINT('',(0.833053491906,0.734783576641));
#4457 = CARTESIAN_POINT('',(0.8333559836,0.708110778583));
#4458 = ( GEOMETRIC_REPRESENTATION_CONTEXT(2) 
PARAMETRIC_REPRESENTATION_CONTEXT() REPRESENTATION_CONTEXT('2D SPACE',''
  ) );
#4459 = ADVANCED_FACE('',(#4460),#1328,.F.);
#4460 = FACE_BOUND('',#4461,.F.);
#4461 = EDGE_LOOP('',(#4462,#4463,#4464,#4465,#4488,#4517,#4705,#4831));
#4462 = ORIENTED_EDGE('',*,*,#1304,.T.);
#4463 = ORIENTED_EDGE('',*,*,#1343,.T.);
#4464 = ORIENTED_EDGE('',*,*,#1438,.T.);
#4465 = ORIENTED_EDGE('',*,*,#4466,.F.);
#4466 = EDGE_CURVE('',#4467,#1305,#4469,.T.);
#4467 = VERTEX_POINT('',#4468);
#4468 = CARTESIAN_POINT('',(-1.507808524972,0.55,2.35));
#4469 = SEAM_CURVE('',#4470,(#4474,#4481),.PCURVE_S1.);
#4470 = LINE('',#4471,#4472);
#4471 = CARTESIAN_POINT('',(-1.507808524972,0.55,2.35));
#4472 = VECTOR('',#4473,1.);
#4473 = DIRECTION('',(-1.,0.,0.));
#4474 = PCURVE('',#1328,#4475);
#4475 = DEFINITIONAL_REPRESENTATION('',(#4476),#4480);
#4476 = LINE('',#4477,#4478);
#4477 = CARTESIAN_POINT('',(6.28318530718,4.219147502831E-02));
#4478 = VECTOR('',#4479,1.);
#4479 = DIRECTION('',(0.,-1.));
#4480 = ( GEOMETRIC_REPRESENTATION_CONTEXT(2) 
PARAMETRIC_REPRESENTATION_CONTEXT() REPRESENTATION_CONTEXT('2D SPACE',''
  ) );
#4481 = PCURVE('',#1328,#4482);
#4482 = DEFINITIONAL_REPRESENTATION('',(#4483),#4487);
#4483 = LINE('',#4484,#4485);
#4484 = CARTESIAN_POINT('',(0.,4.219147502831E-02));
#4485 = VECTOR('',#4486,1.);
#4486 = DIRECTION('',(0.,-1.));
#4487 = ( GEOMETRIC_REPRESENTATION_CONTEXT(2) 
PARAMETRIC_REPRESENTATION_CONTEXT() REPRESENTATION_CONTEXT('2D SPACE',''
  ) );
#4488 = ORIENTED_EDGE('',*,*,#4489,.F.);
#4489 = EDGE_CURVE('',#4490,#4467,#4492,.T.);
#4490 = VERTEX_POINT('',#4491);
#4491 = CARTESIAN_POINT('',(-1.55,0.53899989099,2.240550845082));
#4492 = SURFACE_CURVE('',#4493,(#4499,#4508),.PCURVE_S1.);
#4493 = B_SPLINE_CURVE_WITH_KNOTS('',4,(#4494,#4495,#4496,#4497,#4498),
  .UNSPECIFIED.,.F.,.F.,(5,5),(0.,1.),.PIECEWISE_BEZIER_KNOTS.);
#4494 = CARTESIAN_POINT('',(-1.5500006,0.538999587976,2.240549352847));
#4495 = CARTESIAN_POINT('',(-1.539153878411,0.544477486817,
    2.267525759982));
#4496 = CARTESIAN_POINT('',(-1.528453920942,0.548155376977,
    2.294868244251));
#4497 = CARTESIAN_POINT('',(-1.517984025737,0.55,2.322416035726));
#4498 = CARTESIAN_POINT('',(-1.507808524972,0.55,2.35));
#4499 = PCURVE('',#1328,#4500);
#4500 = DEFINITIONAL_REPRESENTATION('',(#4501),#4507);
#4501 = B_SPLINE_CURVE_WITH_KNOTS('',4,(#4502,#4503,#4504,#4505,#4506),
  .UNSPECIFIED.,.F.,.F.,(5,5),(0.,1.),.PIECEWISE_BEZIER_KNOTS.);
#4502 = CARTESIAN_POINT('',(6.082846700344,-6.000000000034E-07));
#4503 = CARTESIAN_POINT('',(6.132895731432,1.084612158922E-02));
#4504 = CARTESIAN_POINT('',(6.182945750077,2.154607905756E-02));
#4505 = CARTESIAN_POINT('',(6.233032644863,3.201597426283E-02));
#4506 = CARTESIAN_POINT('',(6.28318530718,4.219147502831E-02));
#4507 = ( GEOMETRIC_REPRESENTATION_CONTEXT(2) 
PARAMETRIC_REPRESENTATION_CONTEXT() REPRESENTATION_CONTEXT('2D SPACE',''
  ) );
#4508 = PCURVE('',#2039,#4509);
#4509 = DEFINITIONAL_REPRESENTATION('',(#4510),#4516);
#4510 = B_SPLINE_CURVE_WITH_KNOTS('',4,(#4511,#4512,#4513,#4514,#4515),
  .UNSPECIFIED.,.F.,.F.,(5,5),(0.,1.),.PIECEWISE_BEZIER_KNOTS.);
#4511 = CARTESIAN_POINT('',(0.431652165611,0.629785698739));
#4512 = CARTESIAN_POINT('',(0.430649553408,0.641938447884));
#4513 = CARTESIAN_POINT('',(0.429847133234,0.654364159547));
#4514 = CARTESIAN_POINT('',(0.429253765935,0.667001647627));
#4515 = CARTESIAN_POINT('',(0.428878964599,0.679778637114));
#4516 = ( GEOMETRIC_REPRESENTATION_CONTEXT(2) 
PARAMETRIC_REPRESENTATION_CONTEXT() REPRESENTATION_CONTEXT('2D SPACE',''
  ) );
#4517 = ORIENTED_EDGE('',*,*,#4518,.F.);
#4518 = EDGE_CURVE('',#4519,#4490,#4521,.T.);
#4519 = VERTEX_POINT('',#4520);
#4520 = CARTESIAN_POINT('',(-1.55,-0.53899989099,2.240550845082));
#4521 = SURFACE_CURVE('',#4522,(#4559,#4632),.PCURVE_S1.);
#4522 = B_SPLINE_CURVE_WITH_KNOTS('',6,(#4523,#4524,#4525,#4526,#4527,
    #4528,#4529,#4530,#4531,#4532,#4533,#4534,#4535,#4536,#4537,#4538,
    #4539,#4540,#4541,#4542,#4543,#4544,#4545,#4546,#4547,#4548,#4549,
    #4550,#4551,#4552,#4553,#4554,#4555,#4556,#4557,#4558),
  .UNSPECIFIED.,.F.,.F.,(7,5,5,5,5,4,5,7),(0.,0.370077607286,
    0.470789747339,0.657464895778,0.869103318045,1.,1.249037352905,
    1.310168930338),.UNSPECIFIED.);
#4523 = CARTESIAN_POINT('',(-1.5499994,-0.539000194001,2.240552337318));
#4524 = CARTESIAN_POINT('',(-1.577258313663,-0.525234037413,
    2.17275773221));
#4525 = CARTESIAN_POINT('',(-1.605344318763,-0.501239826154,
    2.107062293341));
#4526 = CARTESIAN_POINT('',(-1.633385007905,-0.467369954895,
    2.045142530677));
#4527 = CARTESIAN_POINT('',(-1.660245226615,-0.424215270628,
    1.988651192551));
#4528 = CARTESIAN_POINT('',(-1.684562864655,-0.37267975548,
    1.939286677353));
#4529 = CARTESIAN_POINT('',(-1.710678818133,-0.298293740678,
    1.88751028035));
#4530 = CARTESIAN_POINT('',(-1.715984124284,-0.281869737209,
    1.877077604376));
#4531 = CARTESIAN_POINT('',(-1.720982600575,-0.264965224538,
    1.867319765154));
#4532 = CARTESIAN_POINT('',(-1.72564959042,-0.24761448168,1.858267083817
    ));
#4533 = CARTESIAN_POINT('',(-1.729961957145,-0.229855571405,
    1.849947914557));
#4534 = CARTESIAN_POINT('',(-1.741196208098,-0.178134907491,
    1.828374665464));
#4535 = CARTESIAN_POINT('',(-1.74720465671,-0.143277558423,
    1.816967659941));
#4536 = CARTESIAN_POINT('',(-1.751789239481,-0.107432121917,
    1.808333049816));
#4537 = CARTESIAN_POINT('',(-1.754848420496,-7.091094087878E-02,
    1.802594919457));
#4538 = CARTESIAN_POINT('',(-1.7563267472,-3.405413128281E-02,
    1.799820751568));
#4539 = CARTESIAN_POINT('',(-1.756114916526,4.454273803357E-02,
    1.800218224667));
#4540 = CARTESIAN_POINT('',(-1.75397463188,8.628815367484E-02,
    1.80423471364));
#4541 = CARTESIAN_POINT('',(-1.749807523554,0.127494175408,
    1.812054316713));
#4542 = CARTESIAN_POINT('',(-1.743712362599,0.167672066352,1.82355708533
    ));
#4543 = CARTESIAN_POINT('',(-1.735859316831,0.206385000327,
    1.838535254045));
#4544 = CARTESIAN_POINT('',(-1.720652236435,0.266075411362,
    1.867972282473));
#4545 = CARTESIAN_POINT('',(-1.714250119423,0.288186869634,
    1.880450414519));
#4546 = CARTESIAN_POINT('',(-1.707306970405,0.30951482387,1.89409639806)
  );
#4547 = CARTESIAN_POINT('',(-1.69987765135,0.32998586313,1.908842831675)
  );
#4548 = CARTESIAN_POINT('',(-1.677068198682,0.386734281157,1.954634291)
  );
#4549 = CARTESIAN_POINT('',(-1.651127587655,0.435266469861,
    2.008489256784));
#4550 = CARTESIAN_POINT('',(-1.633169575251,0.46318101961,2.046763179415
    ));
#4551 = CARTESIAN_POINT('',(-1.614648291972,0.486931998371,
    2.087502742543));
#4552 = CARTESIAN_POINT('',(-1.595916698328,0.50632050522,2.130203082572
    ));
#4553 = CARTESIAN_POINT('',(-1.572702654352,0.52485332618,2.185197661655
    ));
#4554 = CARTESIAN_POINT('',(-1.568133040705,0.528234263769,
    2.196124112981));
#4555 = CARTESIAN_POINT('',(-1.563573632322,0.531341303575,
    2.207130482195));
#4556 = CARTESIAN_POINT('',(-1.559028791394,0.534172463175,
    2.218209123991));
#4557 = CARTESIAN_POINT('',(-1.554502707977,0.536725956534,
    2.229352331706));
#4558 = CARTESIAN_POINT('',(-1.5499994,0.539000194001,2.240552337318));
#4559 = PCURVE('',#1328,#4560);
#4560 = DEFINITIONAL_REPRESENTATION('',(#4561),#4631);
#4561 = B_SPLINE_CURVE_WITH_KNOTS('',3,(#4562,#4563,#4564,#4565,#4566,
    #4567,#4568,#4569,#4570,#4571,#4572,#4573,#4574,#4575,#4576,#4577,
    #4578,#4579,#4580,#4581,#4582,#4583,#4584,#4585,#4586,#4587,#4588,
    #4589,#4590,#4591,#4592,#4593,#4594,#4595,#4596,#4597,#4598,#4599,
    #4600,#4601,#4602,#4603,#4604,#4605,#4606,#4607,#4608,#4609,#4610,
    #4611,#4612,#4613,#4614,#4615,#4616,#4617,#4618,#4619,#4620,#4621,
    #4622,#4623,#4624,#4625,#4626,#4627,#4628,#4629,#4630),
  .UNSPECIFIED.,.F.,.F.,(4,1,1,1,1,1,1,1,1,1,1,1,1,1,1,1,1,1,1,1,1,1,1,1
    ,1,1,1,1,1,1,1,1,1,1,1,1,1,1,1,1,1,1,1,1,1,1,1,1,1,1,1,1,1,1,1,1,1,1
    ,1,1,1,1,1,1,1,1,4),(0.,1.985104439906E-02,3.970208879812E-02,
    5.955313319719E-02,7.940417759625E-02,9.925522199531E-02,
    0.119106266394,0.138957310793,0.158808355192,0.178659399592,
    0.198510443991,0.21836148839,0.238212532789,0.258063577188,
    0.277914621587,0.297765665986,0.317616710385,0.337467754784,
    0.357318799183,0.377169843582,0.397020887981,0.41687193238,
    0.436722976779,0.456574021178,0.476425065577,0.496276109977,
    0.516127154376,0.535978198775,0.555829243174,0.575680287573,
    0.595531331972,0.615382376371,0.63523342077,0.655084465169,
    0.674935509568,0.694786553967,0.714637598366,0.734488642765,
    0.754339687164,0.774190731563,0.794041775962,0.813892820362,
    0.833743864761,0.85359490916,0.873445953559,0.893296997958,
    0.913148042357,0.932999086756,0.952850131155,0.972701175554,
    0.992552219953,1.012403264352,1.032254308751,1.05210535315,
    1.071956397549,1.091807441948,1.111658486347,1.131509530747,
    1.151360575146,1.171211619545,1.191062663944,1.210913708343,
    1.230764752742,1.250615797141,1.27046684154,1.290317885939,
    1.310168930338),.QUASI_UNIFORM_KNOTS.);
#4562 = CARTESIAN_POINT('',(3.341925723372,5.999999999062E-07));
#4563 = CARTESIAN_POINT('',(3.355419275252,-2.92368452477E-03));
#4564 = CARTESIAN_POINT('',(3.382405292453,-8.79629375984E-03));
#4565 = CARTESIAN_POINT('',(3.422889426247,-1.765994046544E-02));
#4566 = CARTESIAN_POINT('',(3.463387108776,-2.656122801306E-02));
#4567 = CARTESIAN_POINT('',(3.503906525039,-3.548202946754E-02));
#4568 = CARTESIAN_POINT('',(3.544455679003,-4.440356931632E-02));
#4569 = CARTESIAN_POINT('',(3.585042362862,-5.330635644195E-02));
#4570 = CARTESIAN_POINT('',(3.625674156507,-6.217024526065E-02));
#4571 = CARTESIAN_POINT('',(3.666358419898,-7.097446920342E-02));
#4572 = CARTESIAN_POINT('',(3.707102287226,-7.969768829346E-02));
#4573 = CARTESIAN_POINT('',(3.747912659204,-8.831803962818E-02));
#4574 = CARTESIAN_POINT('',(3.788796193218,-9.681319377917E-02));
#4575 = CARTESIAN_POINT('',(3.829759289609,-0.105160416248));
#4576 = CARTESIAN_POINT('',(3.870808074521,-0.113336634414));
#4577 = CARTESIAN_POINT('',(3.91194837266,-0.121318509091));
#4578 = CARTESIAN_POINT('',(3.953185689538,-0.129082513781));
#4579 = CARTESIAN_POINT('',(3.994525125513,-0.136605010184));
#4580 = CARTESIAN_POINT('',(4.035971507333,-0.143862362591));
#4581 = CARTESIAN_POINT('',(4.077528667556,-0.150830932148));
#4582 = CARTESIAN_POINT('',(4.119201861286,-0.157487544359));
#4583 = CARTESIAN_POINT('',(4.160985775577,-0.16380780597));
#4584 = CARTESIAN_POINT('',(4.202879356685,-0.169768739795));
#4585 = CARTESIAN_POINT('',(4.244880942613,-0.175348054972));
#4586 = CARTESIAN_POINT('',(4.286987685101,-0.180524254286));
#4587 = CARTESIAN_POINT('',(4.329194895279,-0.185276748325));
#4588 = CARTESIAN_POINT('',(4.371499278404,-0.189586404742));
#4589 = CARTESIAN_POINT('',(4.41389274823,-0.19343497789));
#4590 = CARTESIAN_POINT('',(4.45636651381,-0.196805928011));
#4591 = CARTESIAN_POINT('',(4.498911225681,-0.199684536252));
#4592 = CARTESIAN_POINT('',(4.541516881005,-0.202058030451));
#4593 = CARTESIAN_POINT('',(4.584172784908,-0.203915708294));
#4594 = CARTESIAN_POINT('',(4.626867391878,-0.205249060244));
#4595 = CARTESIAN_POINT('',(4.669588420742,-0.206051895974));
#4596 = CARTESIAN_POINT('',(4.712321835414,-0.206320457045));
#4597 = CARTESIAN_POINT('',(4.755054923292,-0.206053581073));
#4598 = CARTESIAN_POINT('',(4.797776777209,-0.205252422413));
#4599 = CARTESIAN_POINT('',(4.840472175257,-0.203920699986));
#4600 = CARTESIAN_POINT('',(4.883128705902,-0.202064610207));
#4601 = CARTESIAN_POINT('',(4.925734687263,-0.199692675195));
#4602 = CARTESIAN_POINT('',(4.968279529626,-0.196815607759));
#4603 = CARTESIAN_POINT('',(5.010753473303,-0.193446173153));
#4604 = CARTESIAN_POINT('',(5.053147562932,-0.189599046969));
#4605 = CARTESIAN_POINT('',(5.095453477597,-0.185290691731));
#4606 = CARTESIAN_POINT('',(5.137663869504,-0.180539162521));
#4607 = CARTESIAN_POINT('',(5.179770967956,-0.175364177799));
#4608 = CARTESIAN_POINT('',(5.221772251707,-0.169786125946));
#4609 = CARTESIAN_POINT('',(5.26366565692,-0.16382638413));
#4610 = CARTESIAN_POINT('',(5.305449308569,-0.157507265489));
#4611 = CARTESIAN_POINT('',(5.347122805391,-0.150851653428));
#4612 = CARTESIAN_POINT('',(5.388686648481,-0.143882924257));
#4613 = CARTESIAN_POINT('',(5.430142257114,-0.136624786531));
#4614 = CARTESIAN_POINT('',(5.471491408138,-0.12910121713));
#4615 = CARTESIAN_POINT('',(5.512737814273,-0.121336070991));
#4616 = CARTESIAN_POINT('',(5.553886562975,-0.113353027827));
#4617 = CARTESIAN_POINT('',(5.594943020077,-0.105175666497));
#4618 = CARTESIAN_POINT('',(5.635913024819,-9.682734705751E-02));
#4619 = CARTESIAN_POINT('',(5.676802776801,-8.833114668679E-02));
#4620 = CARTESIAN_POINT('',(5.717618816032,-7.97097875795E-02));
#4621 = CARTESIAN_POINT('',(5.758367987036,-7.098557355786E-02));
#4622 = CARTESIAN_POINT('',(5.799057418311,-6.218033030478E-02));
#4623 = CARTESIAN_POINT('',(5.839694496284,-5.331535286005E-02));
#4624 = CARTESIAN_POINT('',(5.880286880351,-4.441135090729E-02));
#4625 = CARTESIAN_POINT('',(5.92084238748,-3.548842609961E-02));
#4626 = CARTESIAN_POINT('',(5.961369379485,-2.656595390452E-02));
#4627 = CARTESIAN_POINT('',(6.001875263486,-1.766285052874E-02));
#4628 = CARTESIAN_POINT('',(6.042367027048,-8.797524273024E-03));
#4629 = CARTESIAN_POINT('',(6.069357093963,-2.924029636768E-03));
#4630 = CARTESIAN_POINT('',(6.082852237397,5.999999994621E-07));
#4631 = ( GEOMETRIC_REPRESENTATION_CONTEXT(2) 
PARAMETRIC_REPRESENTATION_CONTEXT() REPRESENTATION_CONTEXT('2D SPACE',''
  ) );
#4632 = PCURVE('',#2039,#4633);
#4633 = DEFINITIONAL_REPRESENTATION('',(#4634),#4704);
#4634 = B_SPLINE_CURVE_WITH_KNOTS('',3,(#4635,#4636,#4637,#4638,#4639,
    #4640,#4641,#4642,#4643,#4644,#4645,#4646,#4647,#4648,#4649,#4650,
    #4651,#4652,#4653,#4654,#4655,#4656,#4657,#4658,#4659,#4660,#4661,
    #4662,#4663,#4664,#4665,#4666,#4667,#4668,#4669,#4670,#4671,#4672,
    #4673,#4674,#4675,#4676,#4677,#4678,#4679,#4680,#4681,#4682,#4683,
    #4684,#4685,#4686,#4687,#4688,#4689,#4690,#4691,#4692,#4693,#4694,
    #4695,#4696,#4697,#4698,#4699,#4700,#4701,#4702,#4703),
  .UNSPECIFIED.,.F.,.F.,(4,1,1,1,1,1,1,1,1,1,1,1,1,1,1,1,1,1,1,1,1,1,1,1
    ,1,1,1,1,1,1,1,1,1,1,1,1,1,1,1,1,1,1,1,1,1,1,1,1,1,1,1,1,1,1,1,1,1,1
    ,1,1,1,1,1,1,1,1,4),(0.,1.985104439906E-02,3.970208879812E-02,
    5.955313319719E-02,7.940417759625E-02,9.925522199531E-02,
    0.119106266394,0.138957310793,0.158808355192,0.178659399592,
    0.198510443991,0.21836148839,0.238212532789,0.258063577188,
    0.277914621587,0.297765665986,0.317616710385,0.337467754784,
    0.357318799183,0.377169843582,0.397020887981,0.41687193238,
    0.436722976779,0.456574021178,0.476425065577,0.496276109977,
    0.516127154376,0.535978198775,0.555829243174,0.575680287573,
    0.595531331972,0.615382376371,0.63523342077,0.655084465169,
    0.674935509568,0.694786553967,0.714637598366,0.734488642765,
    0.754339687164,0.774190731563,0.794041775962,0.813892820362,
    0.833743864761,0.85359490916,0.873445953559,0.893296997958,
    0.913148042357,0.932999086756,0.952850131155,0.972701175554,
    0.992552219953,1.012403264352,1.032254308751,1.05210535315,
    1.071956397549,1.091807441948,1.111658486347,1.131509530747,
    1.151360575146,1.171211619545,1.191062663944,1.210913708343,
    1.230764752742,1.250615797141,1.27046684154,1.290317885939,
    1.310168930338),.QUASI_UNIFORM_KNOTS.);
#4635 = CARTESIAN_POINT('',(0.568347945309,0.629787043231));
#4636 = CARTESIAN_POINT('',(0.568077636477,0.626510551787));
#4637 = CARTESIAN_POINT('',(0.567504305478,0.62000253123));
#4638 = CARTESIAN_POINT('',(0.56654787005,0.610386794217));
#4639 = CARTESIAN_POINT('',(0.565496704787,0.600928845003));
#4640 = CARTESIAN_POINT('',(0.564352490704,0.591639872565));
#4641 = CARTESIAN_POINT('',(0.563116900792,0.5825308936));
#4642 = CARTESIAN_POINT('',(0.561791605446,0.573612741854));
#4643 = CARTESIAN_POINT('',(0.560378282215,0.564896093146));
#4644 = CARTESIAN_POINT('',(0.558878624752,0.55639147814));
#4645 = CARTESIAN_POINT('',(0.557294352324,0.548109295749));
#4646 = CARTESIAN_POINT('',(0.555627219505,0.540059823776));
#4647 = CARTESIAN_POINT('',(0.553879026137,0.532253227714));
#4648 = CARTESIAN_POINT('',(0.552051627551,0.524699567551));
#4649 = CARTESIAN_POINT('',(0.550146944973,0.517408802474));
#4650 = CARTESIAN_POINT('',(0.548166976418,0.510390794139));
#4651 = CARTESIAN_POINT('',(0.546113806891,0.503655306053));
#4652 = CARTESIAN_POINT('',(0.54398962232,0.497212008263));
#4653 = CARTESIAN_POINT('',(0.541796710659,0.49107045298));
#4654 = CARTESIAN_POINT('',(0.53953751188,0.485240149414));
#4655 = CARTESIAN_POINT('',(0.537214486522,0.479730258967));
#4656 = CARTESIAN_POINT('',(0.534830812927,0.474551031386));
#4657 = CARTESIAN_POINT('',(0.532389581639,0.469711699908));
#4658 = CARTESIAN_POINT('',(0.529894053147,0.465221188431));
#4659 = CARTESIAN_POINT('',(0.527347699083,0.461088102454));
#4660 = CARTESIAN_POINT('',(0.5247542461,0.457320711546));
#4661 = CARTESIAN_POINT('',(0.522117474215,0.453926618498));
#4662 = CARTESIAN_POINT('',(0.519441599362,0.450913218708));
#4663 = CARTESIAN_POINT('',(0.516731019786,0.448287204042));
#4664 = CARTESIAN_POINT('',(0.513990295476,0.446054521818));
#4665 = CARTESIAN_POINT('',(0.511224142294,0.444220330804));
#4666 = CARTESIAN_POINT('',(0.50843742012,0.442788955691));
#4667 = CARTESIAN_POINT('',(0.505635126981,0.441763839702));
#4668 = CARTESIAN_POINT('',(0.502822373232,0.441147494958));
#4669 = CARTESIAN_POINT('',(0.500004428858,0.440941451925));
#4670 = CARTESIAN_POINT('',(0.497186499125,0.441146201955));
#4671 = CARTESIAN_POINT('',(0.494373670608,0.44176127072));
#4672 = CARTESIAN_POINT('',(0.491571291634,0.44278512916));
#4673 = CARTESIAN_POINT('',(0.4887844812,0.444215259807));
#4674 = CARTESIAN_POINT('',(0.486018246388,0.446048213089));
#4675 = CARTESIAN_POINT('',(0.483277440424,0.448279663693));
#4676 = CARTESIAN_POINT('',(0.480566763835,0.450904463557));
#4677 = CARTESIAN_POINT('',(0.477890752343,0.453916696858));
#4678 = CARTESIAN_POINT('',(0.475253775748,0.457309719979));
#4679 = CARTESIAN_POINT('',(0.472660008226,0.461076249787));
#4680 = CARTESIAN_POINT('',(0.470113505005,0.465208264298));
#4681 = CARTESIAN_POINT('',(0.467617855683,0.469697648637));
#4682 = CARTESIAN_POINT('',(0.465176484757,0.474535880878));
#4683 = CARTESIAN_POINT('',(0.462792666556,0.479714021191));
#4684 = CARTESIAN_POINT('',(0.46046945269,0.485222907154));
#4685 = CARTESIAN_POINT('',(0.458209712283,0.491053145115));
#4686 = CARTESIAN_POINT('',(0.456016138744,0.497195161785));
#4687 = CARTESIAN_POINT('',(0.45389129061,0.503639177149));
#4688 = CARTESIAN_POINT('',(0.451837514621,0.5103754552));
#4689 = CARTESIAN_POINT('',(0.449856993341,0.517394289861));
#4690 = CARTESIAN_POINT('',(0.447951816224,0.524685872853));
#4691 = CARTESIAN_POINT('',(0.446123977953,0.53224032468));
#4692 = CARTESIAN_POINT('',(0.444375394307,0.540047683089));
#4693 = CARTESIAN_POINT('',(0.442707912893,0.548097900769));
#4694 = CARTESIAN_POINT('',(0.441123324822,0.556380838226));
#4695 = CARTESIAN_POINT('',(0.43962337563,0.564886256312));
#4696 = CARTESIAN_POINT('',(0.4382097762,0.573603804503));
#4697 = CARTESIAN_POINT('',(0.436884212317,0.582523015975));
#4698 = CARTESIAN_POINT('',(0.435648357594,0.591633269013));
#4699 = CARTESIAN_POINT('',(0.434503872198,0.600923865374));
#4700 = CARTESIAN_POINT('',(0.433452453478,0.610383658228));
#4701 = CARTESIAN_POINT('',(0.432495816406,0.620001173143));
#4702 = CARTESIAN_POINT('',(0.431922394695,0.626510164277));
#4703 = CARTESIAN_POINT('',(0.431652054691,0.629787043231));
#4704 = ( GEOMETRIC_REPRESENTATION_CONTEXT(2) 
PARAMETRIC_REPRESENTATION_CONTEXT() REPRESENTATION_CONTEXT('2D SPACE',''
  ) );
#4705 = ORIENTED_EDGE('',*,*,#4706,.F.);
#4706 = EDGE_CURVE('',#4467,#4519,#4707,.T.);
#4707 = SURFACE_CURVE('',#4708,(#4747,#4789),.PCURVE_S1.);
#4708 = B_SPLINE_CURVE_WITH_KNOTS('',7,(#4709,#4710,#4711,#4712,#4713,
    #4714,#4715,#4716,#4717,#4718,#4719,#4720,#4721,#4722,#4723,#4724,
    #4725,#4726,#4727,#4728,#4729,#4730,#4731,#4732,#4733,#4734,#4735,
    #4736,#4737,#4738,#4739,#4740,#4741,#4742,#4743,#4744,#4745,#4746),
  .UNSPECIFIED.,.F.,.F.,(8,6,6,6,6,6,8),(0.,0.215815480194,
    0.308673514487,0.469755537859,0.63567299137,0.735347553949,1.),
  .UNSPECIFIED.);
#4709 = CARTESIAN_POINT('',(-1.507808524972,0.55,2.35));
#4710 = CARTESIAN_POINT('',(-1.487453936474,0.55,2.405177652174));
#4711 = CARTESIAN_POINT('',(-1.468127439223,0.543541749873,
    2.460489047642));
#4712 = CARTESIAN_POINT('',(-1.450146820472,0.53056928615,2.515095158837
    ));
#4713 = CARTESIAN_POINT('',(-1.433743538046,0.511136395953,
    2.568124378327));
#4714 = CARTESIAN_POINT('',(-1.419049194905,0.485433609354,2.61867693051
    ));
#4715 = CARTESIAN_POINT('',(-1.406105592096,0.453816284697,
    2.665854765727));
#4716 = CARTESIAN_POINT('',(-1.390076270738,0.400921480439,
    2.727302092493));
#4717 = CARTESIAN_POINT('',(-1.385575565187,0.384015655105,
    2.745007124375));
#4718 = CARTESIAN_POINT('',(-1.381395102934,0.366159779079,
    2.761865290937));
#4719 = CARTESIAN_POINT('',(-1.377531719407,0.347403489054,
    2.777812228855));
#4720 = CARTESIAN_POINT('',(-1.373980885153,0.327802566457,
    2.792786831567));
#4721 = CARTESIAN_POINT('',(-1.37073736501,0.307418913704,2.806732127845
    ));
#4722 = CARTESIAN_POINT('',(-1.362693240775,0.249720894378,
    2.841911562631));
#4723 = CARTESIAN_POINT('',(-1.358498805794,0.210965425635,
    2.860976286442));
#4724 = CARTESIAN_POINT('',(-1.355186204755,0.170414486726,
    2.876513749827));
#4725 = CARTESIAN_POINT('',(-1.352726158056,0.128475103483,
    2.888303223978));
#4726 = CARTESIAN_POINT('',(-1.351097921967,8.559244254162E-02,
    2.896188084927));
#4727 = CARTESIAN_POINT('',(-1.350292968076,4.223857660144E-02,
    2.900085692571));
#4728 = CARTESIAN_POINT('',(-1.350329358583,-4.574250175089E-02,
    2.899909496108));
#4729 = CARTESIAN_POINT('',(-1.351220850284,-9.038028520161E-02,
    2.895592865536));
#4730 = CARTESIAN_POINT('',(-1.352986147029,-0.134484255667,
    2.887048365005));
#4731 = CARTESIAN_POINT('',(-1.355635111791,-0.177539441132,
    2.874371773752));
#4732 = CARTESIAN_POINT('',(-1.359191499639,-0.219062447182,
    2.857741471757));
#4733 = CARTESIAN_POINT('',(-1.363688381823,-0.25861416234,
    2.837406659395));
#4734 = CARTESIAN_POINT('',(-1.372437758327,-0.318154003054,
    2.79942244224));
#4735 = CARTESIAN_POINT('',(-1.376071303864,-0.339650362472,
    2.783940973714));
#4736 = CARTESIAN_POINT('',(-1.380061314856,-0.360215973115,
    2.767299136655));
#4737 = CARTESIAN_POINT('',(-1.384414044432,-0.379776777864,
    2.749569214422));
#4738 = CARTESIAN_POINT('',(-1.389134582932,-0.39826691954,
    2.730828616653));
#4739 = CARTESIAN_POINT('',(-1.394225933036,-0.415628716503,
    2.711158648829));
#4740 = CARTESIAN_POINT('',(-1.414191001314,-0.474783626654,
    2.636171589992));
#4741 = CARTESIAN_POINT('',(-1.431308046713,-0.509450620036,
    2.575740041583));
#4742 = CARTESIAN_POINT('',(-1.451038709058,-0.53488294631,2.510925397)
  );
#4743 = CARTESIAN_POINT('',(-1.473244442089,-0.550582456041,
    2.443409770574));
#4744 = CARTESIAN_POINT('',(-1.497558644246,-0.556398869858,
    2.374824425333));
#4745 = CARTESIAN_POINT('',(-1.523396228483,-0.552435542307,
    2.306715922322));
#4746 = CARTESIAN_POINT('',(-1.5500006,-0.538999587976,2.240549352847));
#4747 = PCURVE('',#1328,#4748);
#4748 = DEFINITIONAL_REPRESENTATION('',(#4749),#4788);
#4749 = B_SPLINE_CURVE_WITH_KNOTS('',7,(#4750,#4751,#4752,#4753,#4754,
    #4755,#4756,#4757,#4758,#4759,#4760,#4761,#4762,#4763,#4764,#4765,
    #4766,#4767,#4768,#4769,#4770,#4771,#4772,#4773,#4774,#4775,#4776,
    #4777,#4778,#4779,#4780,#4781,#4782,#4783,#4784,#4785,#4786,#4787),
  .UNSPECIFIED.,.F.,.F.,(8,6,6,6,6,6,8),(0.,0.215815480194,
    0.308673514487,0.469755537859,0.63567299137,0.735347553949,1.),
  .UNSPECIFIED.);
#4750 = CARTESIAN_POINT('',(0.,4.219147502831E-02));
#4751 = CARTESIAN_POINT('',(0.100323003953,6.254606352598E-02));
#4752 = CARTESIAN_POINT('',(0.200888925192,8.187256077714E-02));
#4753 = CARTESIAN_POINT('',(0.301822838974,9.985317952831E-02));
#4754 = CARTESIAN_POINT('',(0.403222076114,0.116256461954));
#4755 = CARTESIAN_POINT('',(0.50515913494,0.130950805095));
#4756 = CARTESIAN_POINT('',(0.607671667287,0.143894407904));
#4757 = CARTESIAN_POINT('',(0.755086125285,0.159923729262));
#4758 = CARTESIAN_POINT('',(0.799536246945,0.164424434813));
#4759 = CARTESIAN_POINT('',(0.844088698961,0.168604897066));
#4760 = CARTESIAN_POINT('',(0.888741499269,0.172468280593));
#4761 = CARTESIAN_POINT('',(0.933491528535,0.176019114847));
#4762 = CARTESIAN_POINT('',(0.978334170416,0.17926263499));
#4763 = CARTESIAN_POINT('',(1.101201485345,0.187306759225));
#4764 = CARTESIAN_POINT('',(1.179409815942,0.191501194206));
#4765 = CARTESIAN_POINT('',(1.257840397355,0.194813795245));
#4766 = CARTESIAN_POINT('',(1.336448871994,0.197273841944));
#4767 = CARTESIAN_POINT('',(1.415187981958,0.198902078033));
#4768 = CARTESIAN_POINT('',(1.493998758111,0.199707031924));
#4769 = CARTESIAN_POINT('',(1.653964675899,0.199670641417));
#4770 = CARTESIAN_POINT('',(1.735139732869,0.198779149716));
#4771 = CARTESIAN_POINT('',(1.816233447886,0.197013852971));
#4772 = CARTESIAN_POINT('',(1.897182039598,0.194364888209));
#4773 = CARTESIAN_POINT('',(1.977935152633,0.190808500361));
#4774 = CARTESIAN_POINT('',(2.058445708639,0.186311618177));
#4775 = CARTESIAN_POINT('',(2.186853547861,0.177562241673));
#4776 = CARTESIAN_POINT('',(2.23494255689,0.173928696136));
#4777 = CARTESIAN_POINT('',(2.282922543468,0.169938685144));
#4778 = CARTESIAN_POINT('',(2.330788375699,0.165585955568));
#4779 = CARTESIAN_POINT('',(2.378536896223,0.160865417068));
#4780 = CARTESIAN_POINT('',(2.426166433755,0.155774066964));
#4781 = CARTESIAN_POINT('',(2.599822904633,0.135808998686));
#4782 = CARTESIAN_POINT('',(2.725125882286,0.118691953287));
#4783 = CARTESIAN_POINT('',(2.849565990807,9.896129094214E-02));
#4784 = CARTESIAN_POINT('',(2.973259073593,7.675555791074E-02));
#4785 = CARTESIAN_POINT('',(3.096382181008,5.24413557545E-02));
#4786 = CARTESIAN_POINT('',(3.219173152717,2.660377151734E-02));
#4787 = CARTESIAN_POINT('',(3.341931260425,-5.999999999895E-07));
#4788 = ( GEOMETRIC_REPRESENTATION_CONTEXT(2) 
PARAMETRIC_REPRESENTATION_CONTEXT() REPRESENTATION_CONTEXT('2D SPACE',''
  ) );
#4789 = PCURVE('',#2039,#4790);
#4790 = DEFINITIONAL_REPRESENTATION('',(#4791),#4830);
#4791 = B_SPLINE_CURVE_WITH_KNOTS('',7,(#4792,#4793,#4794,#4795,#4796,
    #4797,#4798,#4799,#4800,#4801,#4802,#4803,#4804,#4805,#4806,#4807,
    #4808,#4809,#4810,#4811,#4812,#4813,#4814,#4815,#4816,#4817,#4818,
    #4819,#4820,#4821,#4822,#4823,#4824,#4825,#4826,#4827,#4828,#4829),
  .UNSPECIFIED.,.F.,.F.,(8,6,6,6,6,6,8),(0.,0.215815480194,
    0.308673514487,0.469755537859,0.63567299137,0.735347553949,1.),
  .UNSPECIFIED.);
#4792 = CARTESIAN_POINT('',(0.428878964599,0.679778637114));
#4793 = CARTESIAN_POINT('',(0.428129229806,0.705337120107));
#4794 = CARTESIAN_POINT('',(0.428144579928,0.731387305245));
#4795 = CARTESIAN_POINT('',(0.428972305446,0.757568547221));
#4796 = CARTESIAN_POINT('',(0.43065974771,0.783470953485));
#4797 = CARTESIAN_POINT('',(0.433254781639,0.808619128228));
#4798 = CARTESIAN_POINT('',(0.436790239595,0.832485483984));
#4799 = CARTESIAN_POINT('',(0.443172138583,0.864019466399));
#4800 = CARTESIAN_POINT('',(0.445263558785,0.873169291771));
#4801 = CARTESIAN_POINT('',(0.447525480561,0.88194006194));
#4802 = CARTESIAN_POINT('',(0.449955271238,0.890289128363));
#4803 = CARTESIAN_POINT('',(0.452548367222,0.898174657574));
#4804 = CARTESIAN_POINT('',(0.455297919249,0.905556559775));
#4805 = CARTESIAN_POINT('',(0.463219065288,0.924264340977));
#4806 = CARTESIAN_POINT('',(0.468686650362,0.934504765902));
#4807 = CARTESIAN_POINT('',(0.474547223777,0.942921038482));
#4808 = CARTESIAN_POINT('',(0.480728524052,0.949344891599));
#4809 = CARTESIAN_POINT('',(0.487134274663,0.953653845284));
#4810 = CARTESIAN_POINT('',(0.493651310864,0.955783558297));
#4811 = CARTESIAN_POINT('',(0.506875348544,0.955687279482));
#4812 = CARTESIAN_POINT('',(0.513583812481,0.953328613644));
#4813 = CARTESIAN_POINT('',(0.520166207631,0.948659742794));
#4814 = CARTESIAN_POINT('',(0.52649924686,0.941755289885));
#4815 = CARTESIAN_POINT('',(0.532479556051,0.932754625416));
#4816 = CARTESIAN_POINT('',(0.538031436778,0.921847149115));
#4817 = CARTESIAN_POINT('',(0.546151222345,0.901687282032));
#4818 = CARTESIAN_POINT('',(0.549025789295,0.893512072465));
#4819 = CARTESIAN_POINT('',(0.551716692341,0.884774680892));
#4820 = CARTESIAN_POINT('',(0.554216448581,0.875525510972));
#4821 = CARTESIAN_POINT('',(0.556520498638,0.86581691201));
#4822 = CARTESIAN_POINT('',(0.558626672894,0.855701911394));
#4823 = CARTESIAN_POINT('',(0.565600673025,0.817436115437));
#4824 = CARTESIAN_POINT('',(0.569269472612,0.787144045212));
#4825 = CARTESIAN_POINT('',(0.571534115124,0.755342248161));
#4826 = CARTESIAN_POINT('',(0.572484143438,0.722980227932));
#4827 = CARTESIAN_POINT('',(0.572212903709,0.690844962783));
#4828 = CARTESIAN_POINT('',(0.570806998415,0.659593438391));
#4829 = CARTESIAN_POINT('',(0.568347834389,0.629785698739));
#4830 = ( GEOMETRIC_REPRESENTATION_CONTEXT(2) 
PARAMETRIC_REPRESENTATION_CONTEXT() REPRESENTATION_CONTEXT('2D SPACE',''
  ) );
#4831 = ORIENTED_EDGE('',*,*,#4466,.T.);
#4832 = ADVANCED_FACE('',(#4833,#5729,#5732,#5735,#5740),#2039,.F.);
#4833 = FACE_BOUND('',#4834,.F.);
#4834 = EDGE_LOOP('',(#4835,#5085,#5688,#5689,#5690,#5691,#5727,#5728));
#4835 = ORIENTED_EDGE('',*,*,#4836,.F.);
#4836 = EDGE_CURVE('',#4837,#1786,#4839,.T.);
#4837 = VERTEX_POINT('',#4838);
#4838 = CARTESIAN_POINT('',(1.484943524649,2.708813215185E-15,0.65));
#4839 = SEAM_CURVE('',#4840,(#5071,#5078),.PCURVE_S1.);
#4840 = B_SPLINE_CURVE_WITH_KNOTS('',13,(#4841,#4842,#4843,#4844,#4845,
    #4846,#4847,#4848,#4849,#4850,#4851,#4852,#4853,#4854,#4855,#4856,
    #4857,#4858,#4859,#4860,#4861,#4862,#4863,#4864,#4865,#4866,#4867,
    #4868,#4869,#4870,#4871,#4872,#4873,#4874,#4875,#4876,#4877,#4878,
    #4879,#4880,#4881,#4882,#4883,#4884,#4885,#4886,#4887,#4888,#4889,
    #4890,#4891,#4892,#4893,#4894,#4895,#4896,#4897,#4898,#4899,#4900,
    #4901,#4902,#4903,#4904,#4905,#4906,#4907,#4908,#4909,#4910,#4911,
    #4912,#4913,#4914,#4915,#4916,#4917,#4918,#4919,#4920,#4921,#4922,
    #4923,#4924,#4925,#4926,#4927,#4928,#4929,#4930,#4931,#4932,#4933,
    #4934,#4935,#4936,#4937,#4938,#4939,#4940,#4941,#4942,#4943,#4944,
    #4945,#4946,#4947,#4948,#4949,#4950,#4951,#4952,#4953,#4954,#4955,
    #4956,#4957,#4958,#4959,#4960,#4961,#4962,#4963,#4964,#4965,#4966,
    #4967,#4968,#4969,#4970,#4971,#4972,#4973,#4974,#4975,#4976,#4977,
    #4978,#4979,#4980,#4981,#4982,#4983,#4984,#4985,#4986,#4987,#4988,
    #4989,#4990,#4991,#4992,#4993,#4994,#4995,#4996,#4997,#4998,#4999,
    #5000,#5001,#5002,#5003,#5004,#5005,#5006,#5007,#5008,#5009,#5010,
    #5011,#5012,#5013,#5014,#5015,#5016,#5017,#5018,#5019,#5020,#5021,
    #5022,#5023,#5024,#5025,#5026,#5027,#5028,#5029,#5030,#5031,#5032,
    #5033,#5034,#5035,#5036,#5037,#5038,#5039,#5040,#5041,#5042,#5043,
    #5044,#5045,#5046,#5047,#5048,#5049,#5050,#5051,#5052,#5053,#5054,
    #5055,#5056,#5057,#5058,#5059,#5060,#5061,#5062,#5063,#5064,#5065,
    #5066,#5067,#5068,#5069,#5070),.UNSPECIFIED.,.F.,.F.,(14,12,12,12,12
    ,12,12,12,12,12,12,12,12,12,12,12,12,12,12,14),(0.,
    1.231555094969E-05,6.865601709777E-04,2.035049411034E-03,
    4.732027891145E-03,1.551994181159E-02,3.709576965249E-02,
    8.024742533428E-02,0.166550736698,0.511763982152,0.856977227606,
    0.94328053897,0.986432194652,0.997220108572,0.999917087052,
    1.001265576292,1.002614065533,1.008008022493,1.029583850334,
    1.034620102008),.UNSPECIFIED.);
#4841 = CARTESIAN_POINT('',(1.45886287059,-6.221080777684E-15,
    0.591158518222));
#4842 = CARTESIAN_POINT('',(1.45886417933,-6.208615812544E-15,
    0.591161416186));
#4843 = CARTESIAN_POINT('',(1.458865487328,-6.196970008388E-15,
    0.591164312509));
#4844 = CARTESIAN_POINT('',(1.458866794564,-6.186180641188E-15,
    0.591167207148));
#4845 = CARTESIAN_POINT('',(1.45886810102,-6.176285873132E-15,
    0.591170100061));
#4846 = CARTESIAN_POINT('',(1.458869406675,-6.167324766464E-15,
    0.591172991202));
#4847 = CARTESIAN_POINT('',(1.458870711509,-6.159337297456E-15,
    0.591175880527));
#4848 = CARTESIAN_POINT('',(1.458872015501,-6.152364370535E-15,
    0.591178767989));
#4849 = CARTESIAN_POINT('',(1.458873318629,-6.146447832532E-15,
    0.591181653544));
#4850 = CARTESIAN_POINT('',(1.458874620873,-6.141630487088E-15,
    0.591184537142));
#4851 = CARTESIAN_POINT('',(1.458875922211,-6.137956109196E-15,
    0.591187418735));
#4852 = CARTESIAN_POINT('',(1.45887722262,-6.135469459889E-15,
    0.591190298274));
#4853 = CARTESIAN_POINT('',(1.458878522078,-6.134216301065E-15,
    0.59119317571));
#4854 = CARTESIAN_POINT('',(1.45895090918,-6.135727580289E-15,
    0.591353465182));
#4855 = CARTESIAN_POINT('',(1.459021988485,-6.253019931461E-15,
    0.591510875548));
#4856 = CARTESIAN_POINT('',(1.459093058483,-6.465057970816E-15,
    0.59166828209));
#4857 = CARTESIAN_POINT('',(1.459164119159,-6.750779205126E-15,
    0.591825684799));
#4858 = CARTESIAN_POINT('',(1.459235170542,-7.089121141298E-15,
    0.591983083694));
#4859 = CARTESIAN_POINT('',(1.459306212588,-7.459021286016E-15,
    0.592140478747));
#4860 = CARTESIAN_POINT('',(1.459377245351,-7.839417146258E-15,
    0.592297869992));
#4861 = CARTESIAN_POINT('',(1.459448268776,-8.209246228683E-15,
    0.592455257394));
#4862 = CARTESIAN_POINT('',(1.45951928291,-8.547446040239E-15,
    0.592612640983));
#4863 = CARTESIAN_POINT('',(1.45959028772,-8.832954087652E-15,
    0.592770020738));
#4864 = CARTESIAN_POINT('',(1.459661283225,-9.044707877795E-15,
    0.59292739667));
#4865 = CARTESIAN_POINT('',(1.459732269416,-9.161644917457E-15,
    0.593084768774));
#4866 = CARTESIAN_POINT('',(1.459945200057,-9.164818305488E-15,
    0.59355687361));
#4867 = CARTESIAN_POINT('',(1.460087116572,-9.104080526934E-15,
    0.593871594862));
#4868 = CARTESIAN_POINT('',(1.460228995843,-8.991927873403E-15,
    0.59418630081));
#4869 = CARTESIAN_POINT('',(1.460370837867,-8.839798840427E-15,
    0.59450099145));
#4870 = CARTESIAN_POINT('',(1.46051264265,-8.659131923674E-15,
    0.594815666786));
#4871 = CARTESIAN_POINT('',(1.460654410185,-8.461365618588E-15,
    0.595130326814));
#4872 = CARTESIAN_POINT('',(1.460796140478,-8.257938420912E-15,
    0.595444971537));
#4873 = CARTESIAN_POINT('',(1.460937833527,-8.060288826062E-15,
    0.595759600952));
#4874 = CARTESIAN_POINT('',(1.461079489331,-7.87985532975E-15,
    0.596074215061));
#4875 = CARTESIAN_POINT('',(1.461221107893,-7.728076427463E-15,
    0.596388813863));
#4876 = CARTESIAN_POINT('',(1.46136268921,-7.616390614832E-15,
    0.596703397357));
#4877 = CARTESIAN_POINT('',(1.461504233285,-7.556236387413E-15,
    0.597017965543));
#4878 = CARTESIAN_POINT('',(1.461928753782,-7.56468394755E-15,
    0.597961624178));
#4879 = CARTESIAN_POINT('',(1.462211618474,-7.729583395708E-15,
    0.598590668701));
#4880 = CARTESIAN_POINT('',(1.462494334198,-8.024772587928E-15,
    0.599219651992));
#4881 = CARTESIAN_POINT('',(1.462776900953,-8.421273526874E-15,
    0.599848574044));
#4882 = CARTESIAN_POINT('',(1.463059318742,-8.890108215192E-15,
    0.60047743486));
#4883 = CARTESIAN_POINT('',(1.463341587568,-9.402298655582E-15,
    0.601106234433));
#4884 = CARTESIAN_POINT('',(1.463623707429,-9.928866850631E-15,
    0.601734972765));
#4885 = CARTESIAN_POINT('',(1.463905678333,-1.044083480311E-14,
    0.602363649851));
#4886 = CARTESIAN_POINT('',(1.464187500273,-1.090922451555E-14,
    0.602992265691));
#4887 = CARTESIAN_POINT('',(1.464469173261,-1.130505799073E-14,
    0.603620820281));
#4888 = CARTESIAN_POINT('',(1.46475069729,-1.159935723123E-14,
    0.60424931362));
#4889 = CARTESIAN_POINT('',(1.465032072367,-1.176314423975E-14,
    0.604877745705));
#4890 = CARTESIAN_POINT('',(1.466438202992,-1.17846281357E-14,
    0.608019599855));
#4891 = CARTESIAN_POINT('',(1.467560724257,-1.15847402779E-14,
    0.610532103086));
#4892 = CARTESIAN_POINT('',(1.468680862404,-1.12072297639E-14,
    0.613043626091));
#4893 = CARTESIAN_POINT('',(1.469798617554,-1.069154891217E-14,
    0.61555416874));
#4894 = CARTESIAN_POINT('',(1.470913989817,-1.007715004094E-14,
    0.618063730885));
#4895 = CARTESIAN_POINT('',(1.472026979323,-9.403485468871E-15,
    0.620572312411));
#4896 = CARTESIAN_POINT('',(1.473137586172,-8.710007514017E-15,
    0.623079913156));
#4897 = CARTESIAN_POINT('',(1.474245810502,-8.036168495132E-15,
    0.625586533011));
#4898 = CARTESIAN_POINT('',(1.475351652411,-7.421420730292E-15,
    0.628092171817));
#4899 = CARTESIAN_POINT('',(1.476455112031,-6.905216538124E-15,
    0.630596829456));
#4900 = CARTESIAN_POINT('',(1.477556189471,-6.527008236881E-15,
    0.633100505781));
#4901 = CARTESIAN_POINT('',(1.478654884853,-6.326248145025E-15,
    0.635603200662));
#4902 = CARTESIAN_POINT('',(1.481943825169,-6.374669452728E-15,
    0.643108340562));
#4903 = CARTESIAN_POINT('',(1.484126924209,-6.510098987027E-15,
    0.648107840829));
#4904 = CARTESIAN_POINT('',(1.486300496418,-6.730062782188E-15,
    0.653103413683));
#4905 = CARTESIAN_POINT('',(1.488464542834,-7.015946436698E-15,
    0.658095058048));
#4906 = CARTESIAN_POINT('',(1.490619064427,-7.349135548775E-15,
    0.663082772834));
#4907 = CARTESIAN_POINT('',(1.492764062289,-7.711015717116E-15,
    0.66806655698));
#4908 = CARTESIAN_POINT('',(1.494899537331,-8.08297253971E-15,
    0.673046409382));
#4909 = CARTESIAN_POINT('',(1.497025490686,-8.446391615425E-15,
    0.678022328986));
#4910 = CARTESIAN_POINT('',(1.499141923262,-8.78265854221E-15,
    0.682994314689));
#4911 = CARTESIAN_POINT('',(1.501248836156,-9.073158918819E-15,
    0.687962365429));
#4912 = CARTESIAN_POINT('',(1.503346230332,-9.299278343422E-15,
    0.692926480116));
#4913 = CARTESIAN_POINT('',(1.505434106833,-9.442402414533E-15,
    0.697886657675));
#4914 = CARTESIAN_POINT('',(1.511669186325,-9.566945362459E-15,
    0.712755375723));
#4915 = CARTESIAN_POINT('',(1.515787838064,-9.672698690684E-15,
    0.722652101276));
#4916 = CARTESIAN_POINT('',(1.519868431295,-9.796911799032E-15,
    0.732533065266));
#4917 = CARTESIAN_POINT('',(1.523910975468,-9.935319771431E-15,
    0.742398259294));
#4918 = CARTESIAN_POINT('',(1.527915479957,-1.008365769166E-14,
    0.752247674926));
#4919 = CARTESIAN_POINT('',(1.531881954265,-1.023766064372E-14,
    0.762081303784));
#4920 = CARTESIAN_POINT('',(1.535810407718,-1.039306371135E-14,
    0.771899137415));
#4921 = CARTESIAN_POINT('',(1.539700849843,-1.054560197855E-14,
    0.78170116745));
#4922 = CARTESIAN_POINT('',(1.543553289974,-1.069101052908E-14,
    0.79148738544));
#4923 = CARTESIAN_POINT('',(1.547367737602,-1.08250244469E-14,
    0.801257783001));
#4924 = CARTESIAN_POINT('',(1.551144202113,-1.094337881583E-14,
    0.811012351705));
#4925 = CARTESIAN_POINT('',(1.554882692948,-1.104180871977E-14,
    0.820751083148));
#4926 = CARTESIAN_POINT('',(1.565984272682,-1.126453028821E-14,
    0.849919740452));
#4927 = CARTESIAN_POINT('',(1.573233445916,-1.140033097718E-14,
    0.869302116316));
#4928 = CARTESIAN_POINT('',(1.58033083789,-1.152526200287E-14,
    0.888621038411));
#4929 = CARTESIAN_POINT('',(1.587276547272,-1.164113405861E-14,
    0.90787644864));
#4930 = CARTESIAN_POINT('',(1.59407067272,-1.174975783786E-14,
    0.927068288911));
#4931 = CARTESIAN_POINT('',(1.600713312909,-1.185294403382E-14,
    0.94619650112));
#4932 = CARTESIAN_POINT('',(1.60720456649,-1.195250334007E-14,
    0.965261027183));
#4933 = CARTESIAN_POINT('',(1.613544532143,-1.205024644974E-14,
    0.98426180899));
#4934 = CARTESIAN_POINT('',(1.619733308517,-1.214798405643E-14,
    1.003198788457));
#4935 = CARTESIAN_POINT('',(1.625770994289,-1.224752685333E-14,
    1.022071907479));
#4936 = CARTESIAN_POINT('',(1.631657688116,-1.235068553391E-14,
    1.040881107966));
#4937 = CARTESIAN_POINT('',(1.637393488665,-1.245927079148E-14,
    1.059626331819));
#4938 = CARTESIAN_POINT('',(1.665318518346,-1.303838343123E-14,
    1.153032277437));
#4939 = CARTESIAN_POINT('',(1.685246781811,-1.195934765414E-14,
    1.226732951267));
#4940 = CARTESIAN_POINT('',(1.702769861073,-1.103978796645E-14,
    1.299406238288));
#4941 = CARTESIAN_POINT('',(1.717895887476,-1.109079445153E-14,
    1.371049674401));
#4942 = CARTESIAN_POINT('',(1.730634241023,-1.223836677457E-14,
    1.441661871821));
#4943 = CARTESIAN_POINT('',(1.740995243632,-1.412903565756E-14,
    1.511242755101));
#4944 = CARTESIAN_POINT('',(1.74898985259,-1.613548435696E-14,
    1.57979379753));
#4945 = CARTESIAN_POINT('',(1.754629353759,-1.756217013792E-14,
    1.647318257046));
#4946 = CARTESIAN_POINT('',(1.757925055047,-1.785094575224E-14,
    1.713821412683));
#4947 = CARTESIAN_POINT('',(1.758887979639,-1.678668091293E-14,
    1.779310800521));
#4948 = CARTESIAN_POINT('',(1.757528559412,-1.470288377133E-14,
    1.843796450028));
#4949 = CARTESIAN_POINT('',(1.753856328228,-1.268732239265E-14,
    1.907291120139));
#4950 = CARTESIAN_POINT('',(1.741902902374,-1.288797007197E-14,
    2.032329950827));
#4951 = CARTESIAN_POINT('',(1.733620159399,-1.441487196743E-14,
    2.093873736049));
#4952 = CARTESIAN_POINT('',(1.723040823873,-1.622317554408E-14,
    2.154456675521));
#4953 = CARTESIAN_POINT('',(1.710170914999,-1.761701910264E-14,
    2.214096109782));
#4954 = CARTESIAN_POINT('',(1.695013206639,-1.826735408261E-14,
    2.2728112249));
#4955 = CARTESIAN_POINT('',(1.677567400116,-1.812944352772E-14,
    2.330622341691));
#4956 = CARTESIAN_POINT('',(1.657830297254,-1.736036054799E-14,
    2.387550205144));
#4957 = CARTESIAN_POINT('',(1.635795973125,-1.623648678667E-14,
    2.443615273615));
#4958 = CARTESIAN_POINT('',(1.611455949089,-1.507101088119E-14,
    2.498837008228));
#4959 = CARTESIAN_POINT('',(1.58479936559,-1.413142693031E-14,
    2.553233162127));
#4960 = CARTESIAN_POINT('',(1.555813155125,-1.35570329559E-14,
    2.60681906981));
#4961 = CARTESIAN_POINT('',(1.524482215105,-1.32764293686E-14,
    2.659606936435));
#4962 = CARTESIAN_POINT('',(1.482366422197,-1.283716444681E-14,
    2.724604674796));
#4963 = CARTESIAN_POINT('',(1.473795719708,-1.283132303311E-14,
    2.737554994759));
#4964 = CARTESIAN_POINT('',(1.465077232207,-1.289234096707E-14,
    2.750456175923));
#4965 = CARTESIAN_POINT('',(1.456210718592,-1.30050660257E-14,
    2.763308307195));
#4966 = CARTESIAN_POINT('',(1.447195937751,-1.315434598596E-14,
    2.776111477483));
#4967 = CARTESIAN_POINT('',(1.438032648594,-1.332502862491E-14,
    2.7888657757));
#4968 = CARTESIAN_POINT('',(1.428720609993,-1.350196171944E-14,
    2.801571290745));
#4969 = CARTESIAN_POINT('',(1.419259580872,-1.366999304671E-14,
    2.814228111542));
#4970 = CARTESIAN_POINT('',(1.409649320099,-1.381397038353E-14,
    2.82683632698));
#4971 = CARTESIAN_POINT('',(1.399889586592,-1.391874150707E-14,
    2.839396025988));
#4972 = CARTESIAN_POINT('',(1.389980139229,-1.39691541942E-14,
    2.851907297456));
#4973 = CARTESIAN_POINT('',(1.379920736917,-1.395005622199E-14,
    2.864370230306));
#4974 = CARTESIAN_POINT('',(1.364606339359,-1.379441494011E-14,
    2.882992255007));
#4975 = CARTESIAN_POINT('',(1.359463991637,-1.366268521923E-14,
    2.88918751488));
#4976 = CARTESIAN_POINT('',(1.354284067321,-1.346557273209E-14,
    2.895370694603));
#4977 = CARTESIAN_POINT('',(1.349066538386,-1.321754400628E-14,
    2.901541795785));
#4978 = CARTESIAN_POINT('',(1.343811376742,-1.293306556878E-14,
    2.907700819889));
#4979 = CARTESIAN_POINT('',(1.338518554402,-1.262660394762E-14,
    2.91384776863));
#4980 = CARTESIAN_POINT('',(1.333188043244,-1.231262566939E-14,
    2.919982643371));
#4981 = CARTESIAN_POINT('',(1.327819815295,-1.200559726232E-14,
    2.926105445881));
#4982 = CARTESIAN_POINT('',(1.322413842443,-1.171998525307E-14,
    2.932216177538));
#4983 = CARTESIAN_POINT('',(1.316970096685,-1.147025616957E-14,
    2.938314840038));
#4984 = CARTESIAN_POINT('',(1.311488549946,-1.127087653888E-14,
    2.944401434857));
#4985 = CARTESIAN_POINT('',(1.305969174191,-1.113631288855E-14,
    2.9504759636));
#4986 = CARTESIAN_POINT('',(1.299022633161,-1.106721146025E-14,
    2.958054043862));
#4987 = CARTESIAN_POINT('',(1.297630959022,-1.115296797909E-14,
    2.95956890558));
#4988 = CARTESIAN_POINT('',(1.296236918533,-1.13201626166E-14,
    2.961083012921));
#4989 = CARTESIAN_POINT('',(1.294840511294,-1.155065668714E-14,
    2.962596365893));
#4990 = CARTESIAN_POINT('',(1.293441736867,-1.182631150467E-14,
    2.964108964397));
#4991 = CARTESIAN_POINT('',(1.292040594881,-1.21289883838E-14,
    2.96562080851));
#4992 = CARTESIAN_POINT('',(1.290637084873,-1.244054863826E-14,
    2.967131898075));
#4993 = CARTESIAN_POINT('',(1.289231206481,-1.274285358279E-14,
    2.96864223319));
#4994 = CARTESIAN_POINT('',(1.287822959251,-1.301776453117E-14,
    2.970151813722));
#4995 = CARTESIAN_POINT('',(1.2864123428,-1.324714279792E-14,
    2.971660639713));
#4996 = CARTESIAN_POINT('',(1.284999356699,-1.341284969709E-14,
    2.973168711096));
#4997 = CARTESIAN_POINT('',(1.283584000543,-1.349674654299E-14,
    2.974676027858));
#4998 = CARTESIAN_POINT('',(1.281811842261,-1.347668167652E-14,
    2.976559230492));
#4999 = CARTESIAN_POINT('',(1.281457262451,-1.342568249507E-14,
    2.976935823851));
#5000 = CARTESIAN_POINT('',(1.281102534481,-1.333624701767E-14,
    2.977312370046));
#5001 = CARTESIAN_POINT('',(1.280747658345,-1.321692515659E-14,
    2.977688869064));
#5002 = CARTESIAN_POINT('',(1.280392634033,-1.307626682392E-14,
    2.978065320927));
#5003 = CARTESIAN_POINT('',(1.280037461549,-1.292282193213E-14,
    2.978441725606));
#5004 = CARTESIAN_POINT('',(1.279682140871,-1.276514039307E-14,
    2.978818083126));
#5005 = CARTESIAN_POINT('',(1.279326672011,-1.261177211937E-14,
    2.979194393469));
#5006 = CARTESIAN_POINT('',(1.278971054944,-1.247126702289E-14,
    2.979570656643));
#5007 = CARTESIAN_POINT('',(1.278615289679,-1.235217501609E-14,
    2.979946872644));
#5008 = CARTESIAN_POINT('',(1.2782593762,-1.226304601107E-14,
    2.980323041473));
#5009 = CARTESIAN_POINT('',(1.277903314505,-1.221242992009E-14,
    2.980699163129));
#5010 = CARTESIAN_POINT('',(1.277368999627,-1.220710002299E-14,
    2.981263274851));
#5011 = CARTESIAN_POINT('',(1.27721109846,9.369217814422E-15,
    2.981429930769));
#5012 = CARTESIAN_POINT('',(1.276885476496,-1.351665105027E-13,
    2.981773515991));
#5013 = CARTESIAN_POINT('',(1.277027828871,3.814609922302E-13,
    2.981623720824));
#5014 = CARTESIAN_POINT('',(1.276304660051,-8.537878796502E-13,
    2.982386138176));
#5015 = CARTESIAN_POINT('',(1.276764909599,1.27196863541E-12,
    2.981901593291));
#5016 = CARTESIAN_POINT('',(1.275985899635,-1.403061076394E-12,
    2.982722600172));
#5017 = CARTESIAN_POINT('',(1.276209286794,1.02761334079E-12,
    2.982487759479));
#5018 = CARTESIAN_POINT('',(1.275810366358,-5.361104647407E-13,
    2.982908317683));
#5019 = CARTESIAN_POINT('',(1.275701136681,1.600361549867E-13,
    2.983023818619));
#5020 = CARTESIAN_POINT('',(1.275495289375,-4.534801277706E-14,
    2.983241051294));
#5021 = CARTESIAN_POINT('',(1.275310236675,-1.081855981825E-14,
    2.983436390973));
#5022 = CARTESIAN_POINT('',(1.274935565242,-1.081709757317E-14,
    2.983831877485));
#5023 = CARTESIAN_POINT('',(1.274748174313,-1.091390346464E-14,
    2.984029679022));
#5024 = CARTESIAN_POINT('',(1.274560728171,-1.109051500918E-14,
    2.984227538842));
#5025 = CARTESIAN_POINT('',(1.274373226812,-1.132920084561E-14,
    2.984425456933));
#5026 = CARTESIAN_POINT('',(1.274185670247,-1.161222961321E-14,
    2.984623433325));
#5027 = CARTESIAN_POINT('',(1.273998058457,-1.192186995051E-14,
    2.984821467966));
#5028 = CARTESIAN_POINT('',(1.273810391469,-1.224039049708E-14,
    2.985019560927));
#5029 = CARTESIAN_POINT('',(1.273622669252,-1.255005989128E-14,
    2.98521771213));
#5030 = CARTESIAN_POINT('',(1.273434891835,-1.283314677265E-14,
    2.985415921644));
#5031 = CARTESIAN_POINT('',(1.273247059196,-1.307191977975E-14,
    2.985614189419));
#5032 = CARTESIAN_POINT('',(1.273059171348,-1.324864755184E-14,
    2.985812515486));
#5033 = CARTESIAN_POINT('',(1.272871228285,-1.334559872776E-14,
    2.986010899829));
#5034 = CARTESIAN_POINT('',(1.271931236906,-1.334281482169E-14,
    2.987003112951));
#5035 = CARTESIAN_POINT('',(1.271178360391,-1.323741518107E-14,
    2.987797815942));
#5036 = CARTESIAN_POINT('',(1.270424600458,-1.304755977646E-14,
    2.988593451419));
#5037 = CARTESIAN_POINT('',(1.269669957125,-1.27919653597E-14,
    2.989390019397));
#5038 = CARTESIAN_POINT('',(1.268914430355,-1.248934868251E-14,
    2.990187519851));
#5039 = CARTESIAN_POINT('',(1.268158020208,-1.215842649678E-14,
    2.990985952816));
#5040 = CARTESIAN_POINT('',(1.267400726607,-1.181791555423E-14,
    2.991785318251));
#5041 = CARTESIAN_POINT('',(1.266642549633,-1.148653260669E-14,
    2.992585616196));
#5042 = CARTESIAN_POINT('',(1.265883489214,-1.118299440597E-14,
    2.993386846618));
#5043 = CARTESIAN_POINT('',(1.265123545404,-1.092601770383E-14,
    2.994189009541));
#5044 = CARTESIAN_POINT('',(1.26436271817,-1.073431925209E-14,
    2.994992104949));
#5045 = CARTESIAN_POINT('',(1.263601007527,-1.062661580255E-14,
    2.995796132852));
#5046 = CARTESIAN_POINT('',(1.259788037245,-1.060165732476E-14,
    2.999820934814));
#5047 = CARTESIAN_POINT('',(1.256723526418,-1.068759042578E-14,
    3.003055696251));
#5048 = CARTESIAN_POINT('',(1.253644880979,-1.086044409808E-14,
    3.006305377522));
#5049 = CARTESIAN_POINT('',(1.250552100955,-1.110123903003E-14,
    3.009569978712));
#5050 = CARTESIAN_POINT('',(1.247445186295,-1.139099590924E-14,
    3.012849499657));
#5051 = CARTESIAN_POINT('',(1.244324137074,-1.17107354246E-14,
    3.016143940608));
#5052 = CARTESIAN_POINT('',(1.241188953205,-1.20414782633E-14,
    3.019453301252));
#5053 = CARTESIAN_POINT('',(1.23803963477,-1.236424511439E-14,
    3.022777581911));
#5054 = CARTESIAN_POINT('',(1.234876181704,-1.266005666521E-14,
    3.02611678231));
#5055 = CARTESIAN_POINT('',(1.23169859405,-1.290993360441E-14,
    3.029470902643));
#5056 = CARTESIAN_POINT('',(1.228506871785,-1.309489661982E-14,
    3.032839942799));
#5057 = CARTESIAN_POINT('',(1.225301014919,-1.319596639968E-14,
    3.036223902827));
#5058 = CARTESIAN_POINT('',(1.221329409765,-1.319374282823E-14,
    3.040416152712));
#5059 = CARTESIAN_POINT('',(1.220577025952,-1.319469581819E-14,
    3.041210335625));
#5060 = CARTESIAN_POINT('',(1.21982387201,-1.319701395335E-14,
    3.042005331452));
#5061 = CARTESIAN_POINT('',(1.21906994794,-1.32006885851E-14,
    3.042801140194));
#5062 = CARTESIAN_POINT('',(1.21831525374,-1.320571106484E-14,
    3.043597761849));
#5063 = CARTESIAN_POINT('',(1.217559789411,-1.321207274395E-14,
    3.044395196419));
#5064 = CARTESIAN_POINT('',(1.216803554952,-1.321976497384E-14,
    3.045193443903));
#5065 = CARTESIAN_POINT('',(1.216046550365,-1.322877910589E-14,
    3.0459925043));
#5066 = CARTESIAN_POINT('',(1.215288775649,-1.323910649149E-14,
    3.046792377612));
#5067 = CARTESIAN_POINT('',(1.214530230803,-1.325073848205E-14,
    3.047593063838));
#5068 = CARTESIAN_POINT('',(1.213770915828,-1.326366642894E-14,
    3.048394562978));
#5069 = CARTESIAN_POINT('',(1.213010830725,-1.327788168358E-14,
    3.049196875032));
#5070 = CARTESIAN_POINT('',(1.212249975492,-1.329337559733E-14,3.05));
#5071 = PCURVE('',#2039,#5072);
#5072 = DEFINITIONAL_REPRESENTATION('',(#5073),#5077);
#5073 = LINE('',#5074,#5075);
#5074 = CARTESIAN_POINT('',(0.,0.));
#5075 = VECTOR('',#5076,1.);
#5076 = DIRECTION('',(0.,1.));
#5077 = ( GEOMETRIC_REPRESENTATION_CONTEXT(2) 
PARAMETRIC_REPRESENTATION_CONTEXT() REPRESENTATION_CONTEXT('2D SPACE',''
  ) );
#5078 = PCURVE('',#2039,#5079);
#5079 = DEFINITIONAL_REPRESENTATION('',(#5080),#5084);
#5080 = LINE('',#5081,#5082);
#5081 = CARTESIAN_POINT('',(1.,0.));
#5082 = VECTOR('',#5083,1.);
#5083 = DIRECTION('',(0.,1.));
#5084 = ( GEOMETRIC_REPRESENTATION_CONTEXT(2) 
PARAMETRIC_REPRESENTATION_CONTEXT() REPRESENTATION_CONTEXT('2D SPACE',''
  ) );
#5085 = ORIENTED_EDGE('',*,*,#5086,.F.);
#5086 = EDGE_CURVE('',#4837,#4837,#5087,.T.);
#5087 = SURFACE_CURVE('',#5088,(#5221,#5547),.PCURVE_S1.);
#5088 = B_SPLINE_CURVE_WITH_KNOTS('',6,(#5089,#5090,#5091,#5092,#5093,
    #5094,#5095,#5096,#5097,#5098,#5099,#5100,#5101,#5102,#5103,#5104,
    #5105,#5106,#5107,#5108,#5109,#5110,#5111,#5112,#5113,#5114,#5115,
    #5116,#5117,#5118,#5119,#5120,#5121,#5122,#5123,#5124,#5125,#5126,
    #5127,#5128,#5129,#5130,#5131,#5132,#5133,#5134,#5135,#5136,#5137,
    #5138,#5139,#5140,#5141,#5142,#5143,#5144,#5145,#5146,#5147,#5148,
    #5149,#5150,#5151,#5152,#5153,#5154,#5155,#5156,#5157,#5158,#5159,
    #5160,#5161,#5162,#5163,#5164,#5165,#5166,#5167,#5168,#5169,#5170,
    #5171,#5172,#5173,#5174,#5175,#5176,#5177,#5178,#5179,#5180,#5181,
    #5182,#5183,#5184,#5185,#5186,#5187,#5188,#5189,#5190,#5191,#5192,
    #5193,#5194,#5195,#5196,#5197,#5198,#5199,#5200,#5201,#5202,#5203,
    #5204,#5205,#5206,#5207,#5208,#5209,#5210,#5211,#5212,#5213,#5214,
    #5215,#5216,#5217,#5218,#5219,#5220),.UNSPECIFIED.,.T.,.F.,(7,5,5,5,
    5,5,5,5,5,5,5,5,5,5,5,5,5,5,5,5,5,5,5,5,5,5,7),(0.,5.791699539E-02,
    9.266607580579E-02,0.135762880641,0.167496795753,0.190378013266,
    0.250709327931,0.309614312012,0.332495433949,0.364229205638,
    0.407325885824,0.442074997902,0.460980451474,0.500317417862,
    0.527024449146,0.558304173122,0.593075961182,0.636201241961,
    0.667952289019,0.690842826806,0.750058851959,0.80895292345,
    0.832925625848,0.864643139596,0.907712873788,0.9424405582,1.),
  .UNSPECIFIED.);
#5089 = CARTESIAN_POINT('',(1.484943524649,-9.875533958264E-15,0.65));
#5090 = CARTESIAN_POINT('',(1.484943623306,-8.075328419354E-02,0.65));
#5091 = CARTESIAN_POINT('',(1.476512252769,-0.16156642611,0.65));
#5092 = CARTESIAN_POINT('',(1.45962946204,-0.241204219603,0.65));
#5093 = CARTESIAN_POINT('',(1.434767071937,-0.318687318552,0.65));
#5094 = CARTESIAN_POINT('',(1.402604483326,-0.393231547943,0.65));
#5095 = CARTESIAN_POINT('',(1.340805423847,-0.506836526205,0.65));
#5096 = CARTESIAN_POINT('',(1.315296642029,-0.5481775869,0.65));
#5097 = CARTESIAN_POINT('',(1.287621978166,-0.588144359855,0.65));
#5098 = CARTESIAN_POINT('',(1.257954780513,-0.626655077075,0.65));
#5099 = CARTESIAN_POINT('',(1.226463896926,-0.663654018021,0.65));
#5100 = CARTESIAN_POINT('',(1.152179434107,-0.743072272734,0.65));
#5101 = CARTESIAN_POINT('',(1.108490628264,-0.784655875105,0.65));
#5102 = CARTESIAN_POINT('',(1.062532841499,-0.823791092904,0.65));
#5103 = CARTESIAN_POINT('',(1.014579345378,-0.86044789075,0.65));
#5104 = CARTESIAN_POINT('',(0.964874128606,-0.894621247076,0.65));
#5105 = CARTESIAN_POINT('',(0.875886581396,-0.949663751208,0.65));
#5106 = CARTESIAN_POINT('',(0.837313300856,-0.971663729157,0.65));
#5107 = CARTESIAN_POINT('',(0.797988537087,-0.992325438321,0.65));
#5108 = CARTESIAN_POINT('',(0.757989932122,-1.011654466441,0.65));
#5109 = CARTESIAN_POINT('',(0.717388465195,-1.029657978232,0.65));
#5110 = CARTESIAN_POINT('',(0.646585146278,-1.058376353502,0.65));
#5111 = CARTESIAN_POINT('',(0.616642120693,-1.069723149169,0.65));
#5112 = CARTESIAN_POINT('',(0.586443637634,-1.080388149273,0.65));
#5113 = CARTESIAN_POINT('',(0.556012734942,-1.0903743204,0.65));
#5114 = CARTESIAN_POINT('',(0.525371226663,-1.099684548828,0.65));
#5115 = CARTESIAN_POINT('',(0.413243459142,-1.131095778015,0.65));
#5116 = CARTESIAN_POINT('',(0.330633998219,-1.149187883168,0.65));
#5117 = CARTESIAN_POINT('',(0.247075339078,-1.162652240935,0.65));
#5118 = CARTESIAN_POINT('',(0.16290896634,-1.171525437295,0.65));
#5119 = CARTESIAN_POINT('',(7.845383044146E-02,-1.175826359258,0.65));
#5120 = CARTESIAN_POINT('',(-8.844443396196E-02,-1.175291932272,0.65));
#5121 = CARTESIAN_POINT('',(-0.170874923951,-1.170670135036,0.65));
#5122 = CARTESIAN_POINT('',(-0.253008531504,-1.161688385922,0.65));
#5123 = CARTESIAN_POINT('',(-0.334547723747,-1.148328271469,0.65));
#5124 = CARTESIAN_POINT('',(-0.415174025764,-1.130555381992,0.65));
#5125 = CARTESIAN_POINT('',(-0.525379382527,-1.099682102653,0.65));
#5126 = CARTESIAN_POINT('',(-0.556020726889,-1.090371761782,0.65));
#5127 = CARTESIAN_POINT('',(-0.586451463537,-1.080385482973,0.65));
#5128 = CARTESIAN_POINT('',(-0.61664977852,-1.06972037993,0.65));
#5129 = CARTESIAN_POINT('',(-0.646592634083,-1.05837348606,0.65));
#5130 = CARTESIAN_POINT('',(-0.717395528624,-1.029654893413,0.65));
#5131 = CARTESIAN_POINT('',(-0.757996739863,-1.011651267741,0.65));
#5132 = CARTESIAN_POINT('',(-0.79799508619,-0.992322135768,0.65));
#5133 = CARTESIAN_POINT('',(-0.837319588672,-0.971660332878,0.65));
#5134 = CARTESIAN_POINT('',(-0.875892605632,-0.949660271529,0.65));
#5135 = CARTESIAN_POINT('',(-0.964879610238,-0.894617544208,0.65));
#5136 = CARTESIAN_POINT('',(-1.014584541515,-0.860444049004,0.65));
#5137 = CARTESIAN_POINT('',(-1.062537743625,-0.823787124619,0.65));
#5138 = CARTESIAN_POINT('',(-1.108495228356,-0.784651793992,0.65));
#5139 = CARTESIAN_POINT('',(-1.152183725268,-0.743068094362,0.65));
#5140 = CARTESIAN_POINT('',(-1.22646774691,-0.663649561354,0.65));
#5141 = CARTESIAN_POINT('',(-1.257958487384,-0.626650421326,0.65));
#5142 = CARTESIAN_POINT('',(-1.287625525147,-0.588139506259,0.65));
#5143 = CARTESIAN_POINT('',(-1.315300011685,-0.548172538466,0.65));
#5144 = CARTESIAN_POINT('',(-1.340808597997,-0.506831287835,0.65));
#5145 = CARTESIAN_POINT('',(-1.376590474748,-0.441052651394,0.65));
#5146 = CARTESIAN_POINT('',(-1.388507603617,-0.417502350641,0.65));
#5147 = CARTESIAN_POINT('',(-1.399706385109,-0.393597586177,0.65));
#5148 = CARTESIAN_POINT('',(-1.410160590042,-0.369359704576,0.65));
#5149 = CARTESIAN_POINT('',(-1.419845343078,-0.344812996367,0.65));
#5150 = CARTESIAN_POINT('',(-1.44723870262,-0.268323918139,0.65));
#5151 = CARTESIAN_POINT('',(-1.462310719488,-0.215435359577,0.65));
#5152 = CARTESIAN_POINT('',(-1.473739589189,-0.16158141048,0.65));
#5153 = CARTESIAN_POINT('',(-1.481364586722,-0.107055888647,0.65));
#5154 = CARTESIAN_POINT('',(-1.485097067434,-5.218674697058E-02,0.65));
#5155 = CARTESIAN_POINT('',(-1.484833107699,3.989899738943E-02,0.65));
#5156 = CARTESIAN_POINT('',(-1.482933121397,7.713322548523E-02,0.65));
#5157 = CARTESIAN_POINT('',(-1.479241682703,0.114253535781,0.65));
#5158 = CARTESIAN_POINT('',(-1.473777503136,0.151155029349,0.65));
#5159 = CARTESIAN_POINT('',(-1.466576052357,0.187738275979,0.65));
#5160 = CARTESIAN_POINT('',(-1.447281338098,0.266273605755,0.65));
#5161 = CARTESIAN_POINT('',(-1.434559782496,0.308075950801,0.65));
#5162 = CARTESIAN_POINT('',(-1.419606462083,0.349166152347,0.65));
#5163 = CARTESIAN_POINT('',(-1.402525753906,0.389418983268,0.65));
#5164 = CARTESIAN_POINT('',(-1.383436102281,0.428730909361,0.65));
#5165 = CARTESIAN_POINT('',(-1.339144919759,0.50957692425,0.65));
#5166 = CARTESIAN_POINT('',(-1.313498270528,0.550870435596,0.65));
#5167 = CARTESIAN_POINT('',(-1.285690553233,0.590783897348,0.65));
#5168 = CARTESIAN_POINT('',(-1.255895373338,0.629236325084,0.65));
#5169 = CARTESIAN_POINT('',(-1.224281631532,0.666172686191,0.65));
#5170 = CARTESIAN_POINT('',(-1.149732906945,0.745442785126,0.65));
#5171 = CARTESIAN_POINT('',(-1.105905404236,0.786938765572,0.65));
#5172 = CARTESIAN_POINT('',(-1.059816493351,0.825981708546,0.65));
#5173 = CARTESIAN_POINT('',(-1.011739111587,0.862542359241,0.65));
#5174 = CARTESIAN_POINT('',(-0.961916839515,0.89661623231,0.65));
#5175 = CARTESIAN_POINT('',(-0.872741800659,0.951478015342,0.65));
#5176 = CARTESIAN_POINT('',(-0.834095341162,0.973398448107,0.65));
#5177 = CARTESIAN_POINT('',(-0.79470091555,0.993979458646,0.65));
#5178 = CARTESIAN_POINT('',(-0.75463600109,1.013226729402,0.65));
#5179 = CARTESIAN_POINT('',(-0.713971432027,1.031147481256,0.65));
#5180 = CARTESIAN_POINT('',(-0.643068752294,1.05972014345,0.65));
#5181 = CARTESIAN_POINT('',(-0.613088062724,1.071004642803,0.65));
#5182 = CARTESIAN_POINT('',(-0.582853536957,1.081607025745,0.65));
#5183 = CARTESIAN_POINT('',(-0.552388164477,1.091530260459,0.65));
#5184 = CARTESIAN_POINT('',(-0.521713718163,1.100777229148,0.65));
#5185 = CARTESIAN_POINT('',(-0.411008673213,1.131530207101,0.65));
#5186 = CARTESIAN_POINT('',(-0.329912152628,1.14920070944,0.65));
#5187 = CARTESIAN_POINT('',(-0.247904932188,1.162413187417,0.65));
#5188 = CARTESIAN_POINT('',(-0.165309768771,1.171202175842,0.65));
#5189 = CARTESIAN_POINT('',(-8.242843648532E-02,1.175585791977,0.65));
#5190 = CARTESIAN_POINT('',(8.2894281037E-02,1.175545323367,0.65));
#5191 = CARTESIAN_POINT('',(0.165322948223,1.171168976005,0.65));
#5192 = CARTESIAN_POINT('',(0.247467865422,1.162434942839,0.65));
#5193 = CARTESIAN_POINT('',(0.329032146417,1.149325399223,0.65));
#5194 = CARTESIAN_POINT('',(0.409698428238,1.13180644648,0.65));
#5195 = CARTESIAN_POINT('',(0.521460062515,1.1008820783,0.65));
#5196 = CARTESIAN_POINT('',(0.553585322908,1.09119750935,0.65));
#5197 = CARTESIAN_POINT('',(0.585481089056,1.080771190145,0.65));
#5198 = CARTESIAN_POINT('',(0.617122326039,1.069599807406,0.65));
#5199 = CARTESIAN_POINT('',(0.648482527306,1.057679949482,0.65));
#5200 = CARTESIAN_POINT('',(0.720616570696,1.028242317578,0.65));
#5201 = CARTESIAN_POINT('',(0.76115796684,1.010160698966,0.65));
#5202 = CARTESIAN_POINT('',(0.80109346824,0.990754526507,0.65));
#5203 = CARTESIAN_POINT('',(0.840351958853,0.970016689884,0.65));
#5204 = CARTESIAN_POINT('',(0.878855641459,0.947941692469,0.65));
#5205 = CARTESIAN_POINT('',(0.967665129232,0.892728743235,0.65));
#5206 = CARTESIAN_POINT('',(1.017259287114,0.858461562435,0.65));
#5207 = CARTESIAN_POINT('',(1.065095264039,0.82171411914,0.65));
#5208 = CARTESIAN_POINT('',(1.110928688226,0.782491947463,0.65));
#5209 = CARTESIAN_POINT('',(1.154485977728,0.740825826952,0.65));
#5210 = CARTESIAN_POINT('',(1.228520106873,0.661267963759,0.65));
#5211 = CARTESIAN_POINT('',(1.2598947084,0.6242099656,0.65));
#5212 = CARTESIAN_POINT('',(1.289440772961,0.585644262073,0.65));
#5213 = CARTESIAN_POINT('',(1.316989506665,0.545627227531,0.65));
#5214 = CARTESIAN_POINT('',(1.342367809665,0.504241372993,0.65));
#5215 = CARTESIAN_POINT('',(1.403594564669,0.390928969669,0.65));
#5216 = CARTESIAN_POINT('',(1.435379520017,0.316772826541,0.65));
#5217 = CARTESIAN_POINT('',(1.459941420006,0.239728214319,0.65));
#5218 = CARTESIAN_POINT('',(1.476616035268,0.160567949014,0.65));
#5219 = CARTESIAN_POINT('',(1.484943620379,8.025480194775E-02,0.65));
#5220 = CARTESIAN_POINT('',(1.484943524649,1.526928282602E-14,0.65));
#5221 = PCURVE('',#2039,#5222);
#5222 = DEFINITIONAL_REPRESENTATION('',(#5223),#5546);
#5223 = B_SPLINE_CURVE_WITH_KNOTS('',11,(#5224,#5225,#5226,#5227,#5228,
    #5229,#5230,#5231,#5232,#5233,#5234,#5235,#5236,#5237,#5238,#5239,
    #5240,#5241,#5242,#5243,#5244,#5245,#5246,#5247,#5248,#5249,#5250,
    #5251,#5252,#5253,#5254,#5255,#5256,#5257,#5258,#5259,#5260,#5261,
    #5262,#5263,#5264,#5265,#5266,#5267,#5268,#5269,#5270,#5271,#5272,
    #5273,#5274,#5275,#5276,#5277,#5278,#5279,#5280,#5281,#5282,#5283,
    #5284,#5285,#5286,#5287,#5288,#5289,#5290,#5291,#5292,#5293,#5294,
    #5295,#5296,#5297,#5298,#5299,#5300,#5301,#5302,#5303,#5304,#5305,
    #5306,#5307,#5308,#5309,#5310,#5311,#5312,#5313,#5314,#5315,#5316,
    #5317,#5318,#5319,#5320,#5321,#5322,#5323,#5324,#5325,#5326,#5327,
    #5328,#5329,#5330,#5331,#5332,#5333,#5334,#5335,#5336,#5337,#5338,
    #5339,#5340,#5341,#5342,#5343,#5344,#5345,#5346,#5347,#5348,#5349,
    #5350,#5351,#5352,#5353,#5354,#5355,#5356,#5357,#5358,#5359,#5360,
    #5361,#5362,#5363,#5364,#5365,#5366,#5367,#5368,#5369,#5370,#5371,
    #5372,#5373,#5374,#5375,#5376,#5377,#5378,#5379,#5380,#5381,#5382,
    #5383,#5384,#5385,#5386,#5387,#5388,#5389,#5390,#5391,#5392,#5393,
    #5394,#5395,#5396,#5397,#5398,#5399,#5400,#5401,#5402,#5403,#5404,
    #5405,#5406,#5407,#5408,#5409,#5410,#5411,#5412,#5413,#5414,#5415,
    #5416,#5417,#5418,#5419,#5420,#5421,#5422,#5423,#5424,#5425,#5426,
    #5427,#5428,#5429,#5430,#5431,#5432,#5433,#5434,#5435,#5436,#5437,
    #5438,#5439,#5440,#5441,#5442,#5443,#5444,#5445,#5446,#5447,#5448,
    #5449,#5450,#5451,#5452,#5453,#5454,#5455,#5456,#5457,#5458,#5459,
    #5460,#5461,#5462,#5463,#5464,#5465,#5466,#5467,#5468,#5469,#5470,
    #5471,#5472,#5473,#5474,#5475,#5476,#5477,#5478,#5479,#5480,#5481,
    #5482,#5483,#5484,#5485,#5486,#5487,#5488,#5489,#5490,#5491,#5492,
    #5493,#5494,#5495,#5496,#5497,#5498,#5499,#5500,#5501,#5502,#5503,
    #5504,#5505,#5506,#5507,#5508,#5509,#5510,#5511,#5512,#5513,#5514,
    #5515,#5516,#5517,#5518,#5519,#5520,#5521,#5522,#5523,#5524,#5525,
    #5526,#5527,#5528,#5529,#5530,#5531,#5532,#5533,#5534,#5535,#5536,
    #5537,#5538,#5539,#5540,#5541,#5542,#5543,#5544,#5545),
  .UNSPECIFIED.,.F.,.F.,(12,10,10,10,10,10,10,10,10,10,10,10,10,10,10,10
    ,10,10,10,10,10,10,10,10,10,10,10,10,10,10,10,10,12),(0.,3.125E-02,
    4.6875E-02,5.46875E-02,6.25E-02,9.375E-02,0.125,0.15625,0.1875,0.25,
    0.3125,0.34375,0.375,0.40625,0.4375,0.453125,0.46875,0.5,0.53125,
    0.5625,0.59375,0.625,0.65625,0.6875,0.75,0.8125,0.84375,0.875,
    0.90625,0.9375,0.953125,0.96875,1.),.UNSPECIFIED.);
#5224 = CARTESIAN_POINT('',(1.,1.946904672425E-02));
#5225 = CARTESIAN_POINT('',(0.996722398577,1.946904870611E-02));
#5226 = CARTESIAN_POINT('',(0.993444148255,1.947351492253E-02));
#5227 = CARTESIAN_POINT('',(0.990166880562,1.948245271659E-02));
#5228 = CARTESIAN_POINT('',(0.98689209774,1.949583211035E-02));
#5229 = CARTESIAN_POINT('',(0.983621182597,1.951358905189E-02));
#5230 = CARTESIAN_POINT('',(0.980355408388,1.953562866271E-02));
#5231 = CARTESIAN_POINT('',(0.977095948661,1.956182848457E-02));
#5232 = CARTESIAN_POINT('',(0.973843887143,1.959204172704E-02));
#5233 = CARTESIAN_POINT('',(0.970600227584,1.962610051435E-02));
#5234 = CARTESIAN_POINT('',(0.967365903637,1.96638191328E-02));
#5235 = CARTESIAN_POINT('',(0.962529731252,1.972558635027E-02));
#5236 = CARTESIAN_POINT('',(0.960920226546,1.974704076392E-02));
#5237 = CARTESIAN_POINT('',(0.959313382227,1.976933490559E-02));
#5238 = CARTESIAN_POINT('',(0.957709302705,1.979244262787E-02));
#5239 = CARTESIAN_POINT('',(0.956108089166,1.981633724899E-02));
#5240 = CARTESIAN_POINT('',(0.95450983958,1.984099155298E-02));
#5241 = CARTESIAN_POINT('',(0.95291464869,1.986637778945E-02));
#5242 = CARTESIAN_POINT('',(0.951322608021,1.989246767384E-02));
#5243 = CARTESIAN_POINT('',(0.949733805875,1.991923238718E-02));
#5244 = CARTESIAN_POINT('',(0.948148327334,1.994664257628E-02));
#5245 = CARTESIAN_POINT('',(0.945775217719,1.998868124229E-02));
#5246 = CARTESIAN_POINT('',(0.944985033638,2.00028481433E-02));
#5247 = CARTESIAN_POINT('',(0.944195711777,2.001716538317E-02));
#5248 = CARTESIAN_POINT('',(0.943407261899,2.003162928835E-02));
#5249 = CARTESIAN_POINT('',(0.942619693767,2.00462361854E-02));
#5250 = CARTESIAN_POINT('',(0.94183301714,2.006098240072E-02));
#5251 = CARTESIAN_POINT('',(0.941047241786,2.007586426093E-02));
#5252 = CARTESIAN_POINT('',(0.940262377463,2.009087809239E-02));
#5253 = CARTESIAN_POINT('',(0.939478433937,2.01060202217E-02));
#5254 = CARTESIAN_POINT('',(0.938695420968,2.01212869753E-02));
#5255 = CARTESIAN_POINT('',(0.93713127567,2.01520623841E-02));
#5256 = CARTESIAN_POINT('',(0.936350139707,2.016757112634E-02));
#5257 = CARTESIAN_POINT('',(0.935569951479,2.018319716438E-02));
#5258 = CARTESIAN_POINT('',(0.934790734756,2.019893668555E-02));
#5259 = CARTESIAN_POINT('',(0.934012492862,2.021478620401E-02));
#5260 = CARTESIAN_POINT('',(0.933235208565,2.023074251843E-02));
#5261 = CARTESIAN_POINT('',(0.932458861838,2.02468024418E-02));
#5262 = CARTESIAN_POINT('',(0.931683450282,2.026296251636E-02));
#5263 = CARTESIAN_POINT('',(0.930908997037,2.027921892518E-02));
#5264 = CARTESIAN_POINT('',(0.930135530963,2.029556781348E-02));
#5265 = CARTESIAN_POINT('',(0.926272995751,2.037775990354E-02));
#5266 = CARTESIAN_POINT('',(0.923198470628,2.044494334059E-02));
#5267 = CARTESIAN_POINT('',(0.920139694878,2.051333609187E-02));
#5268 = CARTESIAN_POINT('',(0.917096862714,2.058272462419E-02));
#5269 = CARTESIAN_POINT('',(0.914070106469,2.065290378699E-02));
#5270 = CARTESIAN_POINT('',(0.911059492353,2.072367799543E-02));
#5271 = CARTESIAN_POINT('',(0.908065021746,2.079486213041E-02));
#5272 = CARTESIAN_POINT('',(0.905086637996,2.086628215699E-02));
#5273 = CARTESIAN_POINT('',(0.902124238776,2.093777545957E-02));
#5274 = CARTESIAN_POINT('',(0.899177693938,2.100919089534E-02));
#5275 = CARTESIAN_POINT('',(0.89331604388,2.115158623437E-02));
#5276 = CARTESIAN_POINT('',(0.890400956166,2.122256252022E-02));
#5277 = CARTESIAN_POINT('',(0.88750139772,2.129318008629E-02));
#5278 = CARTESIAN_POINT('',(0.884617142714,2.136331071572E-02));
#5279 = CARTESIAN_POINT('',(0.881747947537,2.143283531097E-02));
#5280 = CARTESIAN_POINT('',(0.878893550796,2.150164389371E-02));
#5281 = CARTESIAN_POINT('',(0.876053673311,2.156963560493E-02));
#5282 = CARTESIAN_POINT('',(0.873228018123,2.163671870487E-02));
#5283 = CARTESIAN_POINT('',(0.870416270488,2.170281057305E-02));
#5284 = CARTESIAN_POINT('',(0.867618097879,2.176783770827E-02));
#5285 = CARTESIAN_POINT('',(0.862048202093,2.189563374892E-02));
#5286 = CARTESIAN_POINT('',(0.859276472301,2.195840000521E-02));
#5287 = CARTESIAN_POINT('',(0.856517660919,2.201996803169E-02));
#5288 = CARTESIAN_POINT('',(0.853771274316,2.208028043186E-02));
#5289 = CARTESIAN_POINT('',(0.851036984624,2.213927969413E-02));
#5290 = CARTESIAN_POINT('',(0.848314524109,2.219691429986E-02));
#5291 = CARTESIAN_POINT('',(0.845603527217,2.22531438144E-02));
#5292 = CARTESIAN_POINT('',(0.84290352733,2.230793585316E-02));
#5293 = CARTESIAN_POINT('',(0.840214109481,2.236125702045E-02));
#5294 = CARTESIAN_POINT('',(0.837535014292,2.241306912057E-02));
#5295 = CARTESIAN_POINT('',(0.832196550909,2.251363317053E-02));
#5296 = CARTESIAN_POINT('',(0.829537200026,2.256238299421E-02));
#5297 = CARTESIAN_POINT('',(0.826887344027,2.260957611977E-02));
#5298 = CARTESIAN_POINT('',(0.82424659845,2.2655190311E-02));
#5299 = CARTESIAN_POINT('',(0.821614580301,2.269920559239E-02));
#5300 = CARTESIAN_POINT('',(0.818990908045,2.274160424902E-02));
#5301 = CARTESIAN_POINT('',(0.816375201617,2.278237082672E-02));
#5302 = CARTESIAN_POINT('',(0.813767082415,2.282149213185E-02));
#5303 = CARTESIAN_POINT('',(0.8111661733,2.285895723153E-02));
#5304 = CARTESIAN_POINT('',(0.8085720986,2.289475745347E-02));
#5305 = CARTESIAN_POINT('',(0.800809255117,2.299714425127E-02));
#5306 = CARTESIAN_POINT('',(0.79565986048,2.305870713508E-02));
#5307 = CARTESIAN_POINT('',(0.790533297047,2.311350873142E-02));
#5308 = CARTESIAN_POINT('',(0.785426625635,2.31615090646E-02));
#5309 = CARTESIAN_POINT('',(0.780336949514,2.320268365459E-02));
#5310 = CARTESIAN_POINT('',(0.775261398631,2.323701580169E-02));
#5311 = CARTESIAN_POINT('',(0.770197119564,2.326449199026E-02));
#5312 = CARTESIAN_POINT('',(0.765141271221,2.328510041196E-02));
#5313 = CARTESIAN_POINT('',(0.76009102627,2.3298832608E-02));
#5314 = CARTESIAN_POINT('',(0.755043578305,2.330568823093E-02));
#5315 = CARTESIAN_POINT('',(0.7449487312,2.330567762006E-02));
#5316 = CARTESIAN_POINT('',(0.73990127422,2.329880656785E-02));
#5317 = CARTESIAN_POINT('',(0.734851001159,2.328506611196E-02));
#5318 = CARTESIAN_POINT('',(0.729795115814,2.326445477382E-02));
#5319 = CARTESIAN_POINT('',(0.724730805282,2.323697467702E-02));
#5320 = CARTESIAN_POINT('',(0.71965523678,2.320263297078E-02));
#5321 = CARTESIAN_POINT('',(0.714565554513,2.316144325383E-02));
#5322 = CARTESIAN_POINT('',(0.709458876486,2.311342699785E-02));
#5323 = CARTESIAN_POINT('',(0.704332291367,2.305861497133E-02));
#5324 = CARTESIAN_POINT('',(0.699182855312,2.299704866309E-02));
#5325 = CARTESIAN_POINT('',(0.691419955567,2.289464822751E-02));
#5326 = CARTESIAN_POINT('',(0.688825861149,2.285884340531E-02));
#5327 = CARTESIAN_POINT('',(0.686224931375,2.282137368103E-02));
#5328 = CARTESIAN_POINT('',(0.683616790584,2.278224775226E-02));
#5329 = CARTESIAN_POINT('',(0.681001061645,2.274147657269E-02));
#5330 = CARTESIAN_POINT('',(0.678377365955,2.269907335199E-02));
#5331 = CARTESIAN_POINT('',(0.675745323434,2.265505355592E-02));
#5332 = CARTESIAN_POINT('',(0.673104552535,2.260943490624E-02));
#5333 = CARTESIAN_POINT('',(0.670454670236,2.256223738079E-02));
#5334 = CARTESIAN_POINT('',(0.667795292044,2.251348321343E-02));
#5335 = CARTESIAN_POINT('',(0.662456771941,2.24129105747E-02));
#5336 = CARTESIAN_POINT('',(0.659777647379,2.236109424702E-02));
#5337 = CARTESIAN_POINT('',(0.657088199136,2.230776891387E-02));
#5338 = CARTESIAN_POINT('',(0.654388167934,2.225297280632E-02));
#5339 = CARTESIAN_POINT('',(0.651677138699,2.219673931665E-02));
#5340 = CARTESIAN_POINT('',(0.648954644747,2.213910081859E-02));
#5341 = CARTESIAN_POINT('',(0.646220320669,2.208009776579E-02));
#5342 = CARTESIAN_POINT('',(0.643473898938,2.201978171718E-02));
#5343 = CARTESIAN_POINT('',(0.640715051604,2.195821020037E-02));
#5344 = CARTESIAN_POINT('',(0.637943284629,2.189544058225E-02));
#5345 = CARTESIAN_POINT('',(0.632373312894,2.176763817276E-02));
#5346 = CARTESIAN_POINT('',(0.629575101422,2.170260802338E-02));
#5347 = CARTESIAN_POINT('',(0.626763314081,2.163651332831E-02));
#5348 = CARTESIAN_POINT('',(0.623937618386,2.156942760668E-02));
#5349 = CARTESIAN_POINT('',(0.621097699639,2.150143349777E-02));
#5350 = CARTESIAN_POINT('',(0.618243260921,2.1432622761E-02));
#5351 = CARTESIAN_POINT('',(0.615374023099,2.136309627596E-02));
#5352 = CARTESIAN_POINT('',(0.612489724822,2.12929640424E-02));
#5353 = CARTESIAN_POINT('',(0.609590122523,2.122234518022E-02));
#5354 = CARTESIAN_POINT('',(0.606674990417,2.115136792948E-02));
#5355 = CARTESIAN_POINT('',(0.600813250588,2.100897137133E-02));
#5356 = CARTESIAN_POINT('',(0.597866660639,2.093755568867E-02));
#5357 = CARTESIAN_POINT('',(0.594904215972,2.086606251567E-02));
#5358 = CARTESIAN_POINT('',(0.591925786485,2.079464301893E-02));
#5359 = CARTESIAN_POINT('',(0.588931269985,2.072345984078E-02));
#5360 = CARTESIAN_POINT('',(0.58592060999,2.06526870452E-02));
#5361 = CARTESIAN_POINT('',(0.582893808037,2.058250978738E-02));
#5362 = CARTESIAN_POINT('',(0.579850930469,2.051312370687E-02));
#5363 = CARTESIAN_POINT('',(0.576792109729,2.044473404425E-02));
#5364 = CARTESIAN_POINT('',(0.573717540125,2.037755448148E-02));
#5365 = CARTESIAN_POINT('',(0.569082432105,2.02789313179E-02));
#5366 = CARTESIAN_POINT('',(0.567533521385,2.024641447063E-02));
#5367 = CARTESIAN_POINT('',(0.56598076877,2.021428311404E-02));
#5368 = CARTESIAN_POINT('',(0.564424211979,2.018256540359E-02));
#5369 = CARTESIAN_POINT('',(0.562863893631,2.015128970024E-02));
#5370 = CARTESIAN_POINT('',(0.561299861245,2.012048457029E-02));
#5371 = CARTESIAN_POINT('',(0.559732167243,2.009017878552E-02));
#5372 = CARTESIAN_POINT('',(0.558160868945,2.00604013231E-02));
#5373 = CARTESIAN_POINT('',(0.556586028573,2.003118136564E-02));
#5374 = CARTESIAN_POINT('',(0.555007713251,2.000254830115E-02));
#5375 = CARTESIAN_POINT('',(0.55184427675,1.994651514502E-02));
#5376 = CARTESIAN_POINT('',(0.550259140255,1.991911361881E-02));
#5377 = CARTESIAN_POINT('',(0.548670763138,1.989236155352E-02));
#5378 = CARTESIAN_POINT('',(0.547078939093,1.986627393115E-02));
#5379 = CARTESIAN_POINT('',(0.545484092668,1.984089482837E-02));
#5380 = CARTESIAN_POINT('',(0.543886294104,1.981625395742E-02));
#5381 = CARTESIAN_POINT('',(0.542285295989,1.979236532678E-02));
#5382 = CARTESIAN_POINT('',(0.540681243317,1.976925681149E-02));
#5383 = CARTESIAN_POINT('',(0.539074621848,1.974697031503E-02));
#5384 = CARTESIAN_POINT('',(0.537465206494,1.972551930215E-02));
#5385 = CARTESIAN_POINT('',(0.532629342179,1.966376273811E-02));
#5386 = CARTESIAN_POINT('',(0.529395189434,1.962605073915E-02));
#5387 = CARTESIAN_POINT('',(0.526151749873,1.959199950351E-02));
#5388 = CARTESIAN_POINT('',(0.522900012795,1.95617949464E-02));
#5389 = CARTESIAN_POINT('',(0.519641008395,1.953560431505E-02));
#5390 = CARTESIAN_POINT('',(0.516375815729,1.951357332492E-02));
#5391 = CARTESIAN_POINT('',(0.513105570689,1.949582329614E-02));
#5392 = CARTESIAN_POINT('',(0.509831473977,1.948244828972E-02));
#5393 = CARTESIAN_POINT('',(0.506554799076,1.947351224398E-02));
#5394 = CARTESIAN_POINT('',(0.503276900222,1.946904611077E-02));
#5395 = CARTESIAN_POINT('',(0.496721540536,1.94690438729E-02));
#5396 = CARTESIAN_POINT('',(0.493443906191,1.947351628561E-02));
#5397 = CARTESIAN_POINT('',(0.490167405458,1.948245415345E-02));
#5398 = CARTESIAN_POINT('',(0.48689347764,1.949583819408E-02));
#5399 = CARTESIAN_POINT('',(0.483623440046,1.95135807547E-02));
#5400 = CARTESIAN_POINT('',(0.480358367649,1.953559676659E-02));
#5401 = CARTESIAN_POINT('',(0.477099336788,1.956179354205E-02));
#5402 = CARTESIAN_POINT('',(0.473847606642,1.959201644234E-02));
#5403 = CARTESIAN_POINT('',(0.470604385304,1.962606156887E-02));
#5404 = CARTESIAN_POINT('',(0.467370410683,1.966376858079E-02));
#5405 = CARTESIAN_POINT('',(0.460922930251,1.974610444083E-02));
#5406 = CARTESIAN_POINT('',(0.457709420499,1.979073111961E-02));
#5407 = CARTESIAN_POINT('',(0.454507102291,1.983861525543E-02));
#5408 = CARTESIAN_POINT('',(0.451316796222,1.988954145678E-02));
#5409 = CARTESIAN_POINT('',(0.448139221531,1.994328402269E-02));
#5410 = CARTESIAN_POINT('',(0.444975022355,1.999961052649E-02));
#5411 = CARTESIAN_POINT('',(0.441824781093,2.005828519292E-02));
#5412 = CARTESIAN_POINT('',(0.438689018901,2.011907206864E-02));
#5413 = CARTESIAN_POINT('',(0.435568183301,2.018173798609E-02));
#5414 = CARTESIAN_POINT('',(0.432462622912,2.024605532078E-02));
#5415 = CARTESIAN_POINT('',(0.426282475696,2.0377553763E-02));
#5416 = CARTESIAN_POINT('',(0.423207903552,2.044473370975E-02));
#5417 = CARTESIAN_POINT('',(0.420149082715,2.051312346113E-02));
#5418 = CARTESIAN_POINT('',(0.417106206046,2.058250944752E-02));
#5419 = CARTESIAN_POINT('',(0.414079403623,2.065268662927E-02));
#5420 = CARTESIAN_POINT('',(0.411068740882,2.072345949156E-02));
#5421 = CARTESIAN_POINT('',(0.408074220712,2.079464285575E-02));
#5422 = CARTESIAN_POINT('',(0.405095789503,2.086606250702E-02));
#5423 = CARTESIAN_POINT('',(0.402133347137,2.093755563849E-02));
#5424 = CARTESIAN_POINT('',(0.399186760931,2.10089711117E-02));
#5425 = CARTESIAN_POINT('',(0.393325006137,2.115136795522E-02));
#5426 = CARTESIAN_POINT('',(0.390409870945,2.12223452793E-02));
#5427 = CARTESIAN_POINT('',(0.387510268224,2.129296417036E-02));
#5428 = CARTESIAN_POINT('',(0.384625970789,2.136309640877E-02));
#5429 = CARTESIAN_POINT('',(0.381756734001,2.143262289071E-02));
#5430 = CARTESIAN_POINT('',(0.378902295769,2.150143362797E-02));
#5431 = CARTESIAN_POINT('',(0.376062376546,2.156942774819E-02));
#5432 = CARTESIAN_POINT('',(0.373236679333,2.163651349464E-02));
#5433 = CARTESIAN_POINT('',(0.370424889678,2.17026082264E-02));
#5434 = CARTESIAN_POINT('',(0.367626675675,2.176763841823E-02));
#5435 = CARTESIAN_POINT('',(0.362056700254,2.189544090305E-02));
#5436 = CARTESIAN_POINT('',(0.359284927073,2.195821092301E-02));
#5437 = CARTESIAN_POINT('',(0.356526089866,2.201978149373E-02));
#5438 = CARTESIAN_POINT('',(0.353779674122,2.208009750342E-02));
#5439 = CARTESIAN_POINT('',(0.351045345743,2.213910139965E-02));
#5440 = CARTESIAN_POINT('',(0.348322845535,2.219674026311E-02));
#5441 = CARTESIAN_POINT('',(0.345611815216,2.225297321967E-02));
#5442 = CARTESIAN_POINT('',(0.34291178575,2.230776889174E-02));
#5443 = CARTESIAN_POINT('',(0.340222336365,2.236109457998E-02));
#5444 = CARTESIAN_POINT('',(0.337543210037,2.241291085835E-02));
#5445 = CARTESIAN_POINT('',(0.332204687485,2.251348365355E-02));
#5446 = CARTESIAN_POINT('',(0.329545308315,2.256223781639E-02));
#5447 = CARTESIAN_POINT('',(0.326895425177,2.26094353015E-02));
#5448 = CARTESIAN_POINT('',(0.324254653488,2.265505390916E-02));
#5449 = CARTESIAN_POINT('',(0.321622610154,2.269907368297E-02));
#5450 = CARTESIAN_POINT('',(0.318998913573,2.274147690977E-02));
#5451 = CARTESIAN_POINT('',(0.316383183632,2.27822481197E-02));
#5452 = CARTESIAN_POINT('',(0.313775041709,2.282137408619E-02));
#5453 = CARTESIAN_POINT('',(0.311174110673,2.285884382592E-02));
#5454 = CARTESIAN_POINT('',(0.308580014881,2.289464859888E-02));
#5455 = CARTESIAN_POINT('',(0.300817110784,2.299704852719E-02));
#5456 = CARTESIAN_POINT('',(0.29566767981,2.305862160823E-02));
#5457 = CARTESIAN_POINT('',(0.290541087886,2.311343325134E-02));
#5458 = CARTESIAN_POINT('',(0.285434394876,2.316144308223E-02));
#5459 = CARTESIAN_POINT('',(0.280344700874,2.320262681314E-02));
#5460 = CARTESIAN_POINT('',(0.275269132413,2.323696808965E-02));
#5461 = CARTESIAN_POINT('',(0.270204833897,2.326445362435E-02));
#5462 = CARTESIAN_POINT('',(0.265148964246,2.328507161641E-02));
#5463 = CARTESIAN_POINT('',(0.260098698753,2.329881345801E-02));
#5464 = CARTESIAN_POINT('',(0.255051236166,2.330567872683E-02));
#5465 = CARTESIAN_POINT('',(0.244956385798,2.330568820347E-02));
#5466 = CARTESIAN_POINT('',(0.239908924118,2.329883234606E-02));
#5467 = CARTESIAN_POINT('',(0.234858661608,2.328509981279E-02));
#5468 = CARTESIAN_POINT('',(0.229802798826,2.326449113207E-02));
#5469 = CARTESIAN_POINT('',(0.224738512475,2.323701501306E-02));
#5470 = CARTESIAN_POINT('',(0.219662961893,2.32026832681E-02));
#5471 = CARTESIAN_POINT('',(0.214573290781,2.316150908687E-02));
#5472 = CARTESIAN_POINT('',(0.209466624164,2.311350866039E-02));
#5473 = CARTESIAN_POINT('',(0.204340060592,2.305870615675E-02));
#5474 = CARTESIAN_POINT('',(0.199190659568,2.299714204702E-02));
#5475 = CARTESIAN_POINT('',(0.191427806554,2.289475615008E-02));
#5476 = CARTESIAN_POINT('',(0.188833728845,2.285895600834E-02));
#5477 = CARTESIAN_POINT('',(0.186232816874,2.28214908416E-02));
#5478 = CARTESIAN_POINT('',(0.183624694954,2.278236938318E-02));
#5479 = CARTESIAN_POINT('',(0.181008985928,2.27416026153E-02));
#5480 = CARTESIAN_POINT('',(0.178385311178,2.269920376907E-02));
#5481 = CARTESIAN_POINT('',(0.175753290616,2.265518832449E-02));
#5482 = CARTESIAN_POINT('',(0.173112542691,2.260957401047E-02));
#5483 = CARTESIAN_POINT('',(0.170462684385,2.256238080478E-02));
#5484 = CARTESIAN_POINT('',(0.167803331216,2.251363093411E-02));
#5485 = CARTESIAN_POINT('',(0.162464863254,2.241306681399E-02));
#5486 = CARTESIAN_POINT('',(0.159785765331,2.236125450486E-02));
#5487 = CARTESIAN_POINT('',(0.157096346979,2.230793368983E-02));
#5488 = CARTESIAN_POINT('',(0.154396341086,2.22531411084E-02));
#5489 = CARTESIAN_POINT('',(0.151685339225,2.219691083325E-02));
#5490 = CARTESIAN_POINT('',(0.148962880867,2.213927640063E-02));
#5491 = CARTESIAN_POINT('',(0.146228593752,2.208027790139E-02));
#5492 = CARTESIAN_POINT('',(0.143482198371,2.20199654033E-02));
#5493 = CARTESIAN_POINT('',(0.140723371278,2.195839628605E-02));
#5494 = CARTESIAN_POINT('',(0.137951643673,2.189563027336E-02));
#5495 = CARTESIAN_POINT('',(0.132381743204,2.176783403941E-02));
#5496 = CARTESIAN_POINT('',(0.129583568954,2.170280681443E-02));
#5497 = CARTESIAN_POINT('',(0.126771819492,2.163671485301E-02));
#5498 = CARTESIAN_POINT('',(0.123946161712,2.156963165027E-02));
#5499 = CARTESIAN_POINT('',(0.121106280605,2.150163982502E-02));
#5500 = CARTESIAN_POINT('',(0.118251879256,2.143283111963E-02));
#5501 = CARTESIAN_POINT('',(0.115382678842,2.136330640014E-02));
#5502 = CARTESIAN_POINT('',(0.112498418636,2.129317565618E-02));
#5503 = CARTESIAN_POINT('',(0.109598856004,2.1222558001E-02));
#5504 = CARTESIAN_POINT('',(0.106683766407,2.115158167149E-02));
#5505 = CARTESIAN_POINT('',(0.100822120389,2.10091863848E-02));
#5506 = CARTESIAN_POINT('',(9.787556928891E-02,2.09377706866E-02));
#5507 = CARTESIAN_POINT('',(9.491316409412E-02,2.086627727132E-02));
#5508 = CARTESIAN_POINT('',(9.19347767508E-02,2.07948573056E-02));
#5509 = CARTESIAN_POINT('',(8.894030389378E-02,2.072367326676E-02));
#5510 = CARTESIAN_POINT('',(8.592968712804E-02,2.065289906257E-02));
#5511 = CARTESIAN_POINT('',(8.290292685616E-02,2.05827197892E-02));
#5512 = CARTESIAN_POINT('',(7.986008964725E-02,2.051333112713E-02));
#5513 = CARTESIAN_POINT('',(7.680130915187E-02,2.044493837519E-02));
#5514 = CARTESIAN_POINT('',(7.372678055921E-02,2.03777551226E-02));
#5515 = CARTESIAN_POINT('',(6.909173261896E-02,2.02791247774E-02));
#5516 = CARTESIAN_POINT('',(6.754285983312E-02,2.024660567168E-02));
#5517 = CARTESIAN_POINT('',(6.599009659746E-02,2.021447186537E-02));
#5518 = CARTESIAN_POINT('',(6.44332889611E-02,2.018274390091E-02));
#5519 = CARTESIAN_POINT('',(6.287433924977E-02,2.015149147617E-02));
#5520 = CARTESIAN_POINT('',(6.130791507909E-02,2.012064058481E-02));
#5521 = CARTESIAN_POINT('',(5.974182831399E-02,2.00903594027E-02));
#5522 = CARTESIAN_POINT('',(5.816925332335E-02,2.006055723599E-02));
#5523 = CARTESIAN_POINT('',(5.65943957912E-02,2.003133412923E-02));
#5524 = CARTESIAN_POINT('',(5.501569040494E-02,2.000269175433E-02));
#5525 = CARTESIAN_POINT('',(5.185155710846E-02,1.994664055924E-02));
#5526 = CARTESIAN_POINT('',(5.026608340039E-02,1.991923051688E-02));
#5527 = CARTESIAN_POINT('',(4.867728481088E-02,1.989246592293E-02));
#5528 = CARTESIAN_POINT('',(4.708524671359E-02,1.986637613595E-02));
#5529 = CARTESIAN_POINT('',(4.549005767722E-02,1.984098997987E-02));
#5530 = CARTESIAN_POINT('',(4.389180946588E-02,1.981633574382E-02));
#5531 = CARTESIAN_POINT('',(4.229059703859E-02,1.979244118245E-02));
#5532 = CARTESIAN_POINT('',(4.068651854981E-02,1.976933351552E-02));
#5533 = CARTESIAN_POINT('',(3.907967534901E-02,1.97470394283E-02));
#5534 = CARTESIAN_POINT('',(3.747017198094E-02,1.972558507127E-02));
#5535 = CARTESIAN_POINT('',(3.26340045946E-02,1.966381803832E-02));
#5536 = CARTESIAN_POINT('',(2.939968529083E-02,1.962609955054E-02));
#5537 = CARTESIAN_POINT('',(2.615603253413E-02,1.959204093274E-02));
#5538 = CARTESIAN_POINT('',(2.290398038771E-02,1.956182789543E-02));
#5539 = CARTESIAN_POINT('',(1.964453256134E-02,1.953562828913E-02));
#5540 = CARTESIAN_POINT('',(1.63787722543E-02,1.951358886898E-02));
#5541 = CARTESIAN_POINT('',(1.310787199882E-02,1.94958320602E-02));
#5542 = CARTESIAN_POINT('',(9.833103502952E-03,1.948245272263E-02));
#5543 = CARTESIAN_POINT('',(6.555847493956E-03,1.947351491608E-02));
#5544 = CARTESIAN_POINT('',(3.277603561323E-03,1.946904866514E-02));
#5545 = CARTESIAN_POINT('',(0.,1.946904672425E-02));
#5546 = ( GEOMETRIC_REPRESENTATION_CONTEXT(2) 
PARAMETRIC_REPRESENTATION_CONTEXT() REPRESENTATION_CONTEXT('2D SPACE',''
  ) );
#5547 = PCURVE('',#5548,#5553);
#5548 = PLANE('',#5549);
#5549 = AXIS2_PLACEMENT_3D('',#5550,#5551,#5552);
#5550 = CARTESIAN_POINT('',(1.55,-6.979794086085E-16,0.65));
#5551 = DIRECTION('',(-0.,0.,-1.));
#5552 = DIRECTION('',(-0.99523994753,-9.745484513528E-02,0.));
#5553 = DEFINITIONAL_REPRESENTATION('',(#5554),#5687);
#5554 = B_SPLINE_CURVE_WITH_KNOTS('',6,(#5555,#5556,#5557,#5558,#5559,
    #5560,#5561,#5562,#5563,#5564,#5565,#5566,#5567,#5568,#5569,#5570,
    #5571,#5572,#5573,#5574,#5575,#5576,#5577,#5578,#5579,#5580,#5581,
    #5582,#5583,#5584,#5585,#5586,#5587,#5588,#5589,#5590,#5591,#5592,
    #5593,#5594,#5595,#5596,#5597,#5598,#5599,#5600,#5601,#5602,#5603,
    #5604,#5605,#5606,#5607,#5608,#5609,#5610,#5611,#5612,#5613,#5614,
    #5615,#5616,#5617,#5618,#5619,#5620,#5621,#5622,#5623,#5624,#5625,
    #5626,#5627,#5628,#5629,#5630,#5631,#5632,#5633,#5634,#5635,#5636,
    #5637,#5638,#5639,#5640,#5641,#5642,#5643,#5644,#5645,#5646,#5647,
    #5648,#5649,#5650,#5651,#5652,#5653,#5654,#5655,#5656,#5657,#5658,
    #5659,#5660,#5661,#5662,#5663,#5664,#5665,#5666,#5667,#5668,#5669,
    #5670,#5671,#5672,#5673,#5674,#5675,#5676,#5677,#5678,#5679,#5680,
    #5681,#5682,#5683,#5684,#5685,#5686),.UNSPECIFIED.,.F.,.F.,(7,5,5,5,
    5,5,5,5,5,5,5,5,5,5,5,5,5,5,5,5,5,5,5,5,5,5,7),(0.,5.791699539E-02,
    9.266607580579E-02,0.135762880641,0.167496795753,0.190378013266,
    0.250709327931,0.309614312012,0.332495433949,0.364229205638,
    0.407325885824,0.442074997902,0.460980451474,0.500317417862,
    0.527024449146,0.558304173122,0.593075961182,0.636201241961,
    0.667952289019,0.690842826806,0.750058851959,0.80895292345,
    0.832925625848,0.864643139596,0.907712873788,0.9424405582,1.),
  .UNSPECIFIED.);
#5555 = CARTESIAN_POINT('',(6.474680311487E-02,6.340068730375E-03));
#5556 = CARTESIAN_POINT('',(7.261650373249E-02,-7.40288352079E-02));
#5557 = CARTESIAN_POINT('',(8.888337273429E-02,-0.153635624418));
#5558 = CARTESIAN_POINT('',(0.113446889325,-0.23124902808));
#5559 = CARTESIAN_POINT('',(0.145742036555,-0.305940343035));
#5560 = CARTESIAN_POINT('',(0.185016225888,-0.376995337891));
#5561 = CARTESIAN_POINT('',(0.257592474164,-0.484036932725));
#5562 = CARTESIAN_POINT('',(0.28700871951,-0.522695253419));
#5563 = CARTESIAN_POINT('',(0.31844660619,-0.559774752357));
#5564 = CARTESIAN_POINT('',(0.351725642409,-0.59521094439));
#5565 = CARTESIAN_POINT('',(0.386672353797,-0.628964829253));
#5566 = CARTESIAN_POINT('',(0.468342912389,-0.700765668086));
#5567 = CARTESIAN_POINT('',(0.515876280753,-0.737893644521));
#5568 = CARTESIAN_POINT('',(0.565429222632,-0.772363767637));
#5569 = CARTESIAN_POINT('',(0.616726840152,-0.804172776664));
#5570 = CARTESIAN_POINT('',(0.669525816634,-0.833339451818));
#5571 = CARTESIAN_POINT('',(0.763453937165,-0.87944768311));
#5572 = CARTESIAN_POINT('',(0.80398761131,-0.897583786928));
#5573 = CARTESIAN_POINT('',(0.845138770806,-0.914314756509));
#5574 = CARTESIAN_POINT('',(0.886830687756,-0.929653719589));
#5575 = CARTESIAN_POINT('',(0.928993419023,-0.943614724047));
#5576 = CARTESIAN_POINT('',(1.002258455242,-0.965296271864));
#5577 = CARTESIAN_POINT('',(1.033164750668,-0.973670963267));
#5578 = CARTESIAN_POINT('',(1.064258843297,-0.981342208921));
#5579 = CARTESIAN_POINT('',(1.095518094056,-0.98831520644));
#5580 = CARTESIAN_POINT('',(1.126921074018,-0.994594954249));
#5581 = CARTESIAN_POINT('',(1.241576283958,-1.014929270117));
#5582 = CARTESIAN_POINT('',(1.325555682818,-1.02488456368));
#5583 = CARTESIAN_POINT('',(1.410028765259,-1.030141634211));
#5584 = CARTESIAN_POINT('',(1.494659237623,-1.03077017287));
#5585 = CARTESIAN_POINT('',(1.579131508327,-1.026820060029));
#5586 = CARTESIAN_POINT('',(1.745183245736,-1.010023132432));
#5587 = CARTESIAN_POINT('',(1.826770945733,-0.997390084557));
#5588 = CARTESIAN_POINT('',(1.907638278035,-0.980446771036));
#5589 = CARTESIAN_POINT('',(1.98748733156,-0.959203862077));
#5590 = CARTESIAN_POINT('',(2.065997793957,-0.933658148709));
#5591 = CARTESIAN_POINT('',(2.172669816783,-0.892191781823));
#5592 = CARTESIAN_POINT('',(2.20225796891,-0.879939611194));
#5593 = CARTESIAN_POINT('',(2.2315706424,-0.867035244868));
#5594 = CARTESIAN_POINT('',(2.260585845855,-0.853477936165));
#5595 = CARTESIAN_POINT('',(2.289280362069,-0.839266977754));
#5596 = CARTESIAN_POINT('',(2.356947465118,-0.803785001992));
#5597 = CARTESIAN_POINT('',(2.395600871909,-0.781910289769));
#5598 = CARTESIAN_POINT('',(2.433525106446,-0.758775132832));
#5599 = CARTESIAN_POINT('',(2.470648829433,-0.734379317908));
#5600 = CARTESIAN_POINT('',(2.506894224235,-0.708724850612));
#5601 = CARTESIAN_POINT('',(2.590093465564,-0.645271914807));
#5602 = CARTESIAN_POINT('',(2.636231426077,-0.606417100853));
#5603 = CARTESIAN_POINT('',(2.68038397354,-0.565261393467));
#5604 = CARTESIAN_POINT('',(2.722308770647,-0.52183356951));
#5605 = CARTESIAN_POINT('',(2.761736775013,-0.476190154771));
#5606 = CARTESIAN_POINT('',(2.82792747998,-0.389910320322));
#5607 = CARTESIAN_POINT('',(2.855662577414,-0.350018372906));
#5608 = CARTESIAN_POINT('',(2.881435323258,-0.308799575244));
#5609 = CARTESIAN_POINT('',(2.905083103131,-0.266325839516));
#5610 = CARTESIAN_POINT('',(2.926441362056,-0.222695440078));
#5611 = CARTESIAN_POINT('',(2.955642468369,-0.153742796141));
#5612 = CARTESIAN_POINT('',(2.965207780165,-0.129143214107));
#5613 = CARTESIAN_POINT('',(2.974023619752,-0.10426086206));
#5614 = CARTESIAN_POINT('',(2.982065963122,-7.911954112417E-02));
#5615 = CARTESIAN_POINT('',(2.989312420579,-5.374585042654E-02));
#5616 = CARTESIAN_POINT('',(3.009121155019,2.504875138778E-02));
#5617 = CARTESIAN_POINT('',(3.018967182012,7.915439870523E-02));
#5618 = CARTESIAN_POINT('',(3.025093321424,0.133865798906));
#5619 = CARTESIAN_POINT('',(3.027368247282,0.188874869348));
#5620 = CARTESIAN_POINT('',(3.025735697486,0.243846579361));
#5621 = CARTESIAN_POINT('',(3.016498792257,0.335468266591));
#5622 = CARTESIAN_POINT('',(3.010979194057,0.372340094936));
#5623 = CARTESIAN_POINT('',(3.003687772713,0.408923962021));
#5624 = CARTESIAN_POINT('',(2.994653373587,0.44511729177));
#5625 = CARTESIAN_POINT('',(2.983920987456,0.480824583956));
#5626 = CARTESIAN_POINT('',(2.957064468649,0.557105718051));
#5627 = CARTESIAN_POINT('',(2.940329627257,0.597469304511));
#5628 = CARTESIAN_POINT('',(2.921443046205,0.636906641017));
#5629 = CARTESIAN_POINT('',(2.900520809692,0.67530326858));
#5630 = CARTESIAN_POINT('',(2.87769088814,0.712567688799));
#5631 = CARTESIAN_POINT('',(2.82573169811,0.788712482082));
#5632 = CARTESIAN_POINT('',(2.796182875522,0.827310043918));
#5633 = CARTESIAN_POINT('',(2.764617764187,0.864323518715));
#5634 = CARTESIAN_POINT('',(2.731217035521,0.899689226235));
#5635 = CARTESIAN_POINT('',(2.696154149433,0.933368856013));
#5636 = CARTESIAN_POINT('',(2.614235025471,1.004996490708));
#5637 = CARTESIAN_POINT('',(2.566572159627,1.042023745621));
#5638 = CARTESIAN_POINT('',(2.516897710415,1.076389254465));
#5639 = CARTESIAN_POINT('',(2.465486166959,1.10809050075));
#5640 = CARTESIAN_POINT('',(2.412580387494,1.137146758586));
#5641 = CARTESIAN_POINT('',(2.318483279932,1.183056857051));
#5642 = CARTESIAN_POINT('',(2.277884527229,1.201106662681));
#5643 = CARTESIAN_POINT('',(2.236671901956,1.217750528883));
#5644 = CARTESIAN_POINT('',(2.1949219588,1.233001661586));
#5645 = CARTESIAN_POINT('',(2.152704491123,1.24687415044));
#5646 = CARTESIAN_POINT('',(2.079354767496,1.26840099559));
#5647 = CARTESIAN_POINT('',(2.048417058444,1.276710016674));
#5648 = CARTESIAN_POINT('',(2.017293197019,1.284315430691));
#5649 = CARTESIAN_POINT('',(1.986005774008,1.29122243213));
#5650 = CARTESIAN_POINT('',(1.954576177767,1.297436011348));
#5651 = CARTESIAN_POINT('',(1.841401067936,1.317253860501));
#5652 = CARTESIAN_POINT('',(1.758968494975,1.326937001467));
#5653 = CARTESIAN_POINT('',(1.676064013212,1.332094586387));
#5654 = CARTESIAN_POINT('',(1.593005477601,1.332792439907));
#5655 = CARTESIAN_POINT('',(1.510091460174,1.329078002397));
#5656 = CARTESIAN_POINT('',(1.345559631324,1.312926226585));
#5657 = CARTESIAN_POINT('',(1.263949825173,1.300537637871));
#5658 = CARTESIAN_POINT('',(1.183047095939,1.283839758977));
#5659 = CARTESIAN_POINT('',(1.103148653744,1.262843783104));
#5660 = CARTESIAN_POINT('',(1.024573654484,1.237546901492));
#5661 = CARTESIAN_POINT('',(0.916357740962,1.195878022167));
#5662 = CARTESIAN_POINT('',(0.885329206662,1.183108789997));
#5663 = CARTESIAN_POINT('',(0.854601361358,1.169623703668));
#5664 = CARTESIAN_POINT('',(0.824199443697,1.155421905447));
#5665 = CARTESIAN_POINT('',(0.794150166542,1.140502583114));
#5666 = CARTESIAN_POINT('',(0.725228324842,1.104175263855));
#5667 = CARTESIAN_POINT('',(0.686642049212,1.082228759214));
#5668 = CARTESIAN_POINT('',(0.648787868426,1.059023053049));
#5669 = CARTESIAN_POINT('',(0.611737252944,1.034557999494));
#5670 = CARTESIAN_POINT('',(0.575568165342,1.0088357098));
#5671 = CARTESIAN_POINT('',(0.492562184809,0.945230662223));
#5672 = CARTESIAN_POINT('',(0.446543600518,0.906293404026));
#5673 = CARTESIAN_POINT('',(0.402516541749,0.865059032766));
#5674 = CARTESIAN_POINT('',(0.360723677732,0.821556871428));
#5675 = CARTESIAN_POINT('',(0.321434288535,0.775844214934));
#5676 = CARTESIAN_POINT('',(0.255505864967,0.689450066754));
#5677 = CARTESIAN_POINT('',(0.22789208966,0.649510859677));
#5678 = CARTESIAN_POINT('',(0.202245080582,0.608249323777));
#5679 = CARTESIAN_POINT('',(0.1787273342,0.565738014841));
#5680 = CARTESIAN_POINT('',(0.157503085299,0.522075920554));
#5681 = CARTESIAN_POINT('',(0.107610615579,0.403336046288));
#5682 = CARTESIAN_POINT('',(8.320383373049E-02,0.326435292391));
#5683 = CARTESIAN_POINT('',(6.62672204268E-02,0.247363740407));
#5684 = CARTESIAN_POINT('',(5.738652860414E-02,0.16695526007));
#5685 = CARTESIAN_POINT('',(5.692548854512E-02,8.621284428053E-02));
#5686 = CARTESIAN_POINT('',(6.474680311487E-02,6.3400687304E-03));
#5687 = ( GEOMETRIC_REPRESENTATION_CONTEXT(2) 
PARAMETRIC_REPRESENTATION_CONTEXT() REPRESENTATION_CONTEXT('2D SPACE',''
  ) );
#5688 = ORIENTED_EDGE('',*,*,#4836,.T.);
#5689 = ORIENTED_EDGE('',*,*,#1785,.T.);
#5690 = ORIENTED_EDGE('',*,*,#3474,.T.);
#5691 = ORIENTED_EDGE('',*,*,#5692,.T.);
#5692 = EDGE_CURVE('',#3475,#3389,#5693,.T.);
#5693 = SURFACE_CURVE('',#5694,(#5703,#5715),.PCURVE_S1.);
#5694 = B_SPLINE_CURVE_WITH_KNOTS('',7,(#5695,#5696,#5697,#5698,#5699,
    #5700,#5701,#5702),.UNSPECIFIED.,.F.,.F.,(8,8),(0.,1.),
  .PIECEWISE_BEZIER_KNOTS.);
#5695 = CARTESIAN_POINT('',(-1.160237993867,-0.55,2.9));
#5696 = CARTESIAN_POINT('',(-1.206637037937,-0.487949267177,2.9));
#5697 = CARTESIAN_POINT('',(-1.247766514301,-0.421884541341,2.9));
#5698 = CARTESIAN_POINT('',(-1.282811178166,-0.352178369584,2.9));
#5699 = CARTESIAN_POINT('',(-1.311001041906,-0.27935107416,2.9));
#5700 = CARTESIAN_POINT('',(-1.331675617172,-0.204089436981,2.9));
#5701 = CARTESIAN_POINT('',(-1.344331354282,-0.12726432421,2.9));
#5702 = CARTESIAN_POINT('',(-1.348849536325,-5.E-02,2.9));
#5703 = PCURVE('',#2039,#5704);
#5704 = DEFINITIONAL_REPRESENTATION('',(#5705),#5714);
#5705 = B_SPLINE_CURVE_WITH_KNOTS('',7,(#5706,#5707,#5708,#5709,#5710,
    #5711,#5712,#5713),.UNSPECIFIED.,.F.,.F.,(8,8),(0.,1.),
  .PIECEWISE_BEZIER_KNOTS.);
#5706 = CARTESIAN_POINT('',(0.586507794462,0.953595529158));
#5707 = CARTESIAN_POINT('',(0.575749222574,0.954062529834));
#5708 = CARTESIAN_POINT('',(0.564772828078,0.954506508218));
#5709 = CARTESIAN_POINT('',(0.553596440077,0.954908902409));
#5710 = CARTESIAN_POINT('',(0.542243048271,0.955247786218));
#5711 = CARTESIAN_POINT('',(0.530743729641,0.955504090885));
#5712 = CARTESIAN_POINT('',(0.519142763115,0.955661876213));
#5713 = CARTESIAN_POINT('',(0.507517814822,0.955718404691));
#5714 = ( GEOMETRIC_REPRESENTATION_CONTEXT(2) 
PARAMETRIC_REPRESENTATION_CONTEXT() REPRESENTATION_CONTEXT('2D SPACE',''
  ) );
#5715 = PCURVE('',#3405,#5716);
#5716 = DEFINITIONAL_REPRESENTATION('',(#5717),#5726);
#5717 = B_SPLINE_CURVE_WITH_KNOTS('',7,(#5718,#5719,#5720,#5721,#5722,
    #5723,#5724,#5725),.UNSPECIFIED.,.F.,.F.,(8,8),(0.,1.),
  .PIECEWISE_BEZIER_KNOTS.);
#5718 = CARTESIAN_POINT('',(-0.260237993867,-0.25));
#5719 = CARTESIAN_POINT('',(-0.306637037937,-0.187949267177));
#5720 = CARTESIAN_POINT('',(-0.347766514301,-0.121884541341));
#5721 = CARTESIAN_POINT('',(-0.382811178166,-5.217836958442E-02));
#5722 = CARTESIAN_POINT('',(-0.411001041906,2.064892583976E-02));
#5723 = CARTESIAN_POINT('',(-0.431675617172,9.591056301889E-02));
#5724 = CARTESIAN_POINT('',(-0.444331354282,0.17273567579));
#5725 = CARTESIAN_POINT('',(-0.448849536325,0.25));
#5726 = ( GEOMETRIC_REPRESENTATION_CONTEXT(2) 
PARAMETRIC_REPRESENTATION_CONTEXT() REPRESENTATION_CONTEXT('2D SPACE',''
  ) );
#5727 = ORIENTED_EDGE('',*,*,#3417,.T.);
#5728 = ORIENTED_EDGE('',*,*,#2537,.T.);
#5729 = FACE_BOUND('',#5730,.F.);
#5730 = EDGE_LOOP('',(#5731));
#5731 = ORIENTED_EDGE('',*,*,#3583,.T.);
#5732 = FACE_BOUND('',#5733,.F.);
#5733 = EDGE_LOOP('',(#5734));
#5734 = ORIENTED_EDGE('',*,*,#3747,.T.);
#5735 = FACE_BOUND('',#5736,.F.);
#5736 = EDGE_LOOP('',(#5737,#5738,#5739));
#5737 = ORIENTED_EDGE('',*,*,#4518,.T.);
#5738 = ORIENTED_EDGE('',*,*,#4489,.T.);
#5739 = ORIENTED_EDGE('',*,*,#4706,.T.);
#5740 = FACE_BOUND('',#5741,.F.);
#5741 = EDGE_LOOP('',(#5742,#5743,#5744));
#5742 = ORIENTED_EDGE('',*,*,#4156,.T.);
#5743 = ORIENTED_EDGE('',*,*,#4352,.T.);
#5744 = ORIENTED_EDGE('',*,*,#4093,.T.);
#5745 = ADVANCED_FACE('',(#5746),#3568,.T.);
#5746 = FACE_BOUND('',#5747,.T.);
#5747 = EDGE_LOOP('',(#5748));
#5748 = ORIENTED_EDGE('',*,*,#3553,.T.);
#5749 = ADVANCED_FACE('',(#5750),#3405,.F.);
#5750 = FACE_BOUND('',#5751,.F.);
#5751 = EDGE_LOOP('',(#5752,#5753,#5754));
#5752 = ORIENTED_EDGE('',*,*,#3530,.T.);
#5753 = ORIENTED_EDGE('',*,*,#3388,.T.);
#5754 = ORIENTED_EDGE('',*,*,#5692,.F.);
#5755 = ADVANCED_FACE('',(#5756,#5759),#5548,.F.);
#5756 = FACE_BOUND('',#5757,.F.);
#5757 = EDGE_LOOP('',(#5758));
#5758 = ORIENTED_EDGE('',*,*,#5086,.T.);
#5759 = FACE_BOUND('',#5760,.F.);
#5760 = EDGE_LOOP('',(#5761));
#5761 = ORIENTED_EDGE('',*,*,#5762,.F.);
#5762 = EDGE_CURVE('',#5763,#5763,#5765,.T.);
#5763 = VERTEX_POINT('',#5764);
#5764 = CARTESIAN_POINT('',(0.975,0.,0.65));
#5765 = SURFACE_CURVE('',#5766,(#5771,#5778),.PCURVE_S1.);
#5766 = CIRCLE('',#5767,0.975);
#5767 = AXIS2_PLACEMENT_3D('',#5768,#5769,#5770);
#5768 = CARTESIAN_POINT('',(0.,0.,0.65));
#5769 = DIRECTION('',(0.,0.,-1.));
#5770 = DIRECTION('',(1.,0.,0.));
#5771 = PCURVE('',#5548,#5772);
#5772 = DEFINITIONAL_REPRESENTATION('',(#5773),#5777);
#5773 = CIRCLE('',#5774,0.975);
#5774 = AXIS2_PLACEMENT_2D('',#5775,#5776);
#5775 = CARTESIAN_POINT('',(1.542621918672,0.15105500996));
#5776 = DIRECTION('',(-0.99523994753,-9.745484513528E-02));
#5777 = ( GEOMETRIC_REPRESENTATION_CONTEXT(2) 
PARAMETRIC_REPRESENTATION_CONTEXT() REPRESENTATION_CONTEXT('2D SPACE',''
  ) );
#5778 = PCURVE('',#5779,#5784);
#5779 = CYLINDRICAL_SURFACE('',#5780,0.975);
#5780 = AXIS2_PLACEMENT_3D('',#5781,#5782,#5783);
#5781 = CARTESIAN_POINT('',(0.,0.,0.));
#5782 = DIRECTION('',(-0.,-0.,-1.));
#5783 = DIRECTION('',(1.,0.,0.));
#5784 = DEFINITIONAL_REPRESENTATION('',(#5785),#5789);
#5785 = LINE('',#5786,#5787);
#5786 = CARTESIAN_POINT('',(-6.28318530718,-0.65));
#5787 = VECTOR('',#5788,1.);
#5788 = DIRECTION('',(1.,-0.));
#5789 = ( GEOMETRIC_REPRESENTATION_CONTEXT(2) 
PARAMETRIC_REPRESENTATION_CONTEXT() REPRESENTATION_CONTEXT('2D SPACE',''
  ) );
#5790 = ADVANCED_FACE('',(#5791),#5779,.T.);
#5791 = FACE_BOUND('',#5792,.F.);
#5792 = EDGE_LOOP('',(#5793,#5794,#5817,#5844));
#5793 = ORIENTED_EDGE('',*,*,#5762,.T.);
#5794 = ORIENTED_EDGE('',*,*,#5795,.T.);
#5795 = EDGE_CURVE('',#5763,#5796,#5798,.T.);
#5796 = VERTEX_POINT('',#5797);
#5797 = CARTESIAN_POINT('',(0.975,0.,0.7));
#5798 = SEAM_CURVE('',#5799,(#5803,#5810),.PCURVE_S1.);
#5799 = LINE('',#5800,#5801);
#5800 = CARTESIAN_POINT('',(0.975,0.,0.));
#5801 = VECTOR('',#5802,1.);
#5802 = DIRECTION('',(0.,0.,1.));
#5803 = PCURVE('',#5779,#5804);
#5804 = DEFINITIONAL_REPRESENTATION('',(#5805),#5809);
#5805 = LINE('',#5806,#5807);
#5806 = CARTESIAN_POINT('',(-6.28318530718,0.));
#5807 = VECTOR('',#5808,1.);
#5808 = DIRECTION('',(-0.,-1.));
#5809 = ( GEOMETRIC_REPRESENTATION_CONTEXT(2) 
PARAMETRIC_REPRESENTATION_CONTEXT() REPRESENTATION_CONTEXT('2D SPACE',''
  ) );
#5810 = PCURVE('',#5779,#5811);
#5811 = DEFINITIONAL_REPRESENTATION('',(#5812),#5816);
#5812 = LINE('',#5813,#5814);
#5813 = CARTESIAN_POINT('',(-0.,0.));
#5814 = VECTOR('',#5815,1.);
#5815 = DIRECTION('',(-0.,-1.));
#5816 = ( GEOMETRIC_REPRESENTATION_CONTEXT(2) 
PARAMETRIC_REPRESENTATION_CONTEXT() REPRESENTATION_CONTEXT('2D SPACE',''
  ) );
#5817 = ORIENTED_EDGE('',*,*,#5818,.T.);
#5818 = EDGE_CURVE('',#5796,#5796,#5819,.T.);
#5819 = SURFACE_CURVE('',#5820,(#5825,#5832),.PCURVE_S1.);
#5820 = CIRCLE('',#5821,0.975);
#5821 = AXIS2_PLACEMENT_3D('',#5822,#5823,#5824);
#5822 = CARTESIAN_POINT('',(0.,0.,0.7));
#5823 = DIRECTION('',(0.,0.,1.));
#5824 = DIRECTION('',(1.,0.,0.));
#5825 = PCURVE('',#5779,#5826);
#5826 = DEFINITIONAL_REPRESENTATION('',(#5827),#5831);
#5827 = LINE('',#5828,#5829);
#5828 = CARTESIAN_POINT('',(-0.,-0.7));
#5829 = VECTOR('',#5830,1.);
#5830 = DIRECTION('',(-1.,0.));
#5831 = ( GEOMETRIC_REPRESENTATION_CONTEXT(2) 
PARAMETRIC_REPRESENTATION_CONTEXT() REPRESENTATION_CONTEXT('2D SPACE',''
  ) );
#5832 = PCURVE('',#5833,#5838);
#5833 = PLANE('',#5834);
#5834 = AXIS2_PLACEMENT_3D('',#5835,#5836,#5837);
#5835 = CARTESIAN_POINT('',(-6.57423140644E-17,4.785539778024E-17,0.7));
#5836 = DIRECTION('',(0.,0.,1.));
#5837 = DIRECTION('',(1.,0.,-0.));
#5838 = DEFINITIONAL_REPRESENTATION('',(#5839),#5843);
#5839 = CIRCLE('',#5840,0.975);
#5840 = AXIS2_PLACEMENT_2D('',#5841,#5842);
#5841 = CARTESIAN_POINT('',(6.57423140644E-17,-4.785539778024E-17));
#5842 = DIRECTION('',(1.,0.));
#5843 = ( GEOMETRIC_REPRESENTATION_CONTEXT(2) 
PARAMETRIC_REPRESENTATION_CONTEXT() REPRESENTATION_CONTEXT('2D SPACE',''
  ) );
#5844 = ORIENTED_EDGE('',*,*,#5795,.F.);
#5845 = ADVANCED_FACE('',(#5846,#5849),#5833,.T.);
#5846 = FACE_BOUND('',#5847,.T.);
#5847 = EDGE_LOOP('',(#5848));
#5848 = ORIENTED_EDGE('',*,*,#5818,.T.);
#5849 = FACE_BOUND('',#5850,.T.);
#5850 = EDGE_LOOP('',(#5851));
#5851 = ORIENTED_EDGE('',*,*,#5852,.F.);
#5852 = EDGE_CURVE('',#5853,#5853,#5855,.T.);
#5853 = VERTEX_POINT('',#5854);
#5854 = CARTESIAN_POINT('',(0.875,2.846725704167E-17,0.7));
#5855 = SURFACE_CURVE('',#5856,(#5861,#5868),.PCURVE_S1.);
#5856 = CIRCLE('',#5857,0.875);
#5857 = AXIS2_PLACEMENT_3D('',#5858,#5859,#5860);
#5858 = CARTESIAN_POINT('',(4.640162897792E-15,2.846725704167E-17,0.7));
#5859 = DIRECTION('',(0.,0.,1.));
#5860 = DIRECTION('',(1.,0.,0.));
#5861 = PCURVE('',#5833,#5862);
#5862 = DEFINITIONAL_REPRESENTATION('',(#5863),#5867);
#5863 = CIRCLE('',#5864,0.875);
#5864 = AXIS2_PLACEMENT_2D('',#5865,#5866);
#5865 = CARTESIAN_POINT('',(4.705905211857E-15,-1.938814073857E-17));
#5866 = DIRECTION('',(1.,0.));
#5867 = ( GEOMETRIC_REPRESENTATION_CONTEXT(2) 
PARAMETRIC_REPRESENTATION_CONTEXT() REPRESENTATION_CONTEXT('2D SPACE',''
  ) );
#5868 = PCURVE('',#5869,#5874);
#5869 = CYLINDRICAL_SURFACE('',#5870,0.875);
#5870 = AXIS2_PLACEMENT_3D('',#5871,#5872,#5873);
#5871 = CARTESIAN_POINT('',(4.640162897792E-15,2.846725704167E-17,0.));
#5872 = DIRECTION('',(-0.,-0.,-1.));
#5873 = DIRECTION('',(1.,0.,0.));
#5874 = DEFINITIONAL_REPRESENTATION('',(#5875),#5879);
#5875 = LINE('',#5876,#5877);
#5876 = CARTESIAN_POINT('',(-0.,-0.7));
#5877 = VECTOR('',#5878,1.);
#5878 = DIRECTION('',(-1.,0.));
#5879 = ( GEOMETRIC_REPRESENTATION_CONTEXT(2) 
PARAMETRIC_REPRESENTATION_CONTEXT() REPRESENTATION_CONTEXT('2D SPACE',''
  ) );
#5880 = ADVANCED_FACE('',(#5881),#5869,.F.);
#5881 = FACE_BOUND('',#5882,.T.);
#5882 = EDGE_LOOP('',(#5883,#5912,#5933,#5934));
#5883 = ORIENTED_EDGE('',*,*,#5884,.T.);
#5884 = EDGE_CURVE('',#5885,#5885,#5887,.T.);
#5885 = VERTEX_POINT('',#5886);
#5886 = CARTESIAN_POINT('',(0.875,2.846725704167E-17,0.65));
#5887 = SURFACE_CURVE('',#5888,(#5893,#5900),.PCURVE_S1.);
#5888 = CIRCLE('',#5889,0.875);
#5889 = AXIS2_PLACEMENT_3D('',#5890,#5891,#5892);
#5890 = CARTESIAN_POINT('',(4.640162897792E-15,2.846725704167E-17,0.65)
  );
#5891 = DIRECTION('',(0.,0.,-1.));
#5892 = DIRECTION('',(1.,0.,0.));
#5893 = PCURVE('',#5869,#5894);
#5894 = DEFINITIONAL_REPRESENTATION('',(#5895),#5899);
#5895 = LINE('',#5896,#5897);
#5896 = CARTESIAN_POINT('',(-6.28318530718,-0.65));
#5897 = VECTOR('',#5898,1.);
#5898 = DIRECTION('',(1.,-0.));
#5899 = ( GEOMETRIC_REPRESENTATION_CONTEXT(2) 
PARAMETRIC_REPRESENTATION_CONTEXT() REPRESENTATION_CONTEXT('2D SPACE',''
  ) );
#5900 = PCURVE('',#5901,#5906);
#5901 = PLANE('',#5902);
#5902 = AXIS2_PLACEMENT_3D('',#5903,#5904,#5905);
#5903 = CARTESIAN_POINT('',(1.55,-6.979794086085E-16,0.65));
#5904 = DIRECTION('',(-0.,0.,-1.));
#5905 = DIRECTION('',(-0.99523994753,-9.745484513528E-02,0.));
#5906 = DEFINITIONAL_REPRESENTATION('',(#5907),#5911);
#5907 = CIRCLE('',#5908,0.875);
#5908 = AXIS2_PLACEMENT_2D('',#5909,#5910);
#5909 = CARTESIAN_POINT('',(1.542621918672,0.15105500996));
#5910 = DIRECTION('',(-0.99523994753,-9.745484513528E-02));
#5911 = ( GEOMETRIC_REPRESENTATION_CONTEXT(2) 
PARAMETRIC_REPRESENTATION_CONTEXT() REPRESENTATION_CONTEXT('2D SPACE',''
  ) );
#5912 = ORIENTED_EDGE('',*,*,#5913,.T.);
#5913 = EDGE_CURVE('',#5885,#5853,#5914,.T.);
#5914 = SEAM_CURVE('',#5915,(#5919,#5926),.PCURVE_S1.);
#5915 = LINE('',#5916,#5917);
#5916 = CARTESIAN_POINT('',(0.875,2.846725704167E-17,0.));
#5917 = VECTOR('',#5918,1.);
#5918 = DIRECTION('',(0.,0.,1.));
#5919 = PCURVE('',#5869,#5920);
#5920 = DEFINITIONAL_REPRESENTATION('',(#5921),#5925);
#5921 = LINE('',#5922,#5923);
#5922 = CARTESIAN_POINT('',(-6.28318530718,0.));
#5923 = VECTOR('',#5924,1.);
#5924 = DIRECTION('',(-0.,-1.));
#5925 = ( GEOMETRIC_REPRESENTATION_CONTEXT(2) 
PARAMETRIC_REPRESENTATION_CONTEXT() REPRESENTATION_CONTEXT('2D SPACE',''
  ) );
#5926 = PCURVE('',#5869,#5927);
#5927 = DEFINITIONAL_REPRESENTATION('',(#5928),#5932);
#5928 = LINE('',#5929,#5930);
#5929 = CARTESIAN_POINT('',(-0.,0.));
#5930 = VECTOR('',#5931,1.);
#5931 = DIRECTION('',(-0.,-1.));
#5932 = ( GEOMETRIC_REPRESENTATION_CONTEXT(2) 
PARAMETRIC_REPRESENTATION_CONTEXT() REPRESENTATION_CONTEXT('2D SPACE',''
  ) );
#5933 = ORIENTED_EDGE('',*,*,#5852,.T.);
#5934 = ORIENTED_EDGE('',*,*,#5913,.F.);
#5935 = ADVANCED_FACE('',(#5936),#5901,.F.);
#5936 = FACE_BOUND('',#5937,.F.);
#5937 = EDGE_LOOP('',(#5938));
#5938 = ORIENTED_EDGE('',*,*,#5884,.T.);
#5939 = ( GEOMETRIC_REPRESENTATION_CONTEXT(3) 
GLOBAL_UNCERTAINTY_ASSIGNED_CONTEXT((#5943)) 
GLOBAL_UNIT_ASSIGNED_CONTEXT((#5940,#5941,#5942)) REPRESENTATION_CONTEXT
('Context #1','3D Context with UNIT and UNCERTAINTY') );
#5940 = ( LENGTH_UNIT() NAMED_UNIT(*) SI_UNIT(.MILLI.,.METRE.) );
#5941 = ( NAMED_UNIT(*) PLANE_ANGLE_UNIT() SI_UNIT($,.RADIAN.) );
#5942 = ( NAMED_UNIT(*) SI_UNIT($,.STERADIAN.) SOLID_ANGLE_UNIT() );
#5943 = UNCERTAINTY_MEASURE_WITH_UNIT(LENGTH_MEASURE(5.E-06),#5940,
  'distance_accuracy_value','confusion accuracy');
#5944 = PRODUCT_RELATED_PRODUCT_CATEGORY('part',$,(#7));
ENDSEC;
END-ISO-10303-21;
